region_id,geo_x,geo_y,area_km2,dist_from_centre_km,slope_mean_deg,slope_std_deg,slope_max_deg,pct_gt25,roughness_mean_m,roughness_std_m,elev_mean_m,lola_valid_pct,psr_fraction,dist_to_psr_km,shadow_fraction,shadow_std,dfsar_valid_pct,minirf_valid_pct,qualification_status
122,-5710.533444816057,43871.57023411372,0.186875,44.2411,5.4274,3.527,21.3257,0.0,4.3964,3.2161,-3891.8919,1.0,0.0,34.289074,1.0,0.0,0.0,1.0,QUALIFIED
123,-3357.1198224852124,43674.994575936886,1.2675,43.8033,10.5205,3.0869,25.419,0.0005,9.2171,1.8901,-3575.3405,1.0,0.0,32.77027,1.0,0.0,0.0,1.0,QUALIFIED
135,-6067.930555555555,43695.84722222222,0.225,44.1146,10.1411,3.435,19.2638,0.0,9.5475,2.7886,-3869.5239,1.0,0.0,34.088488,1.0,0.0,0.0,1.0,QUALIFIED
169,-5700.386877828052,43399.93438914027,0.138125,43.7721,6.7318,4.1838,21.816,0.0,6.6845,3.8382,-3877.4711,1.0,0.0,33.704636,1.0,0.0,0.0,1.0,QUALIFIED
270,11350.879310344826,42607.137931034486,0.18125,44.0928,6.2766,3.4999,20.6046,0.0,5.4607,2.6566,-310.3623,1.0,0.0,19.995031,0.0052,0.0575,1.0,1.0,QUALIFIED
292,11560.303237858032,42806.78891656289,0.501875,44.3399,9.1139,2.8238,21.5889,0.0,8.0967,1.8137,-343.9464,1.0,0.0,19.519381,0.0053,0.0566,1.0,1.0,QUALIFIED
362,11328.247433264893,41699.883983572894,0.304375,43.2109,5.4505,2.8561,16.6329,0.0,4.8213,2.8376,-300.8342,1.0,0.0,19.591532,0.0137,0.0912,1.0,1.0,QUALIFIED
412,11792.945692883892,41404.058052434455,0.166875,43.0504,8.7266,4.5458,24.9687,0.0,7.5058,3.0358,-367.7997,1.0,0.0,19.196696,0.5696,0.4704,1.0,1.0,QUALIFIED
450,9250.436987584922,41776.37842586086,2.668125,42.7879,10.0405,4.1331,24.6503,0.0,8.6154,3.208,-526.4165,1.0,0.0,20.517569,0.0165,0.11,1.0,1.0,QUALIFIED
459,5629.567567567567,41009.862934362936,0.32375,41.394,7.423,3.7945,21.0181,0.0,6.8146,3.4591,-1127.5012,1.0,0.0,24.667413,0.4536,0.4426,1.0,1.0,QUALIFIED
500,8656.826007326003,40971.56227106227,0.170625,41.8757,4.6931,3.1575,14.8796,0.0,4.06,2.0445,-432.7842,1.0,0.0,21.804945,0.0116,0.0752,1.0,1.0,QUALIFIED
501,12474.704081632648,40727.642857142855,0.153125,42.595,10.0486,4.3273,23.5136,0.0,8.734,2.7203,-253.6049,1.0,0.0,18.211603,0.0193,0.1092,1.0,1.0,QUALIFIED
505,12700.244680851063,40631.45744680851,0.146875,42.5698,7.5872,3.2537,16.1904,0.0,6.7737,2.1992,-282.3867,1.0,0.0,18.044823,0.3011,0.4033,1.0,1.0,QUALIFIED
532,5979.779503105587,40603.13975155279,0.100625,41.0407,6.8725,3.3336,16.7385,0.0,6.7638,2.9474,-1116.405,1.0,0.0,24.394479,0.2825,0.3944,1.0,1.0,QUALIFIED
544,8764.9052443385,40507.085220500594,0.524375,41.4441,8.5305,4.2724,19.7924,0.0,7.5022,3.6913,-455.9466,1.0,0.0,21.501352,0.0105,0.0823,1.0,1.0,QUALIFIED
590,4466.57317073171,40136.06910569106,0.15375,40.3834,8.0543,4.3664,23.9752,0.0,7.4779,3.3839,-1330.7852,1.0,0.0,25.690319,1.0,0.0,1.0,1.0,QUALIFIED
598,9244.947976878611,40008.77312138728,0.4325,41.0626,6.2027,2.3109,17.2345,0.0,5.0695,1.5273,-450.9375,1.0,0.0,20.893734,0.292,0.4093,1.0,1.0,QUALIFIED
615,-15815.18253968254,40044.01851851852,0.118125,43.0533,5.9416,2.7239,18.6436,0.0,5.6119,1.911,-956.6779,1.0,0.0,34.059599,0.2849,0.37,0.0,1.0,QUALIFIED
627,9882.648734177215,39950.1835443038,0.1975,41.154,4.2011,2.0269,10.5004,0.0,3.7116,1.1865,-462.0295,1.0,0.0,20.415879,0.2277,0.373,1.0,1.0,QUALIFIED
646,10320.21428571429,39678.78571428571,0.21875,40.9986,6.5128,3.2297,17.7623,0.0,5.5252,2.3007,-455.0002,1.0,0.0,19.915839,0.1435,0.3148,1.0,1.0,QUALIFIED
687,9944.022968197882,39443.78621908128,0.176875,40.6776,5.3263,3.0861,17.9039,0.0,4.8378,2.4913,-465.2122,1.0,0.0,20.233543,0.3768,0.4386,1.0,1.0,QUALIFIED
699,8819.950680272108,39399.05442176871,0.3675,40.3738,7.7274,4.5206,21.6938,0.0,6.4339,2.9477,-436.0203,1.0,0.0,21.18549,0.0578,0.1996,1.0,1.0,QUALIFIED
701,14212.1893939394,39186.295454545456,0.0825,41.6837,8.196,3.2427,18.98,0.0,7.9439,2.4334,125.3576,1.0,0.0,16.218836,0.0124,0.0942,1.0,1.0,QUALIFIED
703,12271.229651162786,39013.79941860465,0.215,40.8978,10.6016,3.6396,21.0857,0.0,9.5801,2.8124,-15.3451,1.0,0.0,17.892037,0.0315,0.1534,0.813953,1.0,QUALIFIED
715,9409.156153050671,39060.76370217167,1.20875,40.1777,8.2002,4.1034,28.7172,0.0026,6.7347,2.7217,-438.6342,1.0,0.0,20.155644,0.107,0.2853,1.0,1.0,QUALIFIED
749,13372.71428571429,38733.23809523809,0.42,40.9764,6.336,4.5016,22.9052,0.0,5.3946,3.7138,116.0439,1.0,0.0,16.364462,0.0363,0.1483,1.0,1.0,QUALIFIED
759,-3865.272727272728,38748.606060606064,0.0825,38.9404,3.7245,1.5531,9.4846,0.0,3.5836,1.1171,-2197.8891,1.0,0.0,28.960156,0.1955,0.3416,0.0,1.0,QUALIFIED
766,-19382.98299319728,38874.64965986395,0.091875,43.4382,7.7229,4.0602,21.251,0.0,7.2059,2.393,-1773.0318,1.0,0.0,30.759145,1.0,0.0,1.0,1.0,QUALIFIED
773,-20351.198324022345,38631.64525139665,0.111875,43.6637,8.5134,4.6268,20.4774,0.0,8.066,3.6998,-1810.2863,1.0,0.0,29.875785,1.0,0.0,1.0,1.0,QUALIFIED
804,13632.895522388062,38475.96641791045,0.1675,40.8195,5.4189,3.0478,15.238,0.0,3.8922,1.6865,123.8049,1.0,0.0,16.437856,0.193,0.3402,1.0,1.0,QUALIFIED
860,13075.457854406137,37975.595785440615,0.163125,40.1633,8.3828,3.9519,19.0289,0.0,6.9532,2.7137,79.2562,1.0,0.0,16.74164,0.2792,0.3981,0.827586,1.0,QUALIFIED
885,10219.03125,37972.375,0.08,39.323,9.3004,3.1462,16.4887,0.0,7.7202,1.4258,-280.4891,1.0,0.0,19.706614,0.0103,0.0647,1.0,1.0,QUALIFIED
886,10748.209677419356,37789.34408602151,0.58125,39.2878,8.3474,4.0858,27.6607,0.0032,6.8689,2.4265,-260.4191,1.0,0.0,18.984615,0.0154,0.1041,0.069892,1.0,QUALIFIED
902,-19308.46296296296,37788.09259259259,0.16875,42.4347,6.8499,4.0584,21.7667,0.0,5.864,3.6745,-1797.0701,1.0,0.0,29.972414,1.0,0.0,0.985185,1.0,QUALIFIED
910,-18970.7743902439,37647.45121951219,0.1025,42.1564,8.7085,3.7042,18.6185,0.0,7.0374,2.0301,-1813.0668,1.0,0.0,30.182052,1.0,0.0,0.097561,1.0,QUALIFIED
914,11557.485151933704,37346.76208563536,1.81,39.0939,10.6846,4.2472,27.3891,0.0014,9.135,2.8847,-138.3762,1.0,0.0,17.317116,0.0044,0.0542,0.0,1.0,QUALIFIED
926,14755.316326530614,37654.37755102041,0.153125,40.4419,8.1953,3.7695,21.2391,0.0,8.3905,3.1279,-52.206,1.0,0.0,14.959048,0.3146,0.4217,1.0,1.0,QUALIFIED
969,10127.78719723184,37610.79411764706,0.180625,38.9502,6.2226,3.5463,18.508,0.0,5.3675,1.9457,-239.5037,1.0,0.0,19.682876,0.0728,0.2106,0.238754,1.0,QUALIFIED
977,7089.787769784176,37642.40647482014,0.17375,38.3039,7.3275,2.8885,14.4624,0.0,6.6947,1.9201,-630.9158,1.0,0.0,22.723295,0.0475,0.1649,1.0,1.0,QUALIFIED
1047,2464.205882352937,37093.049019607846,0.159375,37.1743,4.3027,2.421,11.7223,0.0,3.8279,2.1245,-403.1106,1.0,0.0,25.475589,0.0905,0.256,1.0,1.0,QUALIFIED
1057,-17650.86525974026,36985.280844155845,0.385,40.9806,7.3916,4.1723,21.4083,0.0,6.7486,3.95,-1505.4709,1.0,0.0,30.549601,0.1048,0.2545,0.0,1.0,QUALIFIED
1076,9476.166666666664,36742.74489795919,0.459375,37.9447,9.8352,4.5429,24.0188,0.0,8.5543,3.1107,-53.2227,1.0,0.0,19.927431,0.0054,0.0501,0.029932,1.0,QUALIFIED
1118,-21065.102272727272,36748.85227272727,0.275,42.3575,6.9991,3.843,22.4769,0.0,6.296,3.8811,-2348.3554,1.0,0.0,27.93253,1.0,0.0,1.0,1.0,QUALIFIED
1124,11146.511494252874,36711.41954022989,0.271875,38.366,8.1227,3.7757,21.684,0.0,6.8475,2.4568,-128.5315,1.0,0.0,18.450694,0.054,0.2033,0.0,1.0,QUALIFIED
1125,-20715.90404040404,36815.52525252525,0.12375,42.243,6.6069,3.5152,17.7773,0.0,6.756,3.3217,-2333.3895,1.0,0.0,28.314142,1.0,0.0,1.0,1.0,QUALIFIED
1131,15024.232620320858,36586.46256684492,0.23375,39.5509,8.1017,4.2654,21.8649,0.0,7.951,3.9861,-30.3201,1.0,0.0,14.698235,0.0354,0.1368,1.0,1.0,QUALIFIED
1133,-24768.31045751633,36139.797385620914,0.3825,43.812,8.5658,3.943,22.36,0.0,7.7627,3.0807,-1312.8916,1.0,0.0,24.847057,0.0263,0.1276,1.0,1.0,QUALIFIED
1159,12855.984375,36758.703125,0.2,38.9417,7.9836,4.3258,27.5229,0.0031,6.7757,2.4579,32.064,1.0,0.0,16.836307,0.0301,0.1361,0.0,1.0,QUALIFIED
1179,-23363.774336283182,36129.99852507375,0.42375,43.0254,9.9041,3.5594,18.7642,0.0,8.7619,2.8647,-1463.19,1.0,0.0,25.689456,0.2949,0.4437,1.0,1.0,QUALIFIED
1191,12543.071428571437,36321.80952380953,0.13125,38.4263,4.4819,1.9974,9.3548,0.0,3.5978,1.173,52.9354,1.0,0.0,17.117243,0.181,0.3362,0.0,1.0,QUALIFIED
1203,12867.320512820515,36054.08974358974,0.24375,38.2811,5.8618,3.5253,22.4174,0.0,4.2468,1.4746,33.6702,1.0,0.0,16.692532,0.3066,0.3843,0.0,1.0,QUALIFIED
1204,14652.22108843537,36151.35034013605,0.091875,39.0075,10.3306,4.5106,20.1632,0.0,9.7822,3.8232,-33.9812,1.0,0.0,15.042315,0.0582,0.1953,1.0,1.0,QUALIFIED
1218,10035.257575757576,36381.66477272727,1.65,37.74,10.1135,4.7109,27.6972,0.0019,8.7696,3.6583,-62.1295,1.0,0.0,19.169393,0.0295,0.1356,0.005303,1.0,QUALIFIED
1237,-23272.77011494253,35843.45977011494,0.10875,42.7354,9.7723,2.0867,15.7082,0.0,8.4659,1.0165,-1421.951,1.0,0.0,25.865095,0.0,0.0,1.0,1.0,QUALIFIED
1252,11244.515197568384,36293.828267477205,1.028125,37.9955,11.3303,4.707,27.5789,0.0134,9.6169,3.6739,-60.9915,1.0,0.0,17.768652,0.0405,0.1741,0.0,1.0,QUALIFIED
1262,12048.825726141084,35716.63070539419,0.90375,37.6939,9.8409,4.3452,25.7732,0.0007,8.449,3.3684,-8.6165,1.0,0.0,17.018813,0.0475,0.1788,0.0,1.0,QUALIFIED
1292,12682.788043478264,35516.158967391304,0.46,37.7124,9.3529,3.1188,19.7252,0.0,7.8659,2.1064,-0.3001,1.0,0.0,16.734564,0.2167,0.3386,0.0,1.0,QUALIFIED
1313,1609.5374064837888,35333.85411471322,2.005,35.37,9.9117,4.713,28.3187,0.0044,8.4983,3.6265,-605.5783,1.0,0.0,22.91356,0.523,0.4779,1.0,1.0,QUALIFIED
1320,7320.94351464435,35816.08577405858,0.149375,36.5563,9.4385,3.5627,20.3671,0.0,8.808,3.229,-594.7406,1.0,0.0,22.312903,0.9446,0.2059,0.983264,1.0,QUALIFIED
1337,-16054.987179487176,35378.86538461538,0.0975,38.8507,9.5628,4.9089,24.3157,0.0,8.6618,3.3396,-975.9956,1.0,0.0,30.96605,0.1423,0.303,0.0,1.0,QUALIFIED
1345,11106.691780821917,35432.520547945205,0.09125,37.1322,9.0936,4.0011,18.8215,0.0,7.422,1.9228,-73.8655,1.0,0.0,18.532674,0.5879,0.4222,0.0,1.0,QUALIFIED
1482,14924.106299212595,34786.32677165354,0.079375,37.8523,6.1251,3.0902,16.074,0.0,6.5273,2.5965,-218.6674,1.0,0.0,14.681898,0.2866,0.3888,1.0,1.0,QUALIFIED
1484,-23660.04457364341,34618.47480620155,0.3225,41.9306,7.8066,3.7356,18.9041,0.0,6.776,2.9425,-1389.4171,1.0,0.0,24.396824,0.3268,0.4153,1.0,1.0,QUALIFIED
1532,312.2536231884078,34582.60144927536,0.215625,34.5835,5.0418,2.1992,15.4384,0.0,4.6375,1.7112,-623.9014,1.0,0.0,23.387724,0.0878,0.2265,1.0,1.0,QUALIFIED
1569,-15974.436170212768,34237.73404255319,0.088125,37.7803,6.406,3.1069,17.455,0.0,5.6439,2.0251,-1034.7163,1.0,0.0,30.40849,0.5262,0.4062,0.0,1.0,QUALIFIED
1622,-22267.55426356589,33852.63178294574,0.080625,40.519,12.9704,4.7559,22.8223,0.0,9.3005,1.4603,-1330.9197,1.0,0.0,25.266641,0.142,0.3097,0.635659,1.0,QUALIFIED
1625,-27404.162109375,33888.0,0.32,43.5812,5.0229,2.5333,15.5985,0.0,4.119,1.798,-1261.6539,1.0,0.0,21.34596,0.2021,0.3581,1.0,1.0,QUALIFIED
1632,-127.574898785424,34056.47165991903,0.92625,34.0562,8.743,4.3898,29.0287,0.0054,7.3209,3.1401,-597.7079,1.0,0.0,22.776701,0.0672,0.2197,1.0,1.0,QUALIFIED
1660,-29031.84796238245,33910.923197492164,0.199375,44.6401,6.2364,4.8964,24.0016,0.0,4.4942,2.7126,-1308.83,1.0,0.0,20.537101,0.1263,0.2991,1.0,1.0,QUALIFIED
1688,-28000.70718232044,33717.35082872928,0.22625,43.8274,4.8644,2.3091,12.9758,0.0,3.9292,1.2305,-1266.4264,1.0,0.0,21.034629,0.2006,0.3559,1.0,1.0,QUALIFIED
1695,-27392.924242424244,33199.76470588235,0.70125,43.0411,9.6925,3.8606,26.3363,0.0027,8.1631,2.379,-1211.3407,1.0,0.0,20.758688,0.0207,0.1182,1.0,1.0,QUALIFIED
1708,-858.327788649709,33506.126223091975,0.319375,33.5166,7.0943,3.7164,23.2115,0.0,6.0061,2.7168,-522.905,1.0,0.0,22.796888,0.0512,0.1876,1.0,1.0,QUALIFIED
1723,-24977.714022140222,33268.950184501846,0.169375,41.6011,6.3924,3.0154,18.1419,0.0,4.8275,1.2317,-1169.5007,1.0,0.0,22.805537,0.3824,0.4373,1.0,1.0,QUALIFIED
1742,-21143.113887660325,33110.37394957983,1.413125,39.2845,7.501,3.7628,28.6115,0.0027,6.0898,2.0438,-1220.8308,1.0,0.0,24.692762,0.0362,0.1596,0.0,1.0,QUALIFIED
1750,-22216.84615384616,33564.92307692308,0.14625,40.2509,10.1921,3.6787,20.8798,0.0,8.3814,1.5002,-1291.3304,1.0,0.0,25.025912,0.0855,0.2429,0.123932,1.0,QUALIFIED
1757,-22852.73953261928,32882.19425511198,0.641875,40.0429,9.3756,4.5497,23.5373,0.0,7.4687,2.812,-1200.8258,1.0,0.0,23.837274,0.1214,0.2709,0.359299,1.0,QUALIFIED
1771,-24559.33233532934,33166.21856287425,0.104375,41.2686,5.561,3.2565,14.1112,0.0,4.1364,1.5341,-1176.1868,1.0,0.0,23.006045,0.1794,0.3212,1.0,1.0,QUALIFIED
1772,-23811.229991204928,33443.68381706245,0.710625,41.0536,9.7097,4.4393,23.5946,0.0,7.6868,2.5465,-1190.5251,1.0,0.0,23.372045,0.1398,0.3012,1.0,1.0,QUALIFIED
1777,-28585.117400419287,33396.96226415094,0.59625,43.9591,7.7144,4.3188,25.4894,0.001,6.2136,2.7529,-1311.5736,1.0,0.0,20.128167,0.2013,0.3544,1.0,1.0,QUALIFIED
1779,-26884.04271356784,33162.30904522613,0.124375,42.6899,7.0013,3.2007,16.2905,0.0,6.1866,2.5744,-1177.3258,1.0,0.0,21.44356,0.1528,0.3074,1.0,1.0,QUALIFIED
1780,-22416.801546391755,33335.35824742268,0.2425,40.1709,8.1669,4.4276,23.961,0.0,6.0995,2.1566,-1260.2223,1.0,0.0,24.673531,0.1645,0.3217,0.275773,1.0,QUALIFIED
1790,-297.42488262910774,33060.312206572766,0.665625,33.0611,9.9798,4.8162,25.8807,0.0019,8.1366,3.3705,-542.6155,1.0,0.0,21.741234,0.4266,0.4701,1.0,1.0,QUALIFIED
1814,-17848.9375,32989.5625,0.08,37.5079,6.1327,3.0138,15.056,0.0,5.3505,2.0172,-1193.995,1.0,0.0,28.114242,0.9541,0.1628,0.0,1.0,QUALIFIED
1826,-18057.605263157893,33095.36842105263,0.11875,37.7005,9.17,3.5005,19.8816,0.0,7.9114,2.0751,-1159.9436,1.0,0.0,27.937933,0.6082,0.4406,0.0,1.0,QUALIFIED
1847,-25896.42776203966,33361.968029138,3.08875,42.2325,8.4677,3.7069,23.6679,0.0,7.0769,2.5941,-1198.1245,1.0,0.0,21.354625,0.2587,0.4061,1.0,1.0,QUALIFIED
1861,731.770916334659,33000.71912350597,1.56875,33.0083,11.3155,4.8883,25.8185,0.0008,9.876,3.8845,-545.1706,1.0,0.0,21.361472,0.0721,0.227,1.0,1.0,QUALIFIED
1901,-29580.919847328245,33013.6679389313,0.409375,44.3269,5.8452,4.4281,26.6163,0.0031,4.9073,2.3538,-1373.5559,1.0,0.0,19.280252,0.7638,0.3606,1.0,1.0,QUALIFIED
1938,-19164.136363636364,32543.539772727272,0.11,37.7663,5.3589,2.9307,13.5432,0.0,4.5115,1.3976,-997.5216,1.0,0.0,26.815539,0.1359,0.2963,0.0,1.0,QUALIFIED
1979,-25588.57339449541,32393.733944954125,0.13625,41.2804,9.7144,3.8667,19.3758,0.0,7.1259,1.6067,-1221.9338,1.0,0.0,21.692582,0.8369,0.3353,1.0,1.0,QUALIFIED
1995,-27183.69672131148,32395.66393442623,0.190625,42.2892,9.2073,3.7252,18.9693,0.0,7.0207,1.7318,-1119.3697,1.0,0.0,20.56315,0.0746,0.2321,1.0,1.0,QUALIFIED
2004,-21535.94776119403,32172.88805970149,0.08375,38.7148,8.4315,3.0949,17.2858,0.0,7.846,2.285,-1145.8248,1.0,0.0,24.707008,0.0179,0.1018,0.0,1.0,QUALIFIED
2006,4101.5833333333285,32381.8286163522,0.3975,32.6401,7.6326,4.0056,20.2407,0.0,6.8106,3.2705,-1264.6079,1.0,0.0,20.415588,1.0,0.0,0.339623,1.0,QUALIFIED
2015,-27927.60389610389,32449.00649350649,1.203125,42.8115,8.6952,3.5924,28.0655,0.0026,7.4008,2.3994,-1218.6738,1.0,0.0,19.614296,0.0352,0.1536,1.0,1.0,QUALIFIED
2046,-26088.47619047619,32024.904761904763,0.13125,41.3055,9.406,4.7661,21.1352,0.0,8.4215,3.222,-1174.2004,1.0,0.0,21.107878,0.8065,0.3397,1.0,1.0,QUALIFIED
2138,-3302.4867549668925,31640.235099337748,0.094375,31.8116,7.7436,3.4535,15.5721,0.0,7.3715,2.6595,-657.524,1.0,0.0,22.131115,0.5494,0.4705,1.0,1.0,QUALIFIED
2227,-26623.80013736264,31968.528846153844,0.91,41.6023,8.5921,4.1299,22.2239,0.0,7.2343,2.9161,-1136.1802,1.0,0.0,20.09958,0.5792,0.4648,1.0,1.0,QUALIFIED
2253,1146.4945355191303,31479.7349726776,0.114375,31.5001,5.8228,3.1747,16.9112,0.0,5.1305,2.3482,-873.5451,1.0,0.0,20.402206,0.984,0.1018,1.0,1.0,QUALIFIED
2262,8846.75433526012,31351.65606936416,0.108125,32.5756,10.1557,3.5544,17.5363,0.0,9.3523,2.5126,-2002.6173,1.0,0.0,19.329673,1.0,0.0,0.0,1.0,QUALIFIED
2271,1426.3115942028962,31365.17391304348,0.08625,31.3971,4.4242,2.3732,14.5647,0.0,3.6656,1.3213,-881.4223,1.0,0.0,20.134004,0.998,0.0238,1.0,1.0,QUALIFIED
2298,-25591.40909090909,31093.897129186604,0.653125,40.2703,10.9836,4.5445,27.6721,0.001,9.0287,2.8812,-1328.837,1.0,0.0,20.648017,0.994,0.0626,1.0,1.0,QUALIFIED
2324,-19795.564205457464,31229.35232744784,0.389375,36.9741,8.0219,4.2081,23.0647,0.0,6.7504,2.5943,-926.8099,1.0,0.0,25.257128,0.1172,0.3022,0.0,1.0,QUALIFIED
2378,1058.8243243243269,31019.37387387388,0.346875,31.037,5.6665,3.5416,18.8775,0.0,4.6721,2.6993,-868.4288,1.0,0.0,19.757166,0.864,0.3118,0.886486,1.0,QUALIFIED
2380,8878.996402877703,30726.57913669065,0.086875,31.9834,4.6122,2.0688,12.1011,0.0,3.8638,1.0918,-2076.663,1.0,0.0,18.677828,1.0,0.0,0.0,1.0,QUALIFIED
2381,10444.196969696975,30853.330940988835,0.391875,32.5728,8.6117,4.5086,26.3853,0.0032,6.6057,3.1574,-2027.7992,1.0,0.0,18.565156,1.0,0.0,0.0,1.0,QUALIFIED
2382,11164.820665083142,30616.71140142518,0.52625,32.5886,7.3687,3.9588,24.5034,0.0,6.2479,2.7437,-2043.1352,1.0,0.0,18.203108,1.0,0.0,0.0,1.0,QUALIFIED
2408,8434.541716328968,31014.95172824792,0.524375,32.141,9.7236,3.1791,23.0963,0.0,8.6925,2.2485,-2020.8572,1.0,0.0,18.731024,1.0,0.0,0.0,1.0,QUALIFIED
2421,-27929.85393258427,30481.960674157304,0.11125,41.3421,8.2918,4.6426,20.4872,0.0,7.4909,3.9261,-1062.2283,1.0,0.0,18.632264,0.7092,0.4251,1.0,1.0,QUALIFIED
2429,1621.6631205673766,30771.776595744683,0.088125,30.814,7.8792,4.6701,25.2012,0.0071,7.4997,3.0353,-950.4255,1.0,0.0,19.539591,0.9898,0.0535,0.0,1.0,QUALIFIED
2438,683.9276094276065,30549.95286195286,0.37125,30.5571,8.135,3.2942,26.449,0.0034,6.9017,2.0077,-820.5672,1.0,0.0,19.424871,0.5273,0.4425,0.464646,1.0,QUALIFIED
2470,-27490.96976241901,31210.624190064795,1.1575,41.5908,8.8025,4.1535,25.9814,0.0005,7.248,2.7001,-1109.2121,1.0,0.0,18.64995,0.2083,0.3754,1.0,1.0,QUALIFIED
2528,9591.39453125,30445.32421875,0.16,31.9201,6.171,3.1506,15.9481,0.0,5.1283,2.1029,-2061.1452,1.0,0.0,18.350272,1.0,0.0,0.0,1.0,QUALIFIED
2529,11505.588560885612,30346.164206642068,0.169375,32.4538,6.7443,3.4717,21.0973,0.0,5.822,2.5892,-2059.805,1.0,0.0,18.3228,1.0,0.0,0.0,1.0,QUALIFIED
2532,-12229.379310344826,30235.15517241379,0.18125,32.6141,6.5035,2.8245,14.0391,0.0,6.1085,2.5686,-2747.4676,1.0,0.0,26.36239,0.5862,0.468,1.0,1.0,QUALIFIED
2557,9102.3801843318,30044.62442396313,0.135625,31.3929,5.8999,4.0193,18.1943,0.0,4.6589,1.5982,-2084.9224,1.0,0.0,17.925,1.0,0.0,0.0,1.0,QUALIFIED
2595,8447.57692307693,29936.35164835165,0.11375,31.1051,8.7427,4.4704,23.1336,0.0,6.8855,2.1924,-2101.6547,1.0,0.0,17.891793,1.0,0.0,0.0,1.0,QUALIFIED
2606,15560.550724637673,29909.557971014496,0.08625,33.715,6.9454,3.1201,16.317,0.0,7.0276,2.7619,-1051.4104,1.0,0.0,14.606933,0.1687,0.3321,0.0,1.0,QUALIFIED
2607,15792.319148936163,30096.909574468085,0.1175,33.9883,6.8225,3.3541,15.2282,0.0,5.2868,2.1061,-1036.6668,1.0,0.0,14.295301,0.1079,0.2542,0.0,1.0,QUALIFIED
2644,-2536.850574712648,30036.56321839081,0.10875,30.143,8.0399,3.6514,19.4025,0.0,7.4533,2.4774,-1192.0885,1.0,0.0,20.476587,0.2674,0.3778,1.0,1.0,QUALIFIED
2672,8832.936213991772,29749.779835390946,0.151875,31.033,6.7197,4.3541,18.4553,0.0,4.9013,1.8818,-2094.9671,1.0,0.0,17.658567,1.0,0.0,0.0,1.0,QUALIFIED
2686,9524.246835443031,30016.19620253165,0.246875,31.4907,8.3764,4.286,25.7687,0.0025,6.3201,1.9333,-2084.4564,1.0,0.0,17.827121,1.0,0.0,0.0,1.0,QUALIFIED
2721,12632.800970873788,29515.20873786408,0.321875,32.1048,7.3963,3.3063,23.3455,0.0,6.2588,1.7663,-2078.5836,1.0,0.0,17.352593,1.0,0.0,0.0,1.0,QUALIFIED
2774,12074.357954545449,29606.25284090909,0.22,31.9735,6.5498,4.3335,23.4493,0.0,5.2724,3.5131,-2093.1851,1.0,0.0,17.577151,1.0,0.0,0.0,1.0,QUALIFIED
2786,7523.693548387098,29407.274193548383,0.096875,30.3541,5.9714,2.7412,17.4207,0.0,5.1142,1.7017,-2157.4857,1.0,0.0,17.350018,1.0,0.0,0.0,1.0,QUALIFIED
2793,9793.422018348618,29472.174311926603,0.2725,31.0564,8.6491,4.1982,25.597,0.0023,7.2633,2.7378,-2083.6433,1.0,0.0,17.314156,1.0,0.0,0.0,1.0,QUALIFIED
2804,9000.39820359282,29477.071856287424,0.20875,30.8202,5.1317,2.7439,16.3138,0.0,3.8111,1.3903,-2100.6264,1.0,0.0,17.30652,1.0,0.0,0.0,1.0,QUALIFIED
2848,12186.369747899167,29163.52521008403,0.14875,31.607,5.7248,4.7904,25.4925,0.0042,5.9701,4.7997,-2095.4777,1.0,0.0,17.25355,1.0,0.0,0.0,1.0,QUALIFIED
2853,491.4851380042455,29186.646496815287,0.294375,29.1903,8.0215,3.6186,19.3238,0.0,6.947,2.5617,-576.6419,1.0,0.0,18.112375,0.0327,0.1343,0.0,1.0,QUALIFIED
2924,9090.93081761006,29116.616352201258,0.19875,30.5025,6.9359,3.1795,16.5242,0.0,5.6521,1.6044,-2111.0336,1.0,0.0,16.90416,1.0,0.0,0.0,1.0,QUALIFIED
2946,7103.210644677667,29115.45502248876,0.416875,29.969,7.5834,4.8741,23.1383,0.0,6.0224,3.0782,-2176.0519,1.0,0.0,16.786639,1.0,0.0,0.0,1.0,QUALIFIED
2954,6245.367052023117,28405.58670520231,0.540625,29.0837,9.4627,4.7957,27.7527,0.0035,8.2087,4.0735,-2148.3484,1.0,0.0,15.83345,1.0,0.0,0.0,1.0,QUALIFIED
2971,13339.606951871654,28577.23796791444,0.116875,31.5371,4.9348,2.5047,15.4791,0.0,4.1789,1.7469,-2130.2338,1.0,0.0,16.706679,1.0,0.0,0.0,1.0,QUALIFIED
2986,8101.732142857145,28754.183035714286,0.14,29.8734,7.3473,4.0089,19.096,0.0,5.8578,2.0712,-2154.2193,1.0,0.0,16.611762,1.0,0.0,0.0,1.0,QUALIFIED
3025,291.82456140350405,28856.530701754386,0.1425,28.8575,9.406,3.6931,18.6253,0.0,8.1962,2.5063,-586.686,1.0,0.0,18.026404,0.1218,0.2851,0.0,1.0,QUALIFIED
3026,11088.179245283012,28732.84501347709,0.231875,30.7978,7.5674,4.7861,29.2695,0.0108,6.5744,3.3893,-2132.9185,1.0,0.0,16.575773,1.0,0.0,0.0,1.0,QUALIFIED
3039,8525.016224188788,28616.797935103245,0.211875,29.8593,6.1812,3.9173,19.8578,0.0,5.1775,2.9457,-2133.0041,1.0,0.0,16.490944,1.0,0.0,0.0,1.0,QUALIFIED
3040,9822.20179372198,28594.89461883408,0.27875,30.2345,8.4584,4.9445,29.6176,0.0202,6.3529,1.9959,-2116.3162,1.0,0.0,16.283466,1.0,0.0,0.0,1.0,QUALIFIED
3055,-14138.49342105263,28250.171052631576,0.285,31.59,10.2771,2.8436,21.1586,0.0,9.5657,2.4036,-3359.6049,1.0,0.0,26.436362,1.0,0.0,0.0,1.0,QUALIFIED
3091,11795.416666666664,28423.666666666664,0.1875,30.7737,6.4894,3.2301,21.0973,0.0,5.4184,1.7307,-2126.718,1.0,0.0,16.452735,1.0,0.0,0.0,1.0,QUALIFIED
3107,16756.09722222222,28248.069444444445,0.09,32.8437,5.8646,2.6795,11.7852,0.0,5.4105,2.1401,-575.4472,1.0,0.0,13.674109,0.0931,0.2634,0.0,1.0,QUALIFIED
3120,6482.9770114942585,28319.034482758623,0.10875,29.0512,5.9492,4.4234,22.2886,0.0,4.2163,1.9261,-2187.4699,1.0,0.0,16.301265,1.0,0.0,0.0,1.0,QUALIFIED
3127,18685.49766627772,28073.25379229872,0.535625,33.7231,10.1814,4.9123,24.8054,0.0,9.2012,4.181,-990.2941,1.0,0.0,11.343858,0.2107,0.3838,1.0,1.0,QUALIFIED
3132,-456.2098765432093,28298.802469135804,0.10125,28.302,7.059,4.0211,19.2891,0.0,6.1408,3.0166,-495.3477,1.0,0.0,17.928835,0.1356,0.276,0.0,1.0,QUALIFIED
3137,-10932.122516556294,28011.59271523179,0.094375,30.0686,6.0966,2.0836,14.4555,0.0,5.7764,1.0019,-3431.9626,1.0,0.0,24.073455,1.0,0.0,1.0,1.0,QUALIFIED
3151,-24466.313648293963,28059.88320209974,0.238125,37.2277,9.1074,4.4649,22.2584,0.0,7.2966,2.5416,-1320.8933,1.0,0.0,19.802856,0.8505,0.3277,0.0,1.0,QUALIFIED
3175,10495.65625,27905.125,0.5,29.8134,5.5114,3.5904,21.7158,0.0,3.5521,1.3293,-2141.2659,1.0,0.0,15.648023,1.0,0.0,0.0,1.0,QUALIFIED
3184,13366.166666666664,27911.67647058824,0.159375,30.9468,5.6799,3.2615,18.62,0.0,5.4253,3.0643,-2128.1793,1.0,0.0,15.987984,1.0,0.0,0.0,1.0,QUALIFIED
3202,8640.249730312833,27898.47734627832,0.579375,29.2055,6.8323,4.1577,22.723,0.0,5.0764,2.5661,-2129.9257,1.0,0.0,15.636516,1.0,0.0,0.0,1.0,QUALIFIED
3215,-9963.123762376244,28070.219471947195,0.189375,29.7853,7.486,3.3757,25.1192,0.0033,6.6427,2.1854,-3437.8261,1.0,0.0,23.289711,1.0,0.0,1.0,1.0,QUALIFIED
3224,11608.8253968254,27725.103174603173,0.07875,30.0571,5.6161,4.0313,20.1839,0.0,5.2778,1.9185,-2129.5927,1.0,0.0,15.8,1.0,0.0,0.0,1.0,QUALIFIED
3229,-25868.5,27691.115384615383,0.203125,37.8936,5.742,2.6136,15.6051,0.0,4.9174,1.6116,-1124.6731,1.0,0.0,18.492313,0.6956,0.4173,0.08,1.0,QUALIFIED
3239,-26219.634615384617,27812.03846153846,0.1625,38.222,11.5002,4.3225,22.9164,0.0,9.8102,3.1569,-1153.9526,1.0,0.0,18.370033,0.4948,0.4563,0.807692,1.0,QUALIFIED
3248,12002.597587719298,27611.190789473683,0.57,30.1069,7.3865,4.3686,24.0292,0.0,5.0587,1.8564,-2151.1568,1.0,0.0,15.302471,1.0,0.0,0.0,1.0,QUALIFIED
3249,-28635.07602339181,28054.59356725146,0.4275,40.087,10.3821,4.6083,23.1979,0.0,8.8371,3.2211,-1673.4861,1.0,0.0,16.422641,1.0,0.0,1.0,1.0,QUALIFIED
3253,-9103.608108108108,27711.986486486487,0.23125,29.1684,6.9695,2.9422,20.3008,0.0,5.9835,1.804,-3497.0121,1.0,0.0,22.293567,1.0,0.0,1.0,1.0,QUALIFIED
3276,11337.0,27634.42857142857,0.09625,29.8693,8.1509,4.7378,24.7244,0.0,5.4281,1.4842,-2146.4717,1.0,0.0,15.641611,1.0,0.0,0.0,1.0,QUALIFIED
3291,9295.312807881768,27517.371921182264,0.126875,29.0446,6.3664,4.1299,21.5543,0.0,4.7547,1.5282,-2109.7425,1.0,0.0,15.450506,1.0,0.0,0.0,1.0,QUALIFIED
3335,-12884.277239709443,27515.754237288136,0.258125,30.3822,6.6695,2.8471,15.1034,0.0,5.9369,1.9396,-3562.7774,1.0,0.0,25.072956,1.0,0.0,0.520581,1.0,QUALIFIED
3361,-25954.02422907489,27304.79515418502,0.141875,37.6711,11.4812,3.7023,20.8059,0.0,9.8911,2.179,-1169.8129,1.0,0.0,18.225892,1.0,0.0,0.0,1.0,QUALIFIED
3364,-9349.852750809065,27280.23300970874,0.38625,28.8374,4.9083,2.4281,16.4138,0.0,3.9662,1.4218,-3532.0964,1.0,0.0,22.26383,1.0,0.0,1.0,1.0,QUALIFIED
3389,10628.968599033818,27274.69484702093,0.388125,29.2723,5.4777,3.5564,20.0166,0.0,4.0728,2.1338,-2134.8811,1.0,0.0,14.969239,1.0,0.0,0.0,1.0,QUALIFIED
3426,-26777.6472392638,26861.54294478528,0.101875,37.928,10.9859,2.8983,18.6645,0.0,9.944,1.1435,-1291.2562,1.0,0.0,17.357743,1.0,0.0,0.791411,1.0,QUALIFIED
3434,16578.419491525427,27103.254237288136,0.1475,31.7714,9.432,3.9506,18.6437,0.0,8.4107,3.1827,-654.1227,1.0,0.0,13.962203,0.0276,0.1372,0.0,1.0,QUALIFIED
3456,-10909.323529411762,26864.32352941176,0.10625,28.9943,7.1935,3.1417,19.6112,0.0,6.1634,1.4164,-3536.6181,1.0,0.0,23.232319,1.0,0.0,1.0,1.0,QUALIFIED
3474,-12221.522727272728,26878.340909090908,0.1375,29.5258,4.3009,1.9628,10.7423,0.0,3.9393,1.3921,-3615.1669,1.0,0.0,24.277665,1.0,0.0,1.0,1.0,QUALIFIED
3500,-13661.619846261356,26248.61320754717,1.78875,29.5904,11.3815,3.6767,22.93,0.0,9.7666,2.7697,-3585.9366,1.0,0.0,24.28787,1.0,0.0,0.0,1.0,QUALIFIED
3509,11874.982315112538,26930.805466237944,0.38875,29.4324,6.3068,3.6464,20.8938,0.0,4.7394,2.1583,-2151.3833,1.0,0.0,14.776713,1.0,0.0,0.0,1.0,QUALIFIED
3519,-28846.60849056604,26773.73113207547,0.1325,39.3561,5.1688,2.9544,22.0389,0.0,3.8256,1.622,-1730.2809,1.0,0.0,15.574539,1.0,0.0,1.0,1.0,QUALIFIED
3520,-9734.6642228739,26820.66129032258,0.42625,28.532,5.2865,4.3992,29.7657,0.0015,4.0346,2.3426,-3526.4591,1.0,0.0,22.119251,1.0,0.0,1.0,1.0,QUALIFIED
3546,9664.142857142862,26673.80357142857,0.175,28.3702,5.8736,3.0308,16.2071,0.0,4.7402,1.5824,-2118.8739,1.0,0.0,14.479231,1.0,0.0,0.0,1.0,QUALIFIED
3598,10089.597856477165,26879.623951537746,0.670625,28.7106,4.8554,3.3593,29.8413,0.0037,3.3689,1.3987,-2132.4718,1.0,0.0,14.26061,1.0,0.0,0.0,1.0,QUALIFIED
3599,10674.106299212595,26572.80971128609,0.238125,28.6363,5.5218,4.3059,22.4544,0.0,4.1299,2.6078,-2134.0912,1.0,0.0,14.405945,1.0,0.0,0.0,1.0,QUALIFIED
3628,22657.42349726775,26584.78961748633,0.114375,34.93,8.7338,3.8839,17.3236,0.0,8.5206,3.5367,-2510.7224,1.0,0.0,8.162414,0.3185,0.44,1.0,1.0,QUALIFIED
3637,10314.32371794872,25992.08653846154,0.39,27.9635,6.9018,3.2733,20.6535,0.0,5.3277,1.83,-2130.9125,1.0,0.0,13.684777,1.0,0.0,0.0,0.998397,QUALIFIED
3655,-11534.230158730155,26199.139455782315,0.275625,28.6251,8.0891,2.7277,17.7915,0.0,6.8776,1.5553,-3646.2912,1.0,0.0,23.246465,1.0,0.0,1.0,1.0,QUALIFIED
3673,-35490.13730569948,26261.834196891192,0.24125,44.1494,8.86,4.9773,23.2065,0.0,7.6405,4.002,960.603,1.0,0.0,10.462313,0.2869,0.4167,1.0,1.0,QUALIFIED
3715,9943.17283950618,25957.5987654321,0.10125,27.7965,4.061,2.5724,13.7422,0.0,3.2936,1.1367,-2142.9797,1.0,0.0,13.83912,1.0,0.0,0.0,1.0,QUALIFIED
3721,9649.90849673203,26118.22875816993,0.19125,27.8436,6.6332,2.6768,17.0029,0.0,5.4951,1.2102,-2128.9373,1.0,0.0,13.854422,1.0,0.0,0.0,0.986928,QUALIFIED
3750,11165.94591611479,26050.08609271523,0.56625,28.342,7.1973,4.0637,22.2212,0.0,5.8617,3.1693,-2122.8593,1.0,0.0,13.758566,1.0,0.0,0.0,1.0,QUALIFIED
3807,-12811.580586080585,25693.54029304029,0.170625,28.7099,5.4456,3.2713,18.0147,0.0,4.4349,2.2818,-3696.7505,1.0,0.0,23.938424,1.0,0.0,0.0,1.0,QUALIFIED
3897,2305.959330143545,25514.25598086125,0.130625,25.6178,10.872,4.3128,26.4493,0.0096,8.8522,2.2691,-1661.147,1.0,0.0,14.299869,1.0,0.0,0.0,1.0,QUALIFIED
3898,3149.150837988825,25595.82122905028,0.22375,25.7884,5.2571,2.7954,16.1272,0.0,4.1734,1.6868,-1636.7048,1.0,0.0,13.977147,1.0,0.0,0.0,0.600559,QUALIFIED
3928,-12644.947608200457,25076.78132118451,0.54875,28.0838,5.0726,2.9602,20.8959,0.0,4.1263,1.6167,-3691.8483,1.0,0.0,23.137983,1.0,0.0,0.158314,1.0,QUALIFIED
3932,2594.115384615383,25364.73076923077,0.08125,25.4966,6.9361,3.6267,17.2105,0.0,6.8638,2.8216,-1626.1219,1.0,0.0,14.1039,1.0,0.0,0.0,1.0,QUALIFIED
3934,17862.066844919784,25171.08823529412,0.23375,30.8647,10.2729,3.8516,18.1309,0.0,9.0563,3.2408,-945.0195,1.0,0.0,12.968664,0.7358,0.4261,0.0,1.0,QUALIFIED
3953,-11211.678168459724,24998.92561007609,2.381875,27.3973,10.1532,4.692,28.5675,0.0042,8.7202,3.566,-3571.5447,1.0,0.0,21.156042,1.0,0.0,0.784833,1.0,QUALIFIED
3982,-12966.240740740735,25367.35185185185,0.084375,28.4884,3.9035,2.4317,10.8798,0.0,3.1794,1.0048,-3704.9147,1.0,0.0,24.060445,1.0,0.0,0.0,1.0,QUALIFIED
4017,-27960.27859778598,25286.33948339484,0.33875,37.6978,7.5305,3.9195,19.4517,0.0,6.3904,2.9381,-1399.7413,1.0,0.0,15.295914,0.8833,0.2878,0.898524,1.0,QUALIFIED
4056,-11895.623966942148,24693.64049586777,0.378125,27.4089,8.6636,3.827,21.4119,0.0,7.5837,2.9901,-3657.2775,1.0,0.0,22.368561,1.0,0.0,0.824793,1.0,QUALIFIED
4071,-12890.54424778761,24629.349557522124,0.353125,27.7981,9.9458,2.8066,18.849,0.0,8.4336,1.5981,-3648.4423,1.0,0.0,23.051301,1.0,0.0,0.39469,1.0,QUALIFIED
4074,2046.6774193548408,25141.89784946237,0.11625,25.2246,7.0084,3.2326,17.1258,0.0,6.7354,2.9084,-1635.1189,1.0,0.0,14.074201,1.0,0.0,0.0,1.0,QUALIFIED
4134,-9239.360369609858,24892.132443531827,0.304375,26.5509,8.1126,4.5324,25.2751,0.0021,6.7658,2.8013,-3254.5094,1.0,0.0,20.595418,1.0,0.0,1.0,1.0,QUALIFIED
4164,-12730.39864864865,24697.29054054054,0.0925,27.7846,7.019,2.6736,14.3287,0.0,6.3942,1.4063,-3659.7268,1.0,0.0,23.473416,1.0,0.0,0.013514,1.0,QUALIFIED
4174,-6571.971774193546,24725.09677419355,1.085,25.583,7.5106,3.5608,22.7759,0.0,6.5609,2.8089,-3009.7982,1.0,0.0,18.227606,1.0,0.0,1.0,1.0,QUALIFIED
4227,17869.60309278351,24326.917525773195,0.12125,30.1847,10.6555,3.0006,20.276,0.0,9.9704,2.4367,-1118.5295,1.0,0.0,13.20949,1.0,0.0,0.0,1.0,QUALIFIED
4232,3306.542910447766,24689.212686567163,0.335,24.9092,8.3253,3.55,19.638,0.0,6.6064,1.9501,-1623.1492,1.0,0.0,12.93602,1.0,0.0,0.0,0.233209,QUALIFIED
4300,-12836.623110151188,24182.46544276458,0.289375,27.3776,7.3529,3.0573,19.9446,0.0,6.5267,2.7267,-3594.4883,1.0,0.0,22.933055,1.0,0.0,0.794816,1.0,QUALIFIED
4359,26302.378787878784,23945.80303030303,0.103125,35.5699,9.9957,4.7905,21.9615,0.0,9.9648,4.0052,-3312.617,1.0,0.0,4.957381,0.0211,0.1194,1.0,1.0,QUALIFIED
4379,-11396.189655172411,24068.603448275862,0.090625,26.6296,5.6857,3.5217,15.859,0.0,5.0124,1.725,-3561.4441,1.0,0.0,22.050128,1.0,0.0,1.0,1.0,QUALIFIED
4387,-8168.253623188408,24150.13768115942,0.129375,25.4935,6.5539,3.5642,19.9108,0.0,5.6152,1.912,-3057.9714,1.0,0.0,19.428346,0.9888,0.0791,1.0,1.0,QUALIFIED
4459,-11856.682795698922,23527.47132616488,0.871875,26.3455,7.6932,3.3034,25.3537,0.0007,6.6254,2.5493,-3580.6469,1.0,0.0,21.837425,1.0,0.0,1.0,1.0,QUALIFIED
4490,-12208.294457274824,23932.45727482679,0.54125,26.8658,7.0426,4.3187,28.5614,0.0035,5.5008,2.1756,-3621.2717,1.0,0.0,22.218517,1.0,0.0,1.0,1.0,QUALIFIED
4587,-17593.6592039801,23424.50497512438,0.125625,29.2951,9.3204,4.7262,19.3715,0.0,8.2258,4.1962,-2481.0,1.0,0.0,24.172104,0.9425,0.2117,0.0,1.0,QUALIFIED
4593,-10392.52786377709,23517.760061919504,0.201875,25.711,10.2089,4.0582,21.2677,0.0,9.0848,3.2733,-3397.9599,1.0,0.0,20.808307,1.0,0.0,1.0,1.0,QUALIFIED
4603,-10751.81578947368,23454.11842105264,0.095,25.8004,10.4565,3.6717,21.9321,0.0,9.0861,1.6154,-3449.1747,1.0,0.0,21.086859,1.0,0.0,1.0,1.0,QUALIFIED
4657,-22413.756606990624,22953.16410912191,0.733125,32.0808,7.5604,3.4507,25.2419,0.0009,6.073,2.1608,-2806.61,1.0,0.0,19.036971,1.0,0.0,0.0,1.0,QUALIFIED
4701,-36593.97826086957,22982.565217391304,0.08625,43.2118,6.2145,2.4738,11.4643,0.0,5.8594,1.985,257.4574,1.0,0.0,7.384824,0.9997,0.0034,1.0,1.0,QUALIFIED
4751,-18777.76781857452,22905.73758099352,0.57875,29.6182,9.8906,3.5397,26.2962,0.0054,8.7487,2.585,-2595.3281,1.0,0.0,22.733194,1.0,0.0,0.0,1.0,QUALIFIED
4798,-20340.04571927781,22622.13657542225,1.073125,30.421,9.8215,4.2963,24.2517,0.0,8.3822,3.1182,-2808.5065,1.0,0.0,20.628151,1.0,0.0,0.0,1.0,QUALIFIED
4803,-17580.84759358289,22908.38770053476,0.116875,28.8763,8.0749,3.3142,15.2589,0.0,6.7531,2.1358,-2487.4535,1.0,0.0,24.035924,0.6233,0.4469,0.0,1.0,QUALIFIED
4807,-18035.659362549803,22822.61155378486,0.156875,29.0881,6.4664,2.6829,16.0247,0.0,5.7232,1.6899,-2498.415,1.0,0.0,23.483239,1.0,0.0,0.0,1.0,QUALIFIED
4821,-23876.07488207547,22956.853183962263,1.06,33.1216,9.9401,3.7653,25.3187,0.0006,8.5223,2.7967,-2714.9495,1.0,0.0,17.527264,1.0,0.0,0.0,1.0,QUALIFIED
4823,-11115.18609865471,22752.293721973096,0.139375,25.3215,9.2647,3.5746,17.8464,0.0,8.696,3.514,-3589.5742,1.0,0.0,21.043883,1.0,0.0,1.0,1.0,QUALIFIED
4828,-17156.356643356645,22895.255244755244,0.3575,28.6093,10.6087,4.4214,25.0501,0.0017,8.898,3.3119,-2550.5048,1.0,0.0,24.344879,0.3799,0.441,0.111888,1.0,QUALIFIED
4909,18324.5,22468.21186440678,0.184375,28.9932,4.4009,2.4057,18.7238,0.0,3.5985,1.3527,-1428.744,1.0,0.0,11.877394,1.0,0.0,0.0,1.0,QUALIFIED
4921,-12300.08904109589,22725.70547945205,0.45625,25.8402,11.1425,4.3054,27.9204,0.0137,9.7493,3.7688,-3536.9157,1.0,0.0,21.715461,1.0,0.0,1.0,1.0,QUALIFIED
4989,-23554.255364806868,22015.09227467811,0.145625,32.2401,6.114,2.8534,18.3441,0.0,4.7774,1.3342,-2779.8688,1.0,0.0,18.062426,1.0,0.0,0.0,1.0,QUALIFIED
5041,5795.998599439779,21954.70168067227,0.223125,22.7065,10.4285,4.6298,23.5361,0.0,8.9584,2.9888,-1049.9295,1.0,0.0,9.941737,0.5616,0.4458,1.0,0.0,QUALIFIED
5042,18434.468354430384,21836.101265822785,0.79,28.5769,8.4076,3.8421,24.2933,0.0,6.8835,2.3189,-1477.9455,1.0,0.0,10.831955,0.9796,0.1277,0.0,1.0,QUALIFIED
5046,-22957.8,22071.5,0.15625,31.846,4.4372,2.3767,12.3533,0.0,3.578,1.3328,-2813.9862,1.0,0.0,18.578078,1.0,0.0,0.0,1.0,QUALIFIED
5057,-21347.75609756097,21898.823170731703,0.205,30.5817,5.825,4.378,29.4163,0.0061,4.9822,3.4247,-2906.8707,1.0,0.0,20.088632,1.0,0.0,0.0,1.0,QUALIFIED
5066,-3201.5775862068986,21721.54885057472,0.435,21.9557,9.9283,4.4455,24.2033,0.0,8.8082,3.1775,-1931.7608,1.0,0.0,13.859293,1.0,0.0,1.0,1.0,QUALIFIED
5077,-21962.84265734266,22040.045454545456,0.446875,31.1141,6.9084,4.3411,25.6896,0.0028,5.2207,2.1973,-2881.2349,1.0,0.0,19.234247,1.0,0.0,0.0,1.0,QUALIFIED
5078,7506.664031620552,21991.70553359684,0.31625,23.2373,9.1,4.1425,23.0357,0.0,7.6896,2.4294,-877.3634,1.0,0.0,9.875791,0.2729,0.3828,0.369565,0.0,QUALIFIED
5099,21103.811091854423,21769.217504332755,0.72125,30.3194,8.7098,4.1064,23.3542,0.0,7.1639,2.7527,-1497.4021,1.0,0.0,10.119412,0.1205,0.2818,0.891681,1.0,QUALIFIED
5118,17799.724820143885,21605.22122302158,0.3475,27.9931,9.125,3.2423,17.8217,0.0,7.9077,2.468,-1498.9736,1.0,0.0,10.680385,0.9939,0.0618,0.0,1.0,QUALIFIED
5119,20384.439070830165,21578.222772277222,0.820625,29.6841,10.0468,4.2206,25.1477,0.0008,8.5777,3.063,-1427.9639,1.0,0.0,10.755958,0.5534,0.4794,0.065499,1.0,QUALIFIED
5133,8758.893553859205,21789.81297709924,0.736875,23.4841,11.0466,4.7533,27.0294,0.0059,9.4473,3.244,-997.6749,1.0,0.0,9.454761,0.1967,0.3687,0.268872,0.0,QUALIFIED
5142,-22528.74427480916,21603.49890948745,0.573125,31.2124,6.1561,2.679,17.2566,0.0,5.0453,1.2263,-2857.9415,1.0,0.0,18.670917,1.0,0.0,0.0,1.0,QUALIFIED
5143,-16380.682926829268,21536.323170731703,0.1025,27.0574,5.8783,2.5744,14.4655,0.0,4.8694,0.9474,-2514.9966,1.0,0.0,24.960982,0.6924,0.4266,1.0,1.0,QUALIFIED
5146,18922.86488812392,21461.730636833046,0.363125,28.6126,10.9428,4.2785,27.0912,0.0052,8.7318,2.9648,-1541.2122,1.0,0.0,10.832272,1.0,0.0,0.0,1.0,QUALIFIED
5147,21772.958149779734,21757.603524229075,0.28375,30.7808,7.5643,3.8053,25.5864,0.0022,6.1094,2.38,-1557.4021,1.0,0.0,9.572682,0.0582,0.2015,1.0,1.0,QUALIFIED
5167,19216.73684210526,21521.157894736843,0.11875,28.8521,6.9887,4.2836,22.6512,0.0,5.2806,2.5205,-1541.241,1.0,0.0,11.225445,1.0,0.0,0.0,1.0,QUALIFIED
5184,-19993.914634146346,21410.378048780487,0.128125,29.2937,6.2892,3.3262,21.0471,0.0,4.8497,1.5657,-2916.1229,1.0,0.0,21.270123,1.0,0.0,0.0,1.0,QUALIFIED
5185,-15725.59677419355,21453.6935483871,0.484375,26.5992,10.3968,3.9598,22.6009,0.0,9.0991,3.2306,-2508.5006,1.0,0.0,24.124275,0.3158,0.4467,1.0,1.0,QUALIFIED
5189,16867.44871794872,21092.05982905983,1.02375,27.0071,11.5034,3.5056,25.6994,0.0012,9.9044,2.1851,-1694.3438,1.0,0.0,9.547153,1.0,0.0,0.0,1.0,QUALIFIED
5205,-23391.27075098814,21628.583003952568,0.790625,31.8575,6.2674,3.2125,23.1607,0.0,5.1573,2.2093,-2795.9095,1.0,0.0,17.613099,1.0,0.0,0.0,0.968379,QUALIFIED
5217,-3296.6376404494367,21197.2345505618,0.445,21.4515,10.2574,2.5992,17.5308,0.0,9.0916,1.5967,-2012.8907,1.0,0.0,13.546794,1.0,0.0,1.0,0.630618,QUALIFIED
5271,22106.16915052161,21343.756333830104,0.419375,30.7285,5.1836,3.3748,18.3711,0.0,3.9189,2.0258,-1551.0961,1.0,0.0,9.231062,0.2241,0.3452,1.0,1.0,QUALIFIED
5280,22623.90119760479,21272.80538922156,0.104375,31.0544,3.5993,1.9296,9.3934,0.0,3.2006,1.3879,-1526.7495,1.0,0.0,9.041087,0.1643,0.3104,1.0,1.0,QUALIFIED
5286,-21190.272727272728,21049.93181818182,0.1925,29.8678,5.2059,3.7979,25.2552,0.0032,4.8581,3.9515,-2925.4584,1.0,0.0,20.109948,1.0,0.0,0.0,0.724026,QUALIFIED
5290,18193.21859296482,21088.94221105528,0.124375,27.852,6.4326,3.0969,17.1144,0.0,5.317,1.5166,-1523.6147,1.0,0.0,10.475716,1.0,0.0,0.0,1.0,QUALIFIED
5311,22409.71341463414,21065.59146341464,0.1025,30.7564,4.4709,2.1851,11.1392,0.0,3.5596,1.0574,-1533.6663,1.0,0.0,9.194734,0.2863,0.3653,1.0,1.0,QUALIFIED
5320,19289.13934850052,20504.26163391934,2.4175,28.1513,10.2292,4.1164,27.991,0.0008,8.6824,3.0308,-1575.277,1.0,0.0,9.489633,0.9506,0.2004,0.0,1.0,QUALIFIED
5328,21268.03896103897,20975.11038961039,0.48125,29.8711,8.865,3.2337,21.86,0.0,7.4272,1.6722,-1537.2095,1.0,0.0,10.03771,0.2936,0.4241,0.77013,1.0,QUALIFIED
5349,19439.577989601392,20866.09792027729,0.360625,28.5182,4.4607,2.2474,13.5499,0.0,3.5774,0.9691,-1552.752,1.0,0.0,10.574882,1.0,0.0,0.0,1.0,QUALIFIED
5354,-20297.74264705882,20870.26102941177,0.17,29.1123,5.1605,2.0662,10.5782,0.0,3.9652,0.9872,-2940.4057,1.0,0.0,20.793343,1.0,0.0,0.0,0.349265,QUALIFIED
5360,-20696.41974752029,21485.39630297565,0.693125,29.8316,5.6203,3.4635,19.2976,0.0,4.3675,2.1847,-2908.939,1.0,0.0,20.443168,1.0,0.0,0.0,0.950406,QUALIFIED
5363,3264.830882352944,20643.110294117647,0.425,20.8993,9.9444,3.8407,21.0985,0.0,7.7641,2.0227,-1054.9876,1.0,0.0,9.081472,0.4329,0.4443,1.0,0.0,QUALIFIED
5365,4592.956196581195,21275.206196581195,0.585,21.7649,8.0731,3.4332,24.5047,0.0,6.4421,2.1573,-1129.4815,1.0,0.0,9.156009,0.3054,0.4035,1.0,0.0,QUALIFIED
5396,-2174.4549839228275,20500.5,0.194375,20.6149,7.0308,4.9458,23.2508,0.0,5.3441,2.9136,-2178.5788,1.0,0.0,12.437971,1.0,0.0,1.0,0.0,QUALIFIED
5401,-19208.394736842103,20968.30427631579,0.38,28.4358,7.2528,3.2309,16.8274,0.0,6.3589,2.317,-2885.9432,1.0,0.0,21.862139,1.0,0.0,0.439145,0.580592,QUALIFIED
5404,19872.979729729726,21017.72972972973,0.0925,28.9254,8.7351,3.5188,19.0497,0.0,7.3917,2.5218,-1523.8381,1.0,0.0,10.937464,1.0,0.0,0.0,1.0,QUALIFIED
5431,-1576.4408602150506,20617.525089605737,0.34875,20.6772,5.81,2.1256,15.139,0.0,4.9387,1.8007,-2148.6613,1.0,0.0,11.900867,1.0,0.0,1.0,0.0,QUALIFIED
5478,20768.01145038168,20370.53816793893,0.081875,29.0907,6.2846,2.8526,16.1483,0.0,5.2667,1.4094,-1559.9963,1.0,0.0,10.836541,0.5511,0.4412,0.0,1.0,QUALIFIED
5509,15085.95104895105,20561.776223776225,0.17875,25.5023,5.904,3.5724,18.4141,0.0,4.9621,2.9038,-1877.1825,1.0,0.0,9.078064,1.0,0.0,0.0,1.0,QUALIFIED
5519,-19669.15883306321,20137.75688816856,1.5425,28.149,6.2591,3.4709,28.0931,0.0012,5.2649,2.7459,-2935.6748,1.0,0.0,20.895125,1.0,0.0,0.825365,0.0,QUALIFIED
5540,-14544.991525423728,20083.17419962336,0.331875,24.7963,5.2636,3.406,19.3275,0.0,4.5519,2.4063,-2412.4025,1.0,0.0,22.796847,0.638,0.4523,1.0,0.0,QUALIFIED
5550,-22206.959380234504,20591.276800670017,1.4925,30.2838,8.8252,3.302,23.0978,0.0,7.6272,2.292,-2845.4797,1.0,0.0,18.335757,1.0,0.0,0.0,0.141122,QUALIFIED
5555,-5058.434131736525,20173.70359281437,0.104375,20.7976,6.8956,2.6727,13.3635,0.0,5.5608,1.4253,-2142.4513,1.0,0.0,14.526226,0.9916,0.0676,1.0,0.0,QUALIFIED
5556,-2617.458256599137,20810.091774094537,1.018125,20.9735,9.393,4.6125,21.7511,0.0,8.1601,3.916,-2118.2074,1.0,0.0,12.52248,0.9999,0.0051,1.0,0.341314,QUALIFIED
5580,-1741.537735849059,20252.85849056604,0.231875,20.3271,2.9935,1.8883,12.0006,0.0,2.5569,1.5047,-2162.7684,1.0,0.0,11.882761,1.0,0.0,1.0,0.0,QUALIFIED
5594,-2142.6409214092128,19974.82249322493,0.230625,20.0889,7.1144,4.8973,26.2099,0.0027,5.0447,2.2377,-2183.9119,1.0,0.0,11.93786,0.9851,0.1121,1.0,0.0,QUALIFIED
5605,-523.4534005037785,20012.370277078087,0.49625,20.0187,6.3083,3.1846,20.7908,0.0,5.464,2.4095,-2151.2391,1.0,0.0,10.721066,0.9514,0.1996,1.0,0.0,QUALIFIED
5640,-18508.46338672769,20414.82494279176,1.365625,27.5552,10.3658,4.4643,25.6876,0.0005,8.9264,3.6341,-2821.5949,1.0,0.0,22.36898,1.0,0.0,0.835698,0.246224,QUALIFIED
5641,-14213.797872340429,20057.23758865248,0.17625,24.5823,5.2292,2.6162,13.842,0.0,4.0035,1.3578,-2405.1301,1.0,0.0,22.566748,0.6013,0.4632,1.0,0.0,QUALIFIED
5654,3520.663069544368,19793.185851318947,0.260625,20.1035,10.232,4.163,22.4544,0.0,8.3862,2.9038,-1065.5498,1.0,0.0,8.272621,0.2229,0.3869,1.0,0.0,QUALIFIED
5677,-1514.457816377173,19794.2965260546,0.251875,19.8516,5.1805,3.4088,17.8048,0.0,4.097,2.1299,-2176.5572,1.0,0.0,11.352588,0.9952,0.0483,1.0,0.0,QUALIFIED
5694,-3995.0564516129016,19932.75806451613,0.2325,20.3286,5.5988,2.1864,18.758,0.0,4.9525,1.5158,-2181.1838,1.0,0.0,13.455947,0.6258,0.416,1.0,0.0,QUALIFIED
5718,-6391.072033898301,19407.77905569008,1.0325,20.4324,8.4465,3.8917,24.6178,0.0,7.3117,3.2363,-2179.776,1.0,0.0,14.919136,0.1528,0.326,1.0,0.0,QUALIFIED
5728,-16778.491107518188,19559.857316087306,0.773125,25.7695,8.0555,3.3158,28.1745,0.0049,6.6198,1.6713,-2665.5046,1.0,0.0,23.752816,0.9502,0.191,1.0,0.0,QUALIFIED
5748,-1766.505291005291,19540.447089947087,0.118125,19.6196,4.7123,3.8632,18.3251,0.0,3.9927,3.6677,-2180.9621,1.0,0.0,11.493504,0.9185,0.2401,1.0,0.0,QUALIFIED
5751,16467.125,19577.78125,0.5,25.5823,7.0618,3.6135,19.9622,0.0,5.5104,2.5941,-1943.5422,1.0,0.0,8.279568,1.0,0.0,0.00375,1.0,QUALIFIED
5779,-18782.589552238805,19773.11194029851,0.209375,27.2713,6.7943,4.4583,18.5299,0.0,5.4613,2.2018,-2865.8002,1.0,0.0,22.178833,1.0,0.0,1.0,0.0,QUALIFIED
5781,-7939.101174586227,19034.53630539242,1.170625,20.6232,7.2069,3.6516,22.2698,0.0,6.0694,2.7597,-2218.5466,1.0,0.0,15.991404,0.4336,0.4573,1.0,0.0,QUALIFIED
5792,-15354.53225806452,19819.13110008271,0.755625,25.0704,10.0391,3.3244,25.7734,0.0008,8.5567,2.1924,-2502.4333,1.0,0.0,23.129864,1.0,0.0,1.0,0.0,QUALIFIED
5793,-5046.785714285717,19766.0,0.21875,20.3995,3.9508,2.1261,13.6512,0.0,3.1995,1.197,-2142.0194,1.0,0.0,14.166554,0.8915,0.2512,1.0,0.0,QUALIFIED
5803,14811.9765478424,19253.267354596625,0.333125,24.2915,6.2962,3.6212,21.1286,0.0,5.0038,1.9678,-1914.1641,1.0,0.0,7.646282,1.0,0.0,0.966229,1.0,QUALIFIED
5807,-4707.573813708266,19803.663444639715,0.355625,20.3549,6.414,3.6422,18.0458,0.0,5.4262,2.9237,-2163.5599,1.0,0.0,13.864906,0.7532,0.3917,1.0,0.0,QUALIFIED
5816,19772.791571753987,19503.689066059225,0.274375,27.7733,10.3941,3.0492,21.6039,0.0,9.0348,1.6263,-1744.8002,1.0,0.0,9.465893,0.9977,0.0477,0.0,1.0,QUALIFIED
5821,-14305.837078651684,19512.9531835206,0.166875,24.1946,9.0452,4.0697,18.5878,0.0,7.8345,2.3832,-2449.4244,1.0,0.0,22.407881,1.0,0.0,1.0,0.0,QUALIFIED
5832,-5295.5,19181.214285714286,0.415625,19.8982,5.1901,3.1199,16.92,0.0,4.0794,1.8658,-2130.2384,1.0,0.0,14.052958,0.434,0.453,1.0,0.0,QUALIFIED
5840,-5823.202205882357,19585.610294117647,0.17,20.4323,4.518,2.279,11.7318,0.0,3.735,1.4509,-2127.0978,1.0,0.0,14.835431,0.2356,0.3629,1.0,0.0,QUALIFIED
5841,-2685.4662162162203,19231.581081081084,0.0925,19.4176,3.3617,1.3706,7.0685,0.0,2.9338,0.5512,-2184.3657,1.0,0.0,12.150231,0.9924,0.0741,1.0,0.0,QUALIFIED
5847,-7442.676870748299,19216.1462585034,0.091875,20.6065,3.8669,2.2427,11.8419,0.0,2.9691,0.7504,-2187.8871,1.0,0.0,16.134222,0.6694,0.399,1.0,0.0,QUALIFIED
5853,23284.321428571435,18962.295112781954,0.3325,30.0289,10.5409,4.005,23.0515,0.0,8.951,3.0817,-1873.4292,1.0,0.0,8.736132,1.0,0.0,1.0,1.0,QUALIFIED
5859,-18714.42617449665,19401.674496644297,0.093125,26.9558,3.7059,1.9088,9.9962,0.0,3.3987,0.8954,-2847.2703,1.0,0.0,22.324006,1.0,0.0,1.0,0.0,QUALIFIED
5882,-15214.10824742268,19371.37628865979,0.303125,24.631,5.9902,2.1855,17.0732,0.0,5.0945,1.1145,-2513.1517,1.0,0.0,23.18751,1.0,0.0,1.0,0.0,QUALIFIED
5897,20075.093824228024,19040.860253365005,0.789375,27.6688,8.9399,4.0281,19.874,0.0,7.4659,3.2573,-1797.2841,1.0,0.0,9.015681,0.9841,0.1044,0.0,1.0,QUALIFIED
5911,-14720.41869918699,19214.863143631435,0.230625,24.2047,4.6403,2.1451,11.8682,0.0,3.9264,1.2601,-2492.7989,1.0,0.0,22.792227,1.0,0.0,1.0,0.0,QUALIFIED
5936,19098.7125984252,19361.32677165354,0.238125,27.196,8.9948,4.7025,27.2593,0.0079,8.0636,3.2137,-1753.9616,1.0,0.0,9.082401,0.9824,0.109,0.0,1.0,QUALIFIED
5941,17425.44339622641,18985.22877358491,0.265,25.7698,6.2717,3.3665,17.3151,0.0,4.5574,2.0233,-1934.5656,1.0,0.0,8.063808,1.0,0.0,0.431604,1.0,QUALIFIED
5944,-17480.973684210527,18908.605263157893,0.296875,25.7504,6.4048,2.4817,21.19,0.0,5.6801,1.606,-2700.841,1.0,0.0,23.114457,0.9998,0.0037,1.0,0.0,QUALIFIED
5948,16016.85880398671,19075.250830564783,0.188125,24.9079,4.6845,2.2558,12.4787,0.0,3.7838,1.1636,-1935.1818,1.0,0.0,7.918846,1.0,0.0,0.920266,1.0,QUALIFIED
5949,18144.14285714285,19083.29220779221,0.1925,26.3321,7.4973,3.7014,22.4382,0.0,6.6188,2.0423,-1888.7325,1.0,0.0,8.56541,1.0,0.0,0.0,1.0,QUALIFIED
5954,17116.69653179191,19251.56936416185,0.540625,25.7605,6.9614,3.8458,18.5174,0.0,5.4783,2.4279,-1940.0331,1.0,0.0,8.090774,1.0,0.0,0.198844,1.0,QUALIFIED
5963,-15319.075293056809,17830.448151487828,1.38625,23.5067,8.5818,3.7082,20.6453,0.0,7.2638,3.0305,-2473.5369,1.0,0.0,22.479227,0.2778,0.432,0.587466,0.0,QUALIFIED
5967,-2189.340996168583,18994.082375478927,0.32625,19.1193,5.1617,3.5701,24.9138,0.0,4.0596,3.1253,-2191.724,1.0,0.0,11.211072,0.7945,0.3564,1.0,0.0,QUALIFIED
5975,-6923.989425981876,18943.702416918422,0.206875,20.1688,6.0251,4.1367,17.4959,0.0,4.4977,2.5383,-2179.4445,1.0,0.0,15.419833,0.2793,0.3925,1.0,0.0,QUALIFIED
5979,13913.091269841265,19083.93253968254,0.1575,23.6171,3.6305,1.9288,9.4962,0.0,3.5632,1.4102,-1930.4171,1.0,0.0,7.307701,1.0,0.0,1.0,1.0,QUALIFIED
5999,-14078.307646356036,19092.58482676225,0.523125,23.7211,8.2841,4.0955,24.1711,0.0,7.2084,3.4685,-2484.0486,1.0,0.0,22.001847,0.9895,0.0932,1.0,0.0,QUALIFIED
6009,22844.086614173222,18948.82677165354,0.15875,29.6802,6.0207,3.8718,20.4355,0.0,4.8574,1.9861,-1888.7663,1.0,0.0,9.167879,1.0,0.0,1.0,1.0,QUALIFIED
6013,-5974.378364905286,18691.45214356929,0.626875,19.6224,4.767,2.0346,14.2103,0.0,4.0776,1.2557,-2120.0008,1.0,0.0,14.246337,0.1693,0.3278,1.0,0.0,QUALIFIED
6019,17667.120232172478,18571.768656716416,0.376875,25.6327,4.6947,2.5376,16.1663,0.0,3.5492,1.4799,-1926.366,1.0,0.0,7.596052,1.0,0.0,0.864013,1.0,QUALIFIED
6032,17171.94525547445,18677.14233576642,0.085625,25.3714,4.653,2.7705,13.0219,0.0,3.0642,1.079,-1936.3486,1.0,0.0,7.912016,1.0,0.0,1.0,1.0,QUALIFIED
6037,-15716.225806451615,18838.0,0.58125,24.5323,6.4086,3.7764,19.6601,0.0,5.3312,2.6492,-2548.1488,1.0,0.0,23.218271,0.9349,0.212,1.0,0.0,QUALIFIED
6038,15814.636054421768,18844.88775510204,0.091875,24.6014,4.3721,1.975,9.7415,0.0,3.0968,0.7967,-1935.1595,1.0,0.0,7.688669,1.0,0.0,1.0,1.0,QUALIFIED
6039,19531.05515370705,18663.587703435805,0.69125,27.0147,8.1874,3.6539,19.1197,0.0,7.1916,2.6402,-1831.5575,1.0,0.0,8.328565,0.9895,0.0844,0.314647,1.0,QUALIFIED
6060,14376.269662921346,18808.252808988767,0.55625,23.6733,7.0627,4.6001,24.2577,0.0,5.5775,2.6304,-1917.7234,1.0,0.0,7.106731,0.9849,0.1066,1.0,1.0,QUALIFIED
6061,15504.097989949754,18756.304020100502,0.621875,24.3346,6.1587,3.7941,24.5815,0.0,4.4248,1.6552,-1933.5184,1.0,0.0,7.31031,1.0,0.0,1.0,1.0,QUALIFIED
6066,-3473.6277004320727,18905.92486797888,1.301875,19.2218,7.5788,4.4554,25.5089,0.0005,6.1537,3.2706,-2145.5939,1.0,0.0,11.988797,0.7042,0.4255,1.0,0.0,QUALIFIED
6080,-14499.421417565483,18505.73882896764,0.405625,23.5088,6.7225,4.8327,22.7848,0.0,5.3133,3.2809,-2508.8895,1.0,0.0,22.190595,0.7848,0.3943,0.74114,0.0,QUALIFIED
6088,-16737.377828054297,18439.527149321264,0.414375,24.9022,6.2653,3.452,19.9799,0.0,5.2101,2.1269,-2593.7811,1.0,0.0,23.340549,0.8192,0.3411,1.0,0.0,QUALIFIED
6124,-6892.565868263475,18436.42814371257,0.20875,19.6821,6.3409,4.7378,19.7876,0.0,4.4111,1.8118,-2165.3611,1.0,0.0,15.163773,0.216,0.354,1.0,0.0,QUALIFIED
6128,18536.39740420272,18611.00679851669,0.505625,26.2672,7.964,3.6631,25.3008,0.0012,6.7153,2.3331,-1888.6833,1.0,0.0,8.164711,1.0,0.0,0.778739,1.0,QUALIFIED
6142,-4189.382038635427,18677.70920674065,1.520625,19.1412,6.726,2.929,19.6906,0.0,5.6163,1.9059,-2097.2165,1.0,0.0,12.274694,0.4047,0.4441,1.0,0.0,QUALIFIED
6147,16929.703349282296,18513.5980861244,0.26125,25.0872,4.1582,2.446,14.8163,0.0,3.2799,1.4936,-1935.7135,1.0,0.0,7.637162,1.0,0.0,1.0,1.0,QUALIFIED
6170,-1948.439068100357,18452.91935483871,0.174375,18.555,5.303,3.27,19.6807,0.0,4.0909,1.5386,-2207.6972,1.0,0.0,10.965771,0.7135,0.4,1.0,0.0,QUALIFIED
6194,14925.163716814151,18422.513274336285,0.14125,23.7096,5.2688,2.6997,15.3385,0.0,4.0533,1.2305,-1948.4616,1.0,0.0,7.122587,0.9998,0.0027,1.0,1.0,QUALIFIED
6202,18051.63133640553,18291.168202764977,0.27125,25.6988,3.3713,1.8146,12.1561,0.0,2.6797,0.9053,-1918.1154,1.0,0.0,7.783195,1.0,0.0,1.0,1.0,QUALIFIED
6206,-5527.347575057735,18321.86258660508,0.270625,19.1368,5.5714,2.3957,18.2182,0.0,4.6925,1.313,-2082.454,1.0,0.0,13.938615,0.0291,0.1363,1.0,0.0,QUALIFIED
6209,22371.53125,18265.8125,0.1,28.8813,10.7157,3.3178,22.1781,0.0,9.4635,1.9978,-1986.0455,1.0,0.0,9.599642,1.0,0.0,0.9875,1.0,QUALIFIED
6216,-4884.770270270266,18652.14864864865,0.578125,19.2806,6.8895,3.2001,20.8607,0.0,5.5866,2.2745,-2089.6633,1.0,0.0,13.306624,0.1067,0.2869,1.0,0.0,QUALIFIED
6227,-7412.444444444445,18375.5,0.3375,19.8136,8.9865,4.7542,24.5373,0.0,7.5037,3.9869,-2181.1762,1.0,0.0,15.618999,0.1344,0.3072,1.0,0.0,QUALIFIED
6277,-5080.753807106601,17713.164974619285,0.615625,18.4268,5.1177,2.1064,15.7987,0.0,4.1478,1.1504,-2030.6575,1.0,0.0,13.095443,0.1274,0.291,1.0,0.0,QUALIFIED
6291,-19167.91516966068,18225.000998004,0.313125,26.4485,5.9473,3.0027,20.5003,0.0,4.7063,2.0209,-2857.6769,1.0,0.0,21.258484,1.0,0.0,1.0,0.0,QUALIFIED
6292,-11815.685676392568,18261.640583554377,0.235625,21.7501,11.281,3.8978,24.2912,0.0,9.6143,2.7269,-2216.4957,1.0,0.0,19.495544,0.0261,0.1463,1.0,0.0,QUALIFIED
6294,-6966.601694915255,18109.25706214689,0.110625,19.4024,4.1335,1.9632,14.3121,0.0,3.2692,1.0147,-2146.5803,1.0,0.0,15.230254,0.0617,0.1772,1.0,0.0,QUALIFIED
6308,14900.523890784983,18147.172354948805,0.183125,23.4807,5.5368,2.4101,12.6921,0.0,3.938,1.2187,-1939.3111,1.0,0.0,6.736329,1.0,0.0,1.0,1.0,QUALIFIED
6314,-6499.294642857145,17578.714285714283,1.05,18.7411,6.2577,3.4654,29.0377,0.0012,4.8964,1.9203,-2125.6205,1.0,0.0,14.206095,0.1839,0.345,1.0,0.0,QUALIFIED
6329,-10268.244807121664,18372.280415430265,1.053125,21.0464,8.2121,4.1282,23.0092,0.0,7.2046,3.4519,-2274.5035,1.0,0.0,17.809057,0.1384,0.3179,1.0,0.0,QUALIFIED
6330,-7168.6423611111095,17672.765625,0.36,19.0707,4.5747,2.5897,15.1614,0.0,3.5355,1.1944,-2150.5008,1.0,0.0,15.098117,0.3509,0.4107,1.0,0.0,QUALIFIED
6352,-15986.7987012987,18065.711038961043,0.9625,24.1229,6.7935,3.2246,21.4886,0.0,5.7524,2.1886,-2514.1664,1.0,0.0,23.198666,0.5063,0.4451,1.0,0.0,QUALIFIED
6355,-5676.504823151125,17793.10450160772,0.38875,18.676,5.1654,2.0693,19.1592,0.0,4.4555,1.3166,-2059.7233,1.0,0.0,13.713679,0.0518,0.1752,1.0,0.0,QUALIFIED
6360,-17414.360103626947,17541.821243523314,0.120625,24.7172,7.9351,2.5433,16.0224,0.0,7.2478,1.2037,-2671.1826,1.0,0.0,22.565917,1.0,0.0,1.0,0.0,QUALIFIED
6363,12595.679624664874,17935.218498659517,0.233125,21.9162,7.2237,3.2207,21.025,0.0,6.1725,1.7767,-1878.1973,1.0,0.0,6.025052,1.0,0.0,1.0,0.981233,QUALIFIED
6365,13057.591286307055,17710.354771784234,0.150625,22.0035,3.3138,1.5653,8.2691,0.0,3.0688,1.1503,-1851.6022,1.0,0.0,5.903495,0.9871,0.0862,1.0,0.854772,QUALIFIED
6375,-10023.330188679249,17917.19811320755,0.165625,20.5296,7.9356,4.1873,22.578,0.0,6.2169,1.8306,-2251.869,1.0,0.0,17.973818,0.8168,0.3784,1.0,0.0,QUALIFIED
6380,8010.297991071435,17704.908482142855,0.56,19.4324,8.4308,4.7453,24.9865,0.0,7.0112,3.1732,-1045.5922,1.0,0.0,5.26925,0.3613,0.4541,1.0,0.0,QUALIFIED
6381,14284.381342062195,18026.66612111293,0.76375,23.0,5.1956,2.3621,15.841,0.0,4.0255,1.2765,-1913.4957,1.0,0.0,6.198387,1.0,0.0,1.0,1.0,QUALIFIED
6393,20773.02941176472,17690.02205882353,0.085,27.2848,3.6147,1.5491,8.0783,0.0,3.6153,1.3962,-1969.1665,1.0,0.0,8.374142,1.0,0.0,1.0,1.0,QUALIFIED
6397,-11330.917422867518,17986.5889292196,1.721875,21.2574,9.7277,3.6956,22.1186,0.0,8.5191,2.9933,-2217.6905,1.0,0.0,18.886007,0.1458,0.337,1.0,0.0,QUALIFIED
6402,9914.09603658536,18343.29725609756,0.41,20.8508,11.175,3.3539,27.8916,0.0061,9.7577,1.6598,-1145.5978,1.0,0.0,5.740753,0.0648,0.2073,1.0,0.0,QUALIFIED
6410,-4596.143153526973,17777.41908713693,0.30125,18.3613,4.9524,2.7141,12.1431,0.0,4.0049,1.7865,-2036.0696,1.0,0.0,12.823928,0.2952,0.3973,1.0,0.0,QUALIFIED
6413,16953.953125,17942.9609375,0.4,24.6857,5.1613,2.723,15.8781,0.0,4.1876,2.1899,-1908.9021,1.0,0.0,6.882042,1.0,0.0,1.0,1.0,QUALIFIED
6425,15134.140522875816,17860.95751633987,0.286875,23.4105,3.7067,2.0917,10.556,0.0,3.0395,1.3603,-1932.3298,1.0,0.0,6.363961,1.0,0.0,1.0,1.0,QUALIFIED
6437,-8337.847188264059,17705.695599022005,2.55625,19.57,8.3022,4.3449,28.8073,0.0049,6.967,3.3385,-2230.1276,1.0,0.0,15.426033,0.0821,0.237,1.0,0.0,QUALIFIED
6438,-6739.424050632908,17791.79746835443,0.09875,19.0248,4.2562,1.8999,9.9467,0.0,3.3689,0.8598,-2132.06,1.0,0.0,14.81471,0.0995,0.2329,1.0,0.0,QUALIFIED
6442,22727.65482502652,17920.648462354187,0.589375,28.9431,7.609,3.5046,21.7415,0.0,6.5143,2.8874,-2013.2912,1.0,0.0,9.327145,1.0,0.0,1.0,1.0,QUALIFIED
6461,16539.579365079364,17733.634920634922,0.07875,24.2495,3.0244,2.2391,12.0299,0.0,3.1798,2.0513,-1887.1644,1.0,0.0,6.828067,1.0,0.0,1.0,1.0,QUALIFIED
6474,-19136.73978201635,17653.0204359673,0.229375,26.0347,5.6379,2.4552,12.9282,0.0,4.727,1.5045,-2859.0114,1.0,0.0,20.991427,1.0,0.0,1.0,0.0,QUALIFIED
6476,-9075.842465753429,17554.038812785388,0.136875,19.7608,5.6449,3.0758,15.7158,0.0,4.1335,1.4837,-2279.2661,1.0,0.0,16.937901,0.5043,0.4601,1.0,0.0,QUALIFIED
6481,15719.48777506112,17633.568459657705,0.255625,23.6229,5.4311,2.7902,14.2201,0.0,4.1417,1.2915,-1911.3254,1.0,0.0,6.348868,1.0,0.0,1.0,1.0,QUALIFIED
6499,-10401.074712643684,17451.10344827586,0.54375,20.3149,5.6587,2.615,21.4869,0.0,4.6872,1.5243,-2261.9585,1.0,0.0,17.911676,0.9777,0.1342,1.0,0.0,QUALIFIED
6500,-3683.3748280605214,17268.69119669876,0.454375,17.6566,4.8105,2.291,14.1238,0.0,3.9576,1.43,-2076.574,1.0,0.0,11.750798,0.7085,0.4026,1.0,0.0,QUALIFIED
6505,15348.337209302328,17552.825581395347,0.16125,23.3168,7.531,4.4716,21.2421,0.0,5.9118,2.3692,-1906.2257,1.0,0.0,6.257446,1.0,0.0,1.0,1.0,QUALIFIED
6541,26895.63289760349,17495.053376906315,0.286875,32.0852,10.0809,4.9613,26.7256,0.0022,8.5036,3.5994,-1822.3414,1.0,0.0,6.040747,0.8186,0.3389,1.0,0.0,QUALIFIED
6551,-19112.778106508875,17257.156804733728,0.105625,25.7502,5.1629,1.5506,10.5497,0.0,4.9083,0.7186,-2831.9539,1.0,0.0,20.974419,1.0,0.0,1.0,0.0,QUALIFIED
6555,19056.318181818184,17149.834811529934,0.845625,25.6371,5.8944,2.7484,18.5037,0.0,5.0104,1.8538,-2032.3625,1.0,0.0,6.455327,0.9953,0.0548,1.0,1.0,QUALIFIED
6565,-9751.417431192662,17387.131716906948,0.476875,19.9343,6.1672,4.2177,23.8433,0.0,5.5601,3.6642,-2284.3808,1.0,0.0,17.369603,0.6823,0.4224,1.0,0.0,QUALIFIED
6566,-5857.095092024538,17322.815950920245,0.20375,18.2856,5.3363,2.054,11.804,0.0,4.643,1.2958,-2073.7502,1.0,0.0,13.836659,0.0308,0.1299,1.0,0.0,QUALIFIED
6576,14326.141414141406,17285.474747474746,0.12375,22.4505,4.0093,1.9654,12.2779,0.0,3.3779,1.2097,-1906.6339,1.0,0.0,5.818612,1.0,0.0,1.0,0.545455,QUALIFIED
6577,17269.015011547344,17627.69399538106,0.54125,24.677,5.9795,2.6244,17.8461,0.0,4.9235,2.021,-1916.1373,1.0,0.0,6.512488,1.0,0.0,1.0,1.0,QUALIFIED
6590,13087.585714285711,16880.328571428574,0.546875,21.3595,9.1852,3.4237,26.1204,0.0034,7.6557,2.1075,-1829.9774,1.0,0.0,4.604142,0.4001,0.4425,1.0,0.002286,QUALIFIED
6592,15223.040145985397,17090.13503649635,0.428125,22.8869,5.7599,2.493,17.2194,0.0,4.6376,1.7665,-1913.86,1.0,0.0,5.676762,1.0,0.0,1.0,0.508029,QUALIFIED
6595,22055.02325581396,17464.162790697676,0.5375,28.1323,5.5185,4.5131,29.2498,0.0058,4.6992,3.6477,-2019.5581,1.0,0.0,8.514693,1.0,0.0,0.87907,1.0,QUALIFIED
6601,-4484.965195246179,16939.719015280134,0.73625,17.5228,6.818,3.4385,20.1043,0.0,5.7338,2.3509,-2018.2298,1.0,0.0,12.205147,0.4862,0.4624,1.0,0.0,QUALIFIED
6604,-33425.5,17176.65681233933,0.243125,37.5799,9.0274,4.6708,24.1863,0.0,8.5433,3.8399,2043.3513,1.0,0.0,7.372457,0.3831,0.4434,1.0,1.0,QUALIFIED
6615,20859.53703703704,17205.01851851852,0.421875,27.0395,7.4109,3.1692,17.2249,0.0,6.3205,2.315,-1945.6615,1.0,0.0,7.88214,0.8439,0.3319,1.0,1.0,QUALIFIED
6629,15709.0703125,17141.90625,0.08,23.2512,5.1424,2.7011,12.8073,0.0,3.9645,1.3382,-1890.7375,1.0,0.0,6.025156,0.9891,0.0916,1.0,1.0,QUALIFIED
6630,22942.50341296928,17193.418088737202,0.183125,28.6702,4.4328,1.813,11.5887,0.0,3.6677,0.9034,-2046.7076,1.0,0.0,9.000868,1.0,0.0,1.0,1.0,QUALIFIED
6631,23382.13473053892,17073.70359281437,0.104375,28.9524,5.813,1.8136,14.3168,0.0,5.1226,1.2821,-2061.0505,1.0,0.0,9.263807,1.0,0.0,1.0,0.335329,QUALIFIED
6644,19066.791666666664,16848.104166666668,0.15,25.4441,10.6319,3.7785,19.7095,0.0,8.2821,2.1426,-2050.4847,1.0,0.0,6.831224,1.0,0.0,1.0,1.0,QUALIFIED
6659,25028.73151750973,16956.96887159533,0.32125,30.2322,7.4923,4.3588,23.4141,0.0,5.9306,2.4427,-2083.2132,1.0,0.0,7.945006,1.0,0.0,1.0,0.0,QUALIFIED
6668,13939.461013645225,17299.817738791422,2.244375,22.2169,7.0568,3.4103,27.9047,0.0006,5.6585,2.1577,-1907.4495,1.0,0.0,4.909493,0.8973,0.2636,1.0,0.440824,QUALIFIED
6670,18712.56451612903,17259.532258064515,0.096875,25.4569,3.8008,2.0204,9.5891,0.0,3.0076,1.0892,-2055.7388,1.0,0.0,7.019437,1.0,0.0,1.0,1.0,QUALIFIED
6675,-18968.74294038548,17070.603092783505,1.394375,25.5183,7.6535,3.3024,21.8295,0.0,6.4082,2.1874,-2805.443,1.0,0.0,20.19296,0.9988,0.0296,1.0,0.103093,QUALIFIED
6676,-7920.619047619053,16908.11904761905,0.13125,18.6707,6.4302,2.3274,12.9479,0.0,5.6388,2.0807,-2157.4206,1.0,0.0,15.637975,0.0933,0.2366,1.0,0.0,QUALIFIED
6687,-12031.70936280884,16799.167100130042,0.480625,20.6627,7.2646,2.1795,14.6386,0.0,6.2603,1.5947,-2100.3352,1.0,0.0,19.138508,0.2018,0.3688,0.806242,0.0,QUALIFIED
6688,-10573.768261964731,16878.018891687658,0.49625,19.9159,8.2395,3.9175,29.079,0.0038,6.5966,2.3479,-2284.8328,1.0,0.0,17.700282,0.8598,0.334,1.0,0.0,QUALIFIED
6701,19944.599143758453,16214.864578639026,1.386875,25.7043,7.4113,4.3554,22.344,0.0,6.2494,3.4762,-2056.1412,1.0,0.0,5.936855,0.7935,0.3892,1.0,0.614691,QUALIFIED
6709,-6928.54054054054,16849.317567567567,0.0925,18.2176,7.2383,4.4012,21.6973,0.0,5.6114,1.884,-2129.3668,1.0,0.0,14.699596,0.1722,0.3315,1.0,0.0,QUALIFIED
6728,24243.679894179902,17039.12433862434,0.118125,29.6327,4.2764,2.2079,10.3319,0.0,3.8618,1.9273,-2099.4874,1.0,0.0,8.63731,1.0,0.0,1.0,0.0,QUALIFIED
6736,15019.675438596496,16735.441520467833,0.106875,22.487,4.0512,1.9275,9.073,0.0,3.1931,1.0173,-1935.5289,1.0,0.0,5.364,1.0,0.0,1.0,0.0,QUALIFIED
6746,19482.530726256984,16789.256983240222,0.22375,25.7187,3.4917,2.0693,12.9886,0.0,2.8939,1.3425,-2032.2931,1.0,0.0,6.935416,0.9944,0.0537,1.0,1.0,QUALIFIED
6750,2372.296610169491,16637.36440677966,0.184375,16.8052,5.2935,3.1127,16.85,0.0,4.7551,2.3508,-851.874,1.0,0.0,6.452955,0.3287,0.4013,1.0,0.0,QUALIFIED
6752,24772.030864197528,16692.413580246917,0.253125,29.8714,7.173,4.3585,29.5733,0.0123,5.8009,2.4737,-2084.2281,1.0,0.0,8.285907,1.0,0.0,1.0,0.0,QUALIFIED
6765,21764.39547038327,16826.458188153312,0.179375,27.5104,6.2678,2.0761,10.9683,0.0,5.4792,1.4122,-2015.9955,1.0,0.0,8.009252,0.9752,0.1326,1.0,1.0,QUALIFIED
6768,-12026.304776739358,16122.8779854621,0.601875,20.1135,8.5464,3.9438,25.0717,0.001,7.5731,3.0974,-2054.993,1.0,0.0,18.809871,0.0336,0.1458,0.169263,0.0,QUALIFIED
6786,22255.627982646416,16550.337310195227,0.288125,27.735,6.8792,2.9192,14.2296,0.0,5.6169,1.9733,-2061.3884,1.0,0.0,8.120499,1.0,0.0,1.0,1.0,QUALIFIED
6805,-7563.95785440613,16793.555555555555,0.32625,18.4177,4.4026,3.0229,18.4723,0.0,3.2202,1.4434,-2148.0274,1.0,0.0,15.139869,0.3203,0.4079,1.0,0.0,QUALIFIED
6821,7646.848484848488,16662.810606060608,0.0825,18.3334,4.3891,2.6982,15.0857,0.0,4.3005,1.7785,-1145.8306,1.0,0.0,4.575615,0.7464,0.3656,1.0,0.0,QUALIFIED
6829,23560.08333333333,16487.5,0.1875,28.7563,3.7931,1.9552,9.5011,0.0,2.8765,1.0497,-2073.7104,1.0,0.0,8.795027,1.0,0.0,1.0,0.0,QUALIFIED
6837,-10951.170498084291,16461.89846743295,0.163125,19.7711,8.2695,3.6784,17.103,0.0,7.24,2.6369,-2255.5402,1.0,0.0,18.314014,0.9261,0.2309,0.996169,0.0,QUALIFIED
6839,13555.681015452536,16343.987858719647,0.283125,21.2339,5.1351,2.3915,12.1572,0.0,4.5326,1.7606,-1882.5522,1.0,0.0,4.487831,0.9276,0.2216,1.0,0.0,QUALIFIED
6854,19054.03367875648,16447.779792746114,0.120625,25.1712,3.9607,2.5556,15.7425,0.0,3.4295,1.4675,-2031.0392,1.0,0.0,6.518483,0.9903,0.0607,1.0,1.0,QUALIFIED
6860,-6828.96598202824,16585.737483953784,0.486875,17.9359,5.861,4.4037,21.3409,0.0,4.8815,2.7316,-2116.5985,1.0,0.0,14.254758,0.1474,0.311,1.0,0.0,QUALIFIED
6863,2650.743093922654,16572.737569060773,0.113125,16.783,7.2283,3.2147,16.016,0.0,5.7354,1.5088,-868.0239,1.0,0.0,6.298115,0.8281,0.3374,1.0,0.0,QUALIFIED
6866,7838.315789473687,16420.894736842103,0.095,18.1955,6.5564,2.277,13.2651,0.0,5.7844,1.4332,-1137.4555,1.0,0.0,4.385274,0.0961,0.2466,1.0,0.0,QUALIFIED
6870,22656.921875,16238.234375000004,0.2,27.8751,4.4016,1.9329,10.7787,0.0,3.4604,0.7681,-2076.4396,1.0,0.0,7.973864,1.0,0.0,1.0,1.0,QUALIFIED
6875,20990.06420233463,16680.94747081712,0.32125,26.8112,9.5626,2.9727,26.0058,0.0019,7.9744,1.679,-1976.0351,1.0,0.0,7.506039,0.8391,0.3418,1.0,1.0,QUALIFIED
6876,23125.190184049075,16485.085889570553,0.20375,28.3996,3.4591,1.5901,9.567,0.0,2.6096,0.8826,-2080.5618,1.0,0.0,8.613398,1.0,0.0,1.0,0.555215,QUALIFIED
6906,17325.195732838583,16511.56215213358,0.67375,23.9331,6.4796,3.5727,19.214,0.0,5.1321,2.3183,-1990.4132,1.0,0.0,5.543014,0.9305,0.2168,1.0,0.426716,QUALIFIED
6912,9467.357142857143,16386.77819548872,0.083125,18.9249,7.5689,2.9458,14.797,0.0,6.4475,1.5041,-1163.1182,1.0,0.0,4.376143,0.8247,0.3113,1.0,0.0,QUALIFIED
6941,-4518.266497461926,16151.895939086296,0.123125,16.7713,5.0354,3.1808,16.6265,0.0,4.236,2.0416,-1971.0981,1.0,0.0,12.222034,0.5578,0.4473,1.0,0.0,QUALIFIED
6950,-5659.631010145567,16655.67203352448,1.416875,17.5904,5.9254,2.6353,22.0506,0.0,4.9014,1.6998,-2045.2659,1.0,0.0,12.799536,0.0558,0.1952,1.0,0.0,QUALIFIED
6951,19189.04183266932,16142.830677290836,0.156875,25.0762,3.8054,1.6831,10.5398,0.0,3.1337,0.9537,-2029.745,1.0,0.0,6.341579,0.96,0.1687,1.0,0.498008,QUALIFIED
6955,-10159.203580901856,16175.897877984084,0.9425,19.1009,7.2009,4.4788,28.9604,0.0086,5.8466,3.0774,-2283.6517,1.0,0.0,16.903125,0.4815,0.463,0.982095,0.0,QUALIFIED
6960,18137.878220140512,16204.349531615924,1.0675,24.3221,7.8547,4.0844,28.0798,0.0023,6.2028,2.42,-2027.5592,1.0,0.0,5.322652,0.6924,0.4124,1.0,0.333724,QUALIFIED
6979,19413.87007874016,16321.562992125986,0.079375,25.3633,2.6737,1.2306,6.5882,0.0,2.3225,0.7603,-2019.3833,1.0,0.0,6.606152,0.9332,0.2148,1.0,0.992126,QUALIFIED
6981,30295.220720720725,16232.932432432432,0.208125,34.3704,7.223,3.6569,21.713,0.0,6.4685,2.4687,-1431.15,1.0,0.0,4.741308,0.0353,0.1707,1.0,0.0,QUALIFIED
6988,23152.731939163496,16094.036121673002,0.164375,28.1971,3.538,2.7977,14.7645,0.0,3.1583,2.0921,-2076.8099,1.0,0.0,8.303049,1.0,0.0,1.0,0.365019,QUALIFIED
7009,-6923.365853658535,16011.780487804876,0.25625,17.4438,5.2215,3.3713,18.036,0.0,3.6385,1.5733,-2114.53,1.0,0.0,14.317166,0.277,0.3956,1.0,0.0,QUALIFIED
7022,20620.54147031103,16309.995758718193,0.663125,26.2912,6.9827,2.465,23.0389,0.0,5.9369,1.6123,-2030.9287,1.0,0.0,6.668021,1.0,0.0,1.0,0.952875,QUALIFIED
7023,22026.440639269407,16092.661339421617,0.410625,27.279,4.6162,2.8952,12.5363,0.0,3.8456,2.1944,-2077.5067,1.0,0.0,7.395015,0.9959,0.0542,1.0,1.0,QUALIFIED
7024,23693.623931623923,16162.358974358973,0.14625,28.6813,6.4051,2.7158,12.5086,0.0,5.1361,1.6284,-2072.1673,1.0,0.0,8.592802,1.0,0.0,1.0,0.0,QUALIFIED
7039,8640.915313225058,15910.302784222738,0.269375,18.1051,5.9919,3.4121,19.5096,0.0,5.1,2.1356,-1107.2923,1.0,0.0,3.726258,0.144,0.3136,1.0,0.0,QUALIFIED
7049,-6543.487804878052,16105.27642276423,0.15375,17.3832,4.433,1.7265,8.8613,0.0,3.5197,0.8902,-2097.1789,1.0,0.0,14.113048,0.1273,0.2521,1.0,0.0,QUALIFIED
7056,15757.284431137728,15999.452095808383,0.104375,22.4561,6.5914,3.1825,16.0348,0.0,5.961,2.3769,-1936.0168,1.0,0.0,4.89547,0.9099,0.2398,1.0,0.0,QUALIFIED
7063,9717.948275862063,16202.45402298851,0.271875,18.8932,9.3926,3.9512,21.5507,0.0,8.1851,2.4117,-1202.11,1.0,0.0,4.031129,0.3803,0.4154,1.0,0.0,QUALIFIED
7076,22992.99593495934,15782.05487804878,0.3075,27.8883,5.868,3.0788,16.5424,0.0,4.9621,2.2748,-2085.4316,1.0,0.0,7.860741,0.9976,0.0383,1.0,0.457317,QUALIFIED
7086,18763.130952380947,15742.166666666668,0.2625,24.4923,6.5237,4.3438,20.4485,0.0,4.9687,2.1884,-2020.8622,1.0,0.0,5.634991,0.8623,0.3171,1.0,0.0,QUALIFIED
7090,-8289.864270386264,15955.93186695279,1.165,17.9802,8.6568,4.4457,22.5408,0.0,7.335,3.409,-2188.6208,1.0,0.0,15.213522,0.0939,0.2517,1.0,0.0,QUALIFIED
7098,-7457.771944922548,15935.697934595526,0.363125,17.5938,5.4237,2.4771,14.5297,0.0,4.3633,1.3466,-2133.9128,1.0,0.0,14.760166,0.0887,0.2352,1.0,0.0,QUALIFIED
7099,-5003.283041212693,15636.28872572241,1.319375,16.4166,8.8014,3.3692,21.4871,0.0,7.2634,2.3045,-1975.4959,1.0,0.0,11.89204,0.1217,0.3009,1.0,0.0,QUALIFIED
7105,17136.719387755104,15716.775510204085,0.6125,23.2526,6.1123,3.7135,24.3714,0.0,4.7527,2.1016,-2011.5277,1.0,0.0,4.795962,0.7722,0.3653,1.0,0.0,QUALIFIED
7111,-17739.03383458647,15973.996240601504,0.083125,23.8707,4.4599,2.3588,12.2064,0.0,4.4353,1.8726,-2776.148,1.0,0.0,21.514951,1.0,0.0,0.947368,0.924812,QUALIFIED
7116,21288.311420982733,15886.240371845954,0.94125,26.5626,5.4355,2.4788,14.4052,0.0,4.5164,1.6503,-2041.6064,1.0,0.0,6.585685,0.8845,0.2858,1.0,0.623506,QUALIFIED
7120,-10485.5,15810.65625,0.1,18.9709,3.4915,2.1922,12.8563,0.0,3.328,2.0315,-2266.5635,1.0,0.0,17.644493,0.6617,0.3872,0.6625,0.0,QUALIFIED
7121,-6021.320783132527,15782.164156626506,0.415,16.8912,4.7952,2.2316,15.6434,0.0,3.8963,1.1519,-2070.7814,1.0,0.0,13.342531,0.1612,0.3153,1.0,0.0,QUALIFIED
7124,24827.600498930857,15664.505702067,0.876875,29.3564,9.25,4.0533,20.3722,0.0,7.851,3.0894,-2066.1246,1.0,0.0,8.429487,0.9892,0.0963,1.0,0.0,QUALIFIED
7144,-9398.701856148487,15825.441995359626,0.269375,18.4053,8.3076,4.487,25.6262,0.0023,6.7971,2.8284,-2277.3421,1.0,0.0,16.542313,0.1797,0.3532,1.0,0.0,QUALIFIED
7168,22034.321428571435,15448.37087912088,0.455,26.9104,3.8925,1.924,16.497,0.0,3.0034,1.0426,-2075.5863,1.0,0.0,6.768909,0.9348,0.2282,1.0,0.520604,QUALIFIED
7202,-3566.1725888324872,15586.79441624365,0.24625,15.989,7.9731,3.2526,19.7555,0.0,6.4159,1.9284,-1975.31,1.0,0.0,10.978616,0.3503,0.4424,1.0,0.0,QUALIFIED
7218,-7922.96621621622,15631.75,0.0925,17.5243,4.2993,2.3653,9.9452,0.0,3.5764,1.4221,-2154.7584,1.0,0.0,15.274263,0.0841,0.2413,1.0,0.0,QUALIFIED
7231,-38920.856371490285,15602.875809935204,0.289375,41.9312,8.2904,4.036,20.3256,0.0,7.9016,3.64,3472.0008,1.0,0.0,1.82363,0.0419,0.1576,0.533477,1.0,QUALIFIED
7246,30434.18208092486,15313.216763005776,0.108125,34.0698,7.6143,2.653,15.1776,0.0,6.4,1.2764,-1543.1385,1.0,0.0,4.599524,0.5632,0.4526,1.0,0.0,QUALIFIED
7266,18232.266439909305,15609.45691609977,0.275625,24.0015,5.3303,2.5292,23.1715,0.0,4.0702,1.2028,-2048.7986,1.0,0.0,5.262188,0.9683,0.1487,1.0,0.0,QUALIFIED
7272,-6808.592608326253,15425.372557349194,0.735625,16.8605,4.6582,2.5506,16.2193,0.0,3.7931,1.5426,-2083.7669,1.0,0.0,13.787177,0.0853,0.2249,1.0,0.0,QUALIFIED
7285,8395.589385474865,15284.298882681567,0.111875,17.4381,6.0399,2.5939,12.1968,0.0,5.5799,1.3879,-1042.7815,1.0,0.0,3.286716,0.227,0.3608,1.0,0.0,QUALIFIED
7288,21707.77664399093,14987.40476190476,0.275625,26.3791,2.7366,2.1412,17.0982,0.0,2.1927,0.9266,-2064.7227,1.0,0.0,6.415703,0.9235,0.2247,1.0,0.0,QUALIFIED
7289,22162.446428571435,15401.392857142857,0.105,26.9886,3.1288,1.9895,9.5817,0.0,2.2784,0.8035,-2080.9607,1.0,0.0,7.211103,1.0,0.0,1.0,0.327381,QUALIFIED
7291,28312.40760869565,15452.945652173912,0.115,32.2552,9.4025,4.8412,23.6678,0.0,8.6409,4.1984,-1700.8739,1.0,0.0,6.609179,0.2107,0.3856,1.0,0.0,QUALIFIED
7304,-5263.167560321715,15194.467828418234,0.233125,16.0796,6.5377,2.9835,17.3688,0.0,5.3891,1.671,-1999.4068,1.0,0.0,12.432317,0.1683,0.3064,1.0,0.0,QUALIFIED
7306,13309.796981499516,15810.09104186952,0.641875,20.6666,8.2604,3.0117,19.543,0.0,6.9798,1.8796,-1840.7608,1.0,0.0,3.702026,0.621,0.4422,1.0,0.0,QUALIFIED
7308,24040.779069767435,15221.236434108529,0.241875,28.4544,7.2288,4.2182,21.4121,0.0,5.9949,2.861,-2060.3674,1.0,0.0,8.061793,0.6822,0.4201,1.0,0.0,QUALIFIED
7339,32703.84782608696,15207.202898550724,0.08625,36.0669,5.5601,3.028,15.7651,0.0,5.0428,2.7489,-1502.2872,1.0,0.0,2.636878,0.0916,0.2291,1.0,0.0,QUALIFIED
7357,19218.818181818184,15430.243083003952,0.31625,24.6467,5.0708,2.5074,14.8628,0.0,4.4131,1.8877,-2007.1506,1.0,0.0,5.492324,0.6912,0.4211,1.0,0.0,QUALIFIED
7365,13727.5959752322,15042.063467492262,0.201875,20.3644,4.4559,2.0262,11.149,0.0,3.7764,1.4257,-1811.2424,1.0,0.0,3.496069,0.8196,0.323,1.0,0.0,QUALIFIED
7367,22647.689522342072,15289.328967642525,0.405625,27.3256,4.1307,2.3388,19.4259,0.0,3.4027,1.4699,-2063.9439,1.0,0.0,7.204252,0.7978,0.3753,1.0,0.292758,QUALIFIED
7382,14830.821839080469,15164.810344827583,0.271875,21.2114,5.4265,2.5882,13.1045,0.0,4.4351,1.5751,-1876.6315,1.0,0.0,3.61706,0.7164,0.3934,1.0,0.0,QUALIFIED
7385,21385.389570552143,15080.407975460124,0.101875,26.1679,2.7109,1.5685,7.7009,0.0,2.2398,1.0655,-2067.336,1.0,0.0,6.543699,0.9652,0.1548,1.0,0.0,QUALIFIED
7407,17863.10103626943,15106.28583765112,0.361875,23.3943,6.5213,3.0684,20.5159,0.0,4.9434,1.6426,-2039.5353,1.0,0.0,4.673395,0.8003,0.3588,1.0,0.0,QUALIFIED
7440,23842.47385620915,14704.290849673202,0.478125,28.0123,7.821,4.4533,20.4658,0.0,5.9695,3.1395,-2040.7187,1.0,0.0,7.287704,0.6911,0.4161,1.0,0.0,QUALIFIED
7446,-1909.234939759037,14892.21686746988,0.10375,15.0135,6.6123,2.6115,17.5791,0.0,6.7946,2.2908,-1759.1475,1.0,0.0,9.28177,0.1222,0.2888,1.0,0.0,QUALIFIED
7448,14864.824165029471,14506.983300589389,0.318125,20.7706,5.5289,2.5779,14.2369,0.0,4.6477,1.3188,-1861.899,1.0,0.0,3.003852,0.3407,0.4064,1.0,0.0,QUALIFIED
7450,25663.204819277104,15011.52409638554,0.51875,29.7314,10.2217,3.6664,21.9882,0.0,8.8724,2.7419,-1916.4656,1.0,0.0,8.538333,0.574,0.4685,1.0,0.0,QUALIFIED
7454,-3681.014705882357,14749.948529411762,0.085,15.2017,4.9878,3.1172,19.2114,0.0,4.5376,2.3041,-1924.3112,1.0,0.0,11.0619,0.5794,0.4262,1.0,0.0,QUALIFIED
7459,18444.486979166664,14957.270833333332,0.48,23.7471,5.144,4.2043,25.143,0.0013,3.9672,2.5471,-2030.54,1.0,0.0,4.533555,0.726,0.3922,1.0,0.0,QUALIFIED
7461,22401.851485148523,14893.074257425742,0.12625,26.9008,4.2178,1.9971,10.2591,0.0,3.4288,1.0642,-2056.6685,1.0,0.0,6.846988,0.3671,0.424,1.0,0.0,QUALIFIED
7472,23272.51255230125,15100.578451882844,0.5975,27.7425,5.6437,3.1048,16.8505,0.0,4.6794,2.2624,-2052.9447,1.0,0.0,7.088591,0.4658,0.4306,1.0,0.0,QUALIFIED
7482,9491.236304549668,15496.739554317548,0.673125,18.1721,9.8682,4.544,25.285,0.0019,8.3515,3.1235,-1141.186,1.0,0.0,2.928844,0.1117,0.2755,1.0,0.0,QUALIFIED
7492,13052.195497630324,15082.22393364929,0.5275,19.9457,7.1558,2.8286,16.097,0.0,6.139,1.9623,-1779.3182,1.0,0.0,3.031914,0.4085,0.4197,1.0,0.0,QUALIFIED
7493,17915.20945945946,14609.62162162162,0.0925,23.1171,5.4935,3.4348,16.8719,0.0,5.1086,2.5888,-2016.9224,1.0,0.0,4.439102,0.557,0.4222,1.0,0.0,QUALIFIED
7501,15912.05274261604,14739.740506329115,0.148125,21.69,6.4153,3.9541,22.7063,0.0,5.6149,2.7012,-1937.1764,1.0,0.0,3.747416,0.7445,0.384,1.0,0.0,QUALIFIED
7502,21279.5,14691.975409836068,0.190625,25.8588,3.8773,2.5532,13.1162,0.0,2.7745,1.1786,-2073.461,1.0,0.0,6.008848,0.8887,0.2642,1.0,0.0,QUALIFIED
7521,12539.77777777778,14889.909722222224,0.09,19.4667,11.3614,4.6049,29.1674,0.0208,9.3391,2.1073,-1693.6075,1.0,0.0,3.05655,0.2067,0.3495,1.0,0.0,QUALIFIED
7541,13790.095794392524,14192.838395638631,1.605,19.789,6.0842,2.9636,18.3618,0.0,4.9413,1.8079,-1785.1664,1.0,0.0,2.02608,0.36,0.4223,1.0,0.0,QUALIFIED
7543,32090.467741935485,15049.478494623658,0.290625,35.4444,10.2481,3.2559,18.7243,0.0,8.7595,2.249,-1436.9388,1.0,0.0,2.910004,0.0,0.0,1.0,0.0,QUALIFIED
7555,16598.114457831318,14613.391566265062,0.259375,22.1145,10.1522,4.0752,22.657,0.0,7.713,2.4603,-1985.8043,1.0,0.0,3.71189,0.5023,0.4525,1.0,0.0,QUALIFIED
7556,22508.02272727272,14666.69318181818,0.11,26.865,3.1775,1.1665,5.5893,0.0,2.6622,0.5988,-2044.5977,1.0,0.0,6.8,0.478,0.4211,1.0,0.0,QUALIFIED
7561,-13730.202970297029,14531.316831683172,0.12625,19.9912,3.7933,2.5008,22.2613,0.0,3.434,1.5662,-1918.0558,1.0,0.0,20.15952,0.1297,0.2418,0.0,1.0,QUALIFIED
7568,30760.99068322981,14572.549689440995,0.100625,34.0384,5.4826,2.7899,15.269,0.0,4.818,1.7095,-1512.2711,1.0,0.0,4.049228,0.6152,0.4425,1.0,0.0,QUALIFIED
7573,-14137.82876712329,14579.695205479453,0.1825,20.3081,5.0556,2.4214,12.1552,0.0,4.3466,1.6669,-1941.5988,1.0,0.0,20.554957,0.2821,0.4196,0.0,1.0,QUALIFIED
7583,-5511.389175257733,14651.337628865982,0.2425,15.653,7.9647,3.4609,18.9514,0.0,6.5249,2.153,-1993.2304,1.0,0.0,12.316655,0.1679,0.335,1.0,0.0,QUALIFIED
7584,-5148.233918128652,14726.450292397658,0.21375,15.5998,8.0538,3.8842,18.4398,0.0,6.4922,2.3495,-1977.4414,1.0,0.0,12.209525,0.2434,0.3877,1.0,0.0,QUALIFIED
7585,14503.868932038837,14609.601941747567,0.12875,20.5865,8.3308,4.6311,20.2517,0.0,5.9229,2.2247,-1852.5115,1.0,0.0,3.22151,0.52,0.4486,1.0,0.0,QUALIFIED
7589,-5845.606490872211,14309.348884381336,0.61625,15.4567,6.8622,3.0126,16.7038,0.0,5.9022,2.2941,-1972.4174,1.0,0.0,12.446511,0.0867,0.2517,0.60142,0.0,QUALIFIED
7595,22803.819955406914,14379.652731326643,0.560625,26.9592,4.5836,2.3407,11.9038,0.0,3.6536,1.5466,-2045.3268,1.0,0.0,6.372303,0.6772,0.434,1.0,0.0,QUALIFIED
7624,3633.06227106227,14539.327838827838,0.34125,14.986,8.0926,4.2434,24.3335,0.0,6.4047,2.3154,-563.0316,1.0,0.0,3.920459,0.0781,0.2323,1.0,0.0,QUALIFIED
7649,-13135.28120978121,14245.850707850706,0.97125,19.3766,6.9337,2.4434,19.1948,0.0,6.0389,1.7876,-1874.0963,1.0,0.0,19.060643,0.075,0.2347,0.0,1.0,QUALIFIED
7653,21580.421052631587,14421.552631578948,0.11875,25.9558,2.7025,1.2484,6.4755,0.0,2.2678,0.8818,-2062.308,1.0,0.0,6.116576,0.4539,0.4161,1.0,0.0,QUALIFIED
7654,32221.30079155673,14112.934036939318,0.47375,35.1768,7.2182,3.2794,20.1026,0.0,6.2981,2.7227,-1393.1034,1.0,0.0,2.311926,0.1671,0.33,1.0,0.0,QUALIFIED
7664,32402.57167235496,14602.035836177474,0.549375,35.541,9.2783,4.1325,22.358,0.0,7.86,3.131,-1417.0355,1.0,0.0,2.013237,0.0074,0.0544,1.0,0.0,QUALIFIED
7687,23231.797297297293,14079.824324324323,0.115625,27.1655,5.2385,2.3609,11.1254,0.0,4.7004,1.9762,-2037.8621,1.0,0.0,6.460698,0.1587,0.2985,1.0,0.0,QUALIFIED
7696,18378.5,14377.714285714286,0.21875,23.3344,6.092,2.7266,16.2068,0.0,5.2127,2.0551,-2012.3038,1.0,0.0,4.273757,0.4032,0.427,1.0,0.0,QUALIFIED
7706,-6934.791628334868,14259.28564857406,0.679375,15.8555,5.6168,2.9363,23.0963,0.0,4.5394,2.0331,-2039.3776,1.0,0.0,13.384623,0.5941,0.4471,0.299908,0.00184,QUALIFIED
7709,23705.75,14345.835820895523,0.1675,27.7088,4.6035,2.2911,11.8603,0.0,3.5277,1.1568,-2037.4251,1.0,0.0,7.135343,0.6434,0.4084,1.0,0.0,QUALIFIED
7719,21416.255319148928,14210.739361702126,0.235,25.7023,4.2228,2.0931,12.5966,0.0,3.2554,1.0247,-2074.1884,1.0,0.0,5.790186,0.6912,0.4113,1.0,0.0,QUALIFIED
7754,15753.180981595098,14044.825153374231,0.61125,21.105,6.108,3.2274,19.0759,0.0,5.0339,2.0414,-1892.3859,1.0,0.0,2.655772,0.2311,0.3559,1.0,0.0,QUALIFIED
7755,20990.61111111111,14198.555555555557,0.1125,25.3419,4.5307,1.7264,12.8877,0.0,3.7717,1.0256,-2065.6296,1.0,0.0,5.535397,0.0138,0.091,1.0,0.0,QUALIFIED
7756,22137.12175324676,14278.949675324677,0.385,26.3429,2.7347,1.566,16.2357,0.0,2.2483,0.8152,-2063.2016,1.0,0.0,6.027956,0.5386,0.4414,1.0,0.0,QUALIFIED
7764,-12100.5141723356,14630.63038548753,2.205,18.9855,9.144,3.0638,18.7537,0.0,7.9664,2.4021,-1879.6437,1.0,0.0,18.096149,0.1847,0.3794,0.0,0.790816,QUALIFIED
7770,4231.157608695648,14283.040760869564,0.23,14.8962,8.1983,2.8629,18.474,0.0,7.3288,1.9297,-571.4151,1.0,0.0,3.403124,0.0349,0.1572,1.0,0.0,QUALIFIED
7776,-8957.556451612902,13905.84274193548,0.62,16.5405,4.9972,3.0576,18.8661,0.0,3.9997,2.0154,-2060.9691,1.0,0.0,15.177656,0.4279,0.4288,0.0,0.767137,QUALIFIED
7790,3834.483031674208,13929.685520361989,0.5525,14.4475,7.0966,3.9989,23.621,0.0,6.0909,2.4407,-540.1939,1.0,0.0,3.185318,0.0438,0.1677,0.986425,0.0,QUALIFIED
7808,14648.062300319483,14088.99840255591,0.195625,20.324,5.3219,2.7723,17.8755,0.0,4.4592,1.2712,-1833.0358,1.0,0.0,2.614025,0.1219,0.2598,1.0,0.0,QUALIFIED
7842,35109.55501222494,13834.790953545236,0.51125,37.7373,7.9307,3.8456,21.1542,0.0,6.9441,2.8884,-1225.6124,1.0,0.001222,0.0,0.0162,0.1033,1.0,0.0,QUALIFIED
7860,23395.7317922736,13562.810006333122,1.97375,27.0429,9.2733,4.7698,24.1449,0.0,7.8699,3.9359,-2026.0266,1.0,0.0,5.512769,0.3213,0.4485,1.0,0.0,QUALIFIED
7876,-2978.531496062991,13526.090551181103,0.79375,13.8496,10.249,4.5631,26.5126,0.0024,8.832,3.4411,-1824.1715,1.0,0.0,9.697036,0.0298,0.1445,0.277165,0.0,QUALIFIED
7881,-7217.777992277988,13712.27606177606,0.161875,15.4952,6.8998,4.0302,20.6549,0.0,5.2622,2.5862,-2048.3183,1.0,0.0,13.760201,0.2785,0.3933,0.0,0.146718,QUALIFIED
7887,18956.14251207729,13582.573844030368,0.905625,23.3201,5.1366,2.4119,15.9332,0.0,4.2609,1.501,-2026.6888,1.0,0.0,3.555366,0.3154,0.4228,1.0,0.0,QUALIFIED
7893,16718.8112244898,13498.790816326527,0.6125,21.4881,6.2069,3.3965,22.4703,0.0,5.1664,2.3702,-1910.2402,1.0,0.0,2.460818,0.1831,0.3342,1.0,0.0,QUALIFIED
7894,23395.3984375,13701.8671875,0.08,27.1126,6.7209,3.8295,17.0292,0.0,5.7219,2.054,-1997.6806,1.0,0.0,6.485416,0.3241,0.4335,1.0,0.0,QUALIFIED
7914,-12583.6339031339,13517.166666666668,1.096875,18.4671,6.1004,3.4341,23.4294,0.0,5.2655,2.7511,-1816.9168,1.0,0.0,18.40287,0.5421,0.4701,0.0,1.0,QUALIFIED
7930,31241.1368834882,13883.184060042884,0.874375,34.1873,10.3754,4.0331,26.5261,0.0007,8.6782,2.8319,-1483.9011,1.0,0.0,2.899353,0.3134,0.4303,1.0,0.0,QUALIFIED
7936,-9578.348101265825,13755.246835443042,0.09875,16.7609,3.6887,1.7079,9.5924,0.0,2.8266,0.8489,-2057.9494,1.0,0.0,16.014934,0.7149,0.3799,0.0,1.0,QUALIFIED
7972,15788.961883408068,13486.038116591924,0.139375,20.7646,8.121,3.8419,19.6865,0.0,6.1743,2.3973,-1862.5065,1.0,0.0,2.482438,0.2271,0.3864,1.0,0.0,QUALIFIED
7984,20496.71528471529,13694.143856143855,1.25125,24.6506,4.1495,2.919,16.5085,0.0,3.3377,2.24,-2049.9662,1.0,0.0,4.265047,0.2143,0.3674,1.0,0.0,QUALIFIED
7985,30835.40534979424,13569.584362139914,0.30375,33.6894,5.8328,2.5582,14.6519,0.0,4.9437,1.423,-1528.2529,1.0,0.0,3.650086,0.3502,0.4334,1.0,0.0,QUALIFIED
7990,11875.54895104895,13726.11188811189,0.17875,18.1503,9.6391,3.0711,16.0341,0.0,8.7657,1.996,-1593.3766,1.0,0.0,1.733854,0.1169,0.2453,1.0,0.0,QUALIFIED
8001,35806.71258134491,13772.896963123649,0.288125,38.3645,7.32,3.9084,21.6286,0.0,6.0089,2.3754,-1231.6525,1.0,0.013015,0.0,0.045,0.1841,1.0,0.0,QUALIFIED
8035,21469.529895366213,13701.060538116595,0.418125,25.469,4.5248,2.6823,14.8595,0.0,3.4928,1.6772,-2062.0214,1.0,0.0,4.957633,0.1633,0.3275,1.0,0.0,QUALIFIED
8059,23111.89424703892,13223.469543147206,0.369375,26.6276,7.147,2.8344,19.7609,0.0,6.1068,1.8894,-1983.7615,1.0,0.0,5.614713,0.6479,0.4507,1.0,0.0,QUALIFIED
8083,-8240.86043587594,13425.20662196144,0.745625,15.752,6.7933,3.6359,19.9967,0.0,5.488,2.6252,-2053.4988,1.0,0.0,14.415031,0.4246,0.4574,0.0,0.82062,QUALIFIED
8087,21507.129310344822,13304.46551724138,0.3625,25.2898,4.7672,3.4137,18.6266,0.0,3.6631,1.5837,-2045.2579,1.0,0.0,4.735042,0.2632,0.3876,1.0,0.0,QUALIFIED
8090,33316.84104046243,13282.002890173408,0.108125,35.867,8.5321,3.309,20.1334,0.0,7.8377,3.0246,-1391.3334,1.0,0.0,1.325,0.2888,0.4214,1.0,0.0,QUALIFIED
8105,31341.708672086723,13104.429539295394,0.230625,33.9713,7.4288,3.0365,18.6394,0.0,6.2226,1.8687,-1462.8376,1.0,0.0,3.025,0.0192,0.1191,1.0,0.0,QUALIFIED
8109,-10168.34702549575,13592.21388101983,0.220625,16.9741,4.5233,2.1737,11.3891,0.0,3.9101,1.7856,-2034.5141,1.0,0.0,16.531126,0.8567,0.3141,0.0,1.0,QUALIFIED
8118,-12986.017241379312,13152.310344827583,0.18125,18.4823,10.6092,3.6348,19.3899,0.0,9.2785,2.4738,-1848.8374,1.0,0.0,18.815751,0.944,0.1878,0.0,1.0,QUALIFIED
8119,-11526.638828633404,13126.711135213303,0.864375,17.4685,11.42,3.0423,22.0361,0.0,9.9808,2.2197,-1945.4642,1.0,0.0,17.094754,0.9993,0.0183,0.0,1.0,QUALIFIED
8120,-6973.447761194031,13268.59701492537,0.08375,14.9888,7.3433,3.6926,19.1778,0.0,6.8168,3.1797,-2008.7158,1.0,0.0,13.472217,0.0313,0.1451,0.0,1.0,QUALIFIED
8121,-6579.768292682929,13291.201219512195,0.1025,14.83,6.9034,2.3567,17.353,0.0,6.0164,1.1942,-1976.8429,1.0,0.0,13.091529,0.2351,0.3756,0.0,0.829268,QUALIFIED
8128,35877.30898876405,13340.106741573032,0.11125,38.2774,3.7957,2.1864,9.3945,0.0,3.6731,1.6883,-1209.4038,1.0,0.0,0.025,0.0501,0.1918,1.0,0.0,QUALIFIED
8136,34372.125,13194.75,0.25,36.818,5.9983,2.9947,18.2122,0.0,5.1645,2.25,-1244.0328,1.0,0.0,0.167705,0.0996,0.2724,1.0,0.0,QUALIFIED
8137,36501.05494125778,12590.68659295093,0.904375,38.6119,9.2321,3.5609,20.256,0.0,8.0508,2.3323,-1173.584,1.0,0.026261,0.0,0.144,0.2941,1.0,0.0,QUALIFIED
8148,15596.235074626864,13060.667910447764,0.1675,20.3427,5.623,2.4126,13.0209,0.0,4.9068,1.5887,-1827.8267,1.0,0.0,2.01634,0.137,0.2931,1.0,0.0,QUALIFIED
8152,-9151.057917109458,13271.036663124334,0.588125,16.1195,3.9986,2.0597,12.1537,0.0,3.1597,1.2103,-2064.7521,1.0,0.0,15.171128,0.3936,0.4406,0.0,1.0,QUALIFIED
8172,20251.395491803283,13080.571721311477,0.305,24.1087,4.0605,2.2132,11.3913,0.0,3.1666,1.5472,-2037.8259,1.0,0.0,3.951028,0.2011,0.3527,1.0,0.0,QUALIFIED
8173,32004.041864139028,13148.880726698262,0.79125,34.6002,5.8069,3.1115,19.1145,0.0,4.8546,2.3561,-1443.0685,1.0,0.0,2.27994,0.2542,0.3985,1.0,0.0,QUALIFIED
8180,-10638.61653116531,14101.658536585364,2.30625,17.6639,9.7202,3.6243,23.7395,0.0,8.4181,2.8449,-1978.3223,1.0,0.0,16.248385,0.4686,0.4827,0.0,0.80813,QUALIFIED
8181,-9608.631487889274,13133.458477508651,0.180625,16.2724,3.912,2.1234,10.1393,0.0,3.1223,1.1674,-2049.1563,1.0,0.0,15.835265,0.6101,0.4247,0.0,1.0,QUALIFIED
8190,16181.702797202794,13260.185314685315,0.446875,20.9209,7.7876,4.2119,25.4628,0.0014,6.1548,2.5913,-1859.5126,1.0,0.0,2.180166,0.1363,0.3115,1.0,0.0,QUALIFIED
8193,-5455.654946364717,13030.774135876043,0.524375,14.1261,5.814,3.0541,19.2447,0.0,5.0734,2.1429,-1912.1846,1.0,0.0,11.607756,0.2487,0.3924,0.0,0.747318,QUALIFIED
8208,33973.67534722222,13189.215277777776,0.36,36.4443,9.8418,4.4575,22.1633,0.0,8.6016,3.6154,-1284.9757,1.0,0.0,0.625,0.0635,0.2046,1.0,0.0,QUALIFIED
8209,38583.06518282989,12923.512718600956,0.78625,40.6902,8.2997,4.458,23.4688,0.0,7.4072,3.7852,-900.1581,1.0,0.002385,0.0,0.0202,0.1132,1.0,0.0,QUALIFIED
8223,21280.23394495412,12731.371559633026,0.340625,24.7981,4.4576,2.6058,16.3882,0.0,3.5514,1.6269,-2038.86,1.0,0.0,4.282085,0.2355,0.3736,1.0,0.0,QUALIFIED
8226,35647.289855072464,12840.028985507248,0.43125,37.8896,5.9813,2.595,15.7607,0.0,5.2346,1.7506,-1237.2961,1.0,0.097101,0.0,0.5815,0.4517,1.0,0.0,QUALIFIED
8233,18033.18421052632,12509.925837320574,0.653125,21.9477,5.9749,2.758,18.0338,0.0,4.8796,1.4991,-1928.963,1.0,0.0,2.202555,0.0583,0.1942,1.0,0.0,QUALIFIED
8247,17062.848164627358,12408.383759733042,1.12375,21.0977,7.0096,3.337,23.6009,0.0,5.696,2.0702,-1856.8047,1.0,0.0,1.402007,0.1096,0.264,1.0,0.0,QUALIFIED
8249,25331.93021346469,12951.977832512312,0.76125,28.4512,8.3523,3.8129,27.7128,0.0033,7.0676,2.695,-1921.5385,1.0,0.0,6.716817,0.1451,0.3323,1.0,0.0,QUALIFIED
8266,-10092.039440203567,13030.016539440205,0.245625,16.4805,4.182,1.5122,9.1836,0.0,3.3509,0.8048,-2051.8251,1.0,0.0,16.309449,0.8825,0.3083,0.0,1.0,QUALIFIED
8268,-6665.801382279635,12691.83242692046,2.758125,14.3351,7.8109,3.605,28.0814,0.0005,6.4973,2.6122,-1924.2846,1.0,0.0,11.735949,0.0876,0.2585,0.0,0.88058,QUALIFIED
8298,-3547.375,12748.861013986016,0.715,13.2326,7.2326,3.4975,21.1128,0.0,6.1183,2.4387,-1793.5486,1.0,0.0,9.84816,0.0546,0.2078,0.0,0.413462,QUALIFIED
8305,-9878.333333333328,12724.5,0.1875,16.1081,3.864,1.8529,9.0012,0.0,2.8279,1.1555,-2059.4284,1.0,0.0,15.976721,0.9743,0.1315,0.0,1.0,QUALIFIED
8312,18622.585846867754,12927.385150812064,0.53875,22.6699,6.1404,3.2859,19.8407,0.0,4.9706,2.2318,-1979.7014,1.0,0.0,2.907426,0.0668,0.2022,1.0,0.0,QUALIFIED
8315,39273.18951612903,12589.209677419356,0.155,41.2419,7.7611,3.2909,18.3488,0.0,6.4155,2.1569,-910.1034,1.0,0.008065,0.0,0.0047,0.0616,1.0,0.0,QUALIFIED
8329,19486.07794676805,12808.218631178705,0.821875,23.3188,6.1136,4.5192,26.0192,0.0015,4.852,3.1478,-2030.9087,1.0,0.0,3.086462,0.2005,0.3615,1.0,0.0,QUALIFIED
8337,-15639.885964912282,12617.166666666672,0.178125,20.094,2.7538,1.5168,8.0985,0.0,2.4469,1.0684,-2126.6835,1.0,0.0,21.124586,0.6644,0.3969,0.0,1.0,QUALIFIED
8350,-9264.612903225803,12793.241935483871,0.19375,15.7949,3.8744,1.8865,10.083,0.0,2.7963,0.9046,-2055.5413,1.0,0.0,15.25799,0.6466,0.414,0.0,1.0,QUALIFIED
8356,37105.20291777188,12664.823607427054,0.235625,39.2074,6.3102,3.3172,15.6727,0.0,5.1554,2.097,-1105.8459,1.0,0.071618,0.0,0.2887,0.4186,1.0,0.0,QUALIFIED
8381,22118.55107973421,12607.777823920267,1.505,25.4597,6.9316,2.6635,20.7348,0.0,5.7717,1.8487,-1989.8596,1.0,0.0,3.918067,0.1451,0.325,1.0,0.0,QUALIFIED
8384,-31443.69852941177,12448.294117647063,0.085,33.8175,6.1921,4.5029,19.6857,0.0,5.5872,3.2441,1558.9541,1.0,0.0,8.096373,1.0,0.0,0.0,1.0,QUALIFIED
8393,-7782.932432432433,12440.733415233415,0.254375,14.674,6.1635,3.6605,16.5949,0.0,5.0755,2.7385,-1906.2996,1.0,0.0,13.771756,0.3075,0.4217,0.0,1.0,QUALIFIED
8408,22885.6641221374,12440.576335877864,0.16375,26.0486,5.6155,2.5018,11.7149,0.0,4.6796,1.6915,-1946.5942,1.0,0.0,5.067852,0.1507,0.3186,1.0,0.0,QUALIFIED
8415,-5318.983146067418,12306.45505617978,0.278125,13.4061,6.8022,3.9713,26.1067,0.0022,5.9043,2.9511,-1847.8968,1.0,0.0,11.487602,0.0387,0.1672,0.0,1.0,QUALIFIED
8420,16233.27403846154,12313.24038461539,0.13,20.375,7.1875,2.9031,17.9953,0.0,6.7088,1.9773,-1761.8613,1.0,0.0,1.574206,0.0506,0.1832,1.0,0.0,QUALIFIED
8422,24629.033542976933,12472.171907756812,0.59625,27.6072,11.6323,3.5182,21.8417,0.0,9.8456,2.3247,-1850.8356,1.0,0.0,5.912117,0.0028,0.0322,1.0,0.0,QUALIFIED
8458,-10425.237631184404,12403.311094452773,0.416875,16.202,3.492,1.9175,12.2482,0.0,2.607,0.9824,-2070.0788,1.0,0.0,16.089068,0.997,0.0413,0.0,1.0,QUALIFIED
8460,-3786.392857142855,12248.714285714284,0.0875,12.82,4.3521,2.2126,10.1932,0.0,3.8072,1.3864,-1763.9377,1.0,0.0,10.162216,0.196,0.3538,0.0,1.0,QUALIFIED
8464,20328.17647058824,12548.441176470587,0.53125,23.8895,5.5686,3.7524,17.8118,0.0,4.3795,2.4166,-2024.3177,1.0,0.0,3.503302,0.3274,0.4168,1.0,0.0,QUALIFIED
8470,-8353.373563218389,11685.442528735635,0.54375,14.3634,6.6895,2.7192,15.7987,0.0,5.5666,1.6307,-1925.6628,1.0,0.0,13.930721,0.0406,0.1541,0.0,1.0,QUALIFIED
8475,39000.88888888889,12179.666666666672,0.1575,40.8588,4.0384,1.8581,10.8362,0.0,2.754,0.8003,-886.1587,1.0,0.003968,0.0,0.0748,0.2094,1.0,0.0,QUALIFIED
8482,25110.71134020618,12302.948453608244,0.12125,27.9629,10.0586,1.9793,16.3945,0.0,9.462,1.2662,-1861.4753,1.0,0.0,6.411318,0.0008,0.0115,1.0,0.0,QUALIFIED
8498,-9479.441176470587,12340.882352941177,0.53125,15.5607,3.0875,2.23,17.7984,0.0,2.42,1.3179,-2059.5843,1.0,0.0,15.21648,0.7738,0.376,0.0,1.0,QUALIFIED
8503,-11779.305620608897,12554.071428571428,0.800625,17.2143,10.6583,3.8481,24.3341,0.0,9.368,3.0783,-2000.8348,1.0,0.0,17.199564,1.0,0.0,0.0,1.0,QUALIFIED
8504,-7953.737410071946,12117.946043165466,0.086875,14.4944,5.5805,2.398,12.2662,0.0,4.803,1.0766,-1920.0394,1.0,0.0,14.024844,0.2506,0.3671,0.0,1.0,QUALIFIED
8508,14655.5294117647,12015.5,0.10625,18.9515,5.9165,2.888,13.1921,0.0,4.5922,1.1134,-1610.0009,1.0,0.0,0.784618,0.0762,0.2327,1.0,0.0,QUALIFIED
8521,-6623.7448630137005,11899.772260273974,0.365,13.6184,4.1135,2.3771,14.6455,0.0,3.176,1.5046,-1866.8366,1.0,0.0,12.546339,0.2433,0.3807,0.0,1.0,QUALIFIED
8528,39327.47029702971,12125.5,0.12625,41.1546,3.8303,2.5047,14.4267,0.0,2.9324,1.09,-892.6695,1.0,0.029703,0.0,0.0501,0.1579,1.0,0.0,QUALIFIED
8544,14128.577253218886,11812.302575107293,0.145625,18.416,5.2817,3.4874,22.6431,0.0,4.0122,1.6711,-1581.6452,1.0,0.0,0.328824,0.2474,0.369,1.0,0.103004,QUALIFIED
8565,-5944.6558441558445,12118.898268398269,0.144375,13.4977,3.1822,1.4689,7.7687,0.0,2.6739,1.0117,-1862.172,1.0,0.0,12.041309,0.3016,0.3968,0.0,1.0,QUALIFIED
8582,-10947.428571428572,11967.75,0.4375,16.2188,3.702,1.8729,9.4064,0.0,3.1509,1.3353,-2058.681,1.0,0.0,16.447511,0.9993,0.0181,0.0,1.0,QUALIFIED
8587,35730.00458715596,12142.988532110096,0.2725,37.7374,7.334,2.8919,19.2569,0.0,6.1709,2.1867,-1277.9265,1.0,0.0,0.364005,0.6635,0.4212,1.0,0.0,QUALIFIED
8592,20913.89655172413,12023.043103448275,0.725,24.1237,4.342,1.7656,12.9219,0.0,3.6346,1.0533,-1998.9813,1.0,0.0,3.110567,0.0788,0.2276,1.0,0.0,QUALIFIED
8595,22667.66860465116,12067.7965116279,0.215,25.6801,4.9192,2.2563,12.6434,0.0,3.8411,1.3231,-1932.118,1.0,0.0,4.525622,0.2488,0.3849,1.0,0.0,QUALIFIED
8600,-4523.981481481482,11578.518518518518,1.6875,12.4303,6.7119,3.1596,29.775,0.0019,5.5747,1.8939,-1752.6835,1.0,0.0,9.961175,0.0683,0.2217,0.0,1.0,QUALIFIED
8624,38768.08037578288,11937.45198329854,0.299375,40.5647,5.2353,2.2085,12.4551,0.0,4.4116,1.5944,-883.3777,1.0,0.002088,0.0,0.0154,0.0929,1.0,0.0,QUALIFIED
8631,12727.418632075469,12056.39622641509,0.53,17.5312,11.3507,4.6248,29.6646,0.0165,9.9054,3.6022,-1532.326,1.0,0.0,0.106066,0.0379,0.1584,1.0,0.365566,QUALIFIED
8639,17530.431458699466,11756.25571177504,0.355625,21.1076,7.6429,3.9294,18.8096,0.0,5.5228,2.2432,-1872.9873,1.0,0.0,1.465009,0.1798,0.3425,1.0,0.0,QUALIFIED
8648,20401.95098039216,11904.503267973858,0.19125,23.6213,3.0036,1.5764,9.2069,0.0,2.8039,1.3513,-1995.1642,1.0,0.0,3.280244,0.0553,0.1794,1.0,0.0,QUALIFIED
8664,18671.385094600824,11697.235117674209,1.354375,22.033,6.4451,3.1173,20.4035,0.0,5.2082,1.9805,-1929.8689,1.0,0.0,1.60507,0.0452,0.1738,1.0,0.0,QUALIFIED
8679,39657.20120259019,11391.711840888063,0.675625,41.2613,5.1612,3.4126,23.0465,0.0,4.2508,2.2636,-903.1887,1.0,0.0,0.412311,0.2219,0.3709,1.0,0.0,QUALIFIED
8687,22660.674863387976,11419.024590163935,0.571875,25.3754,7.8709,3.4255,21.613,0.0,6.7548,2.572,-1941.1586,1.0,0.0,3.621119,0.5681,0.4725,1.0,0.0,QUALIFIED
8702,33191.21686746988,11442.216867469884,0.10375,35.1084,4.1424,2.0733,9.2049,0.0,4.1769,1.4995,-1441.4217,1.0,0.0,2.139655,0.0858,0.2555,1.0,0.0,QUALIFIED
8707,40479.66270337922,11838.250312891112,0.99875,42.1755,6.214,3.5135,19.553,0.0,5.1583,2.7487,-865.7169,1.0,0.0,0.763217,0.089,0.2567,1.0,0.0,QUALIFIED
8714,35552.901360544216,11812.74489795918,0.091875,37.4643,9.2403,2.5064,20.2556,0.0,8.2814,2.1392,-1320.9842,1.0,0.0,0.873212,0.2101,0.3339,1.0,0.0,QUALIFIED
8721,-6008.538720538716,11761.61111111111,0.37125,13.2068,10.2397,4.1126,25.4574,0.0017,8.2368,2.7657,-1855.5128,1.0,0.0,11.858541,0.2391,0.41,0.0,1.0,QUALIFIED
8727,35912.4213483146,11541.838951310863,0.33375,37.7219,8.7424,3.4548,20.6225,0.0,7.1976,2.1278,-1307.516,1.0,0.0,0.986471,0.5383,0.4536,1.0,0.0,QUALIFIED
8754,16997.800970873788,11650.2572815534,0.321875,20.6073,6.6736,2.9043,16.9159,0.0,5.4785,1.7209,-1840.1361,1.0,0.0,1.237942,0.1488,0.306,1.0,0.0,QUALIFIED
8757,24238.51292596945,11555.435370152758,0.531875,26.8523,8.1223,4.0513,22.4263,0.0,7.0133,3.1851,-1747.0606,1.0,0.0,4.955111,0.365,0.4582,1.0,0.0,QUALIFIED
8771,14156.635416666664,11465.604166666672,0.3,18.2174,8.1603,3.3494,26.6828,0.0021,6.7387,1.7512,-1563.6861,1.0,0.0,0.025,0.0901,0.2658,1.0,0.825,QUALIFIED
8797,41074.08506224067,11383.798755186726,0.150625,42.6228,4.7599,3.0037,14.6596,0.0,4.4854,2.7392,-830.4325,1.0,0.0,1.82363,0.153,0.3146,1.0,0.0,QUALIFIED
8822,15510.343373493984,11511.192771084336,0.10375,19.3153,7.4999,3.4449,19.0119,0.0,6.3276,1.8984,-1606.9316,1.0,0.0,0.614919,0.0106,0.0701,1.0,0.0,QUALIFIED
8825,35014.840386384545,11423.177092916289,0.679375,36.8314,8.6422,3.3881,22.9906,0.0,7.2524,2.1409,-1409.16,1.0,0.0,1.099147,0.5683,0.4618,1.0,0.0,QUALIFIED
8835,39060.161764705874,11496.21078431372,0.1275,40.7172,7.5209,4.7119,19.7127,0.0,5.716,2.5162,-917.582,1.0,0.0,0.626997,0.2461,0.4047,1.0,0.0,QUALIFIED
8842,21372.588235294126,11408.147058823532,0.10625,24.2269,4.9015,1.9367,10.2292,0.0,4.0666,0.8287,-1943.9042,1.0,0.0,3.370182,0.1158,0.2793,1.0,0.0,QUALIFIED
8858,26776.895577395582,11281.151105651108,0.254375,29.0565,9.9064,3.873,22.9064,0.0,8.6266,2.9866,-1981.8834,1.0,0.0,6.689731,0.7456,0.4124,1.0,0.0,QUALIFIED
8871,24892.703125,11361.0859375,0.4,27.363,6.7739,3.0653,16.3876,0.0,5.6367,2.0437,-1708.5616,1.0,0.0,5.217519,0.0727,0.2213,1.0,0.0,QUALIFIED
8876,-10325.741157556266,10942.963826366562,0.7775,15.0449,8.672,4.7206,21.3091,0.0,7.4484,4.0303,-2031.0011,1.0,0.0,14.781111,0.6011,0.4733,0.0,1.0,QUALIFIED
8878,-6460.5340136054365,11399.649659863942,0.091875,13.1024,4.1163,2.701,15.3016,0.0,3.5308,1.3755,-1858.3219,1.0,0.0,12.350152,0.262,0.3744,0.0,1.0,QUALIFIED
8888,35578.911764705874,11298.702614379086,0.095625,37.3302,8.2292,3.7599,23.2853,0.0,7.7154,2.0925,-1354.5906,1.0,0.0,1.382932,0.3344,0.4372,1.0,0.0,QUALIFIED
8896,33902.30612244898,11285.959183673467,0.1225,35.7318,4.0546,1.9671,9.2243,0.0,3.4582,1.3226,-1452.918,1.0,0.0,1.86715,0.7433,0.3832,1.0,0.0,QUALIFIED
8904,-1469.194690265489,11301.219026548672,0.2825,11.3958,10.9174,3.9263,20.5926,0.0,9.8058,2.9707,-1323.8019,1.0,0.0,7.483524,0.0095,0.0822,0.0,1.0,QUALIFIED
8906,12963.808681672024,11339.48713826367,0.194375,17.2234,9.8762,3.1471,25.159,0.0032,9.2442,2.1306,-1447.6077,1.0,0.254019,0.0,0.0102,0.0853,1.0,1.0,QUALIFIED
8908,18030.297101449272,11123.416666666672,0.345,21.1856,6.861,3.0962,19.0732,0.0,5.9411,1.7108,-1855.9241,1.0,0.0,1.2612,0.0646,0.2079,1.0,0.0,QUALIFIED
8919,-7227.550000000003,11102.949999999995,0.3125,13.2474,7.9873,3.9751,21.5879,0.0,6.3813,2.1645,-1855.18,1.0,0.0,12.801489,0.2581,0.3868,0.0,1.0,QUALIFIED
8933,21052.00984251968,11038.688976377956,0.3175,23.7708,3.642,1.6304,9.1767,0.0,3.103,1.1619,-1943.3302,1.0,0.0,2.825442,0.1739,0.3237,1.0,0.0,QUALIFIED
8941,-8025.089266155534,11065.532858707556,0.570625,13.6685,6.7892,3.3579,22.2061,0.0,5.7102,2.3943,-1877.2225,1.0,0.0,13.339064,0.1688,0.3302,0.0,1.0,QUALIFIED
8945,38964.009803921566,11120.69607843137,0.159375,40.5203,4.143,2.2208,14.1213,0.0,3.3453,0.941,-924.3057,1.0,0.0,0.95,0.0946,0.2434,1.0,0.0,QUALIFIED
8949,-11157.292828685257,11186.336653386454,0.784375,15.7986,9.0526,2.8158,26.8182,0.0008,7.9228,1.9151,-1991.8111,1.0,0.0,15.918248,0.2653,0.3982,0.0,1.0,QUALIFIED
8957,-9484.452551477174,11525.634288272158,1.39625,14.9256,6.418,3.1759,21.7628,0.0,5.3872,2.3648,-2009.3161,1.0,0.0,14.189124,0.2128,0.3695,0.0,1.0,QUALIFIED
8961,19862.994257762657,11708.549766056996,1.469375,23.0573,5.9976,2.2289,15.3493,0.0,4.8134,1.262,-1974.2357,1.0,0.0,2.45204,0.0457,0.1867,1.0,0.0,QUALIFIED
8966,-4100.050561797754,10968.4213483146,0.278125,11.709,9.1409,4.4263,22.3635,0.0,7.1107,3.0338,-1701.6684,1.0,0.0,9.866357,0.2654,0.4093,0.0,1.0,QUALIFIED
8971,18910.70414673046,11039.21610845295,0.391875,21.8972,5.0888,2.4548,14.7481,0.0,4.1398,1.3963,-1926.1392,1.0,0.0,1.629801,0.0755,0.2247,1.0,0.0,QUALIFIED
8972,19664.45243757432,10868.098097502974,0.525625,22.4681,3.8845,2.2528,14.2982,0.0,3.1288,1.2621,-1918.4658,1.0,0.0,1.850676,0.0739,0.2254,1.0,0.0,QUALIFIED
8980,-9319.700680272108,10734.020408163262,0.91875,14.2146,7.0317,3.0237,21.6588,0.0,5.9508,2.125,-2003.3545,1.0,0.0,13.993056,0.7967,0.3692,0.0,1.0,QUALIFIED
8984,39258.74295774648,10911.767605633802,0.1775,40.7473,6.5526,3.4416,19.6188,0.0,5.0342,1.8826,-934.3593,1.0,0.0,1.050298,0.1862,0.3526,1.0,0.0,QUALIFIED
8991,-10222.336734693876,11132.744897959186,0.30625,15.1133,4.4558,2.4147,13.5398,0.0,3.7174,1.7489,-2032.2881,1.0,0.0,15.484508,0.9058,0.2626,0.0,1.0,QUALIFIED
8995,27264.75862068965,11008.948275862072,0.18125,29.4037,6.7101,2.6264,13.7743,0.0,5.7783,1.4927,-2041.7881,1.0,0.0,6.876818,1.0,0.0,1.0,0.0,QUALIFIED
9000,36355.41259640103,10975.660668380464,0.48625,37.9764,6.8631,2.9365,24.84,0.0,5.7108,1.7569,-1329.7081,1.0,0.0,1.258223,0.4962,0.4709,1.0,0.0,QUALIFIED
9014,22976.46428571429,11026.392857142857,0.0875,25.4855,5.6238,2.2117,11.9477,0.0,5.5296,1.9435,-2003.8817,1.0,0.0,4.162031,1.0,0.0,1.0,0.0,QUALIFIED
9018,-23027.4,11055.700000000004,0.3125,25.5432,7.3753,4.3462,26.9709,0.008,6.8923,2.4401,-960.6938,1.0,0.0,14.483309,0.0496,0.1919,0.0,1.0,QUALIFIED
9035,21666.04740608229,10971.609123434704,0.349375,24.2859,4.3718,2.2546,16.6604,0.0,3.6598,1.5976,-1912.9665,1.0,0.0,3.096167,0.1171,0.2656,1.0,0.0,QUALIFIED
9036,21839.22531293462,11514.877607788592,0.89875,24.6892,4.7705,2.2916,15.6442,0.0,3.9056,1.5458,-1932.3881,1.0,0.0,3.369811,0.1245,0.277,1.0,0.0,QUALIFIED
9053,42814.30099502487,11031.967661691546,0.125625,44.2131,11.309,2.5506,21.1148,0.0,9.8239,1.2768,-677.4864,1.0,0.0,3.668787,0.0092,0.0919,1.0,0.0,QUALIFIED
9064,30623.37387387388,10721.108108108108,0.13875,32.4462,7.7851,2.9429,15.3907,0.0,6.3696,1.285,-1915.0414,1.0,0.0,4.569532,1.0,0.0,1.0,0.0,QUALIFIED
9066,34844.625,10921.375,0.125,36.5164,6.2424,4.96,21.5886,0.0,5.3776,3.462,-1452.7998,1.0,0.0,1.908042,0.7916,0.3727,1.0,0.0,QUALIFIED
9074,-2172.1535433070894,11038.688976377956,0.15875,11.2498,11.2974,3.5675,21.4275,0.0,9.9706,2.9298,-1446.9706,1.0,0.0,8.143249,0.4013,0.4722,0.0,1.0,QUALIFIED
9078,35692.305320435305,10678.976420798062,0.516875,37.256,8.5267,3.8894,17.2738,0.0,7.2105,2.8536,-1385.1098,1.0,0.0,1.686157,0.4066,0.4611,1.0,0.0,QUALIFIED
9108,-6835.629310344826,10846.728448275862,0.145,12.8203,7.8357,3.8985,20.7674,0.0,6.5844,2.1837,-1815.4228,1.0,0.0,12.33192,0.1381,0.3127,0.0,1.0,QUALIFIED
9112,24478.731770833343,10880.643229166672,0.72,26.7882,7.9923,3.5596,20.4918,0.0,6.7027,2.8707,-1729.0568,1.0,0.0,4.580461,0.1619,0.3138,1.0,0.0,QUALIFIED
9119,-3902.6205357142826,10437.479166666672,0.42,11.1426,8.0446,4.491,24.1393,0.0,6.8066,3.2086,-1672.8743,1.0,0.0,9.52162,0.2192,0.3762,0.0,1.0,QUALIFIED
9130,3506.3121693121648,10640.513227513227,0.23625,11.203,7.2246,2.9942,15.7176,0.0,6.1527,1.6264,-128.2422,1.0,0.0,2.65059,0.0495,0.1835,0.0,1.0,QUALIFIED
9134,38616.05550262029,10987.505717008098,1.311875,40.1491,8.8855,3.5879,29.9557,0.0024,7.6333,2.4115,-958.8304,1.0,0.0,0.145774,0.1491,0.297,1.0,0.0,QUALIFIED
9135,43532.47101449275,10689.992753623184,0.08625,44.8262,8.9838,2.1376,14.3596,0.0,8.751,1.4748,-537.6916,1.0,0.0,4.392109,0.0557,0.1843,1.0,0.0,QUALIFIED
9148,17288.760780287477,10708.898357289523,1.521875,20.3369,9.2583,3.944,29.5243,0.0053,7.7441,2.5072,-1769.5993,1.0,0.0,0.223607,0.03,0.1527,1.0,0.621355,QUALIFIED
9150,25090.0612244898,10720.90816326531,0.1225,27.2849,4.2908,2.1859,11.4929,0.0,3.9587,1.0979,-1724.3012,1.0,0.0,5.162969,0.1388,0.2953,1.0,0.0,QUALIFIED
9162,26946.36274509804,10808.147058823532,0.159375,29.0334,6.1243,2.9801,17.3592,0.0,5.3533,1.428,-2040.1933,1.0,0.0,6.576188,0.9715,0.1294,1.0,0.0,QUALIFIED
9163,35053.0016286645,10586.49348534202,0.191875,36.6171,6.8189,3.6544,18.0353,0.0,5.6308,2.3572,-1439.9092,1.0,0.0,2.102974,0.4764,0.4626,1.0,0.0,QUALIFIED
9174,20267.02577319587,10695.345360824744,0.12125,22.9162,3.8163,1.677,8.5024,0.0,3.4585,0.7343,-1931.9986,1.0,0.0,2.191603,0.0507,0.1714,1.0,0.0,QUALIFIED
9206,-7578.7523510971805,10572.404388714736,0.39875,13.0075,5.9137,2.6821,19.5673,0.0,4.9533,1.936,-1834.5245,1.0,0.0,12.790548,0.3422,0.4481,0.0,1.0,QUALIFIED
9213,41721.23629242819,10484.638381201046,0.239375,43.0188,9.457,2.6852,20.0803,0.0,8.1747,1.2628,-849.5174,1.0,0.0,2.710166,0.6575,0.4492,1.0,0.0,QUALIFIED
9221,18487.849691021445,10043.756997455472,1.719375,21.0401,8.7458,3.5283,26.9163,0.0011,7.3667,2.6652,-1828.2598,1.0,0.0,0.035355,0.0282,0.1443,1.0,0.810978,QUALIFIED
9224,27679.3875432526,10745.828719723184,0.36125,29.6924,6.3775,3.8844,22.4438,0.0,4.7821,2.0313,-2068.2064,1.0,0.0,6.862215,1.0,0.0,1.0,0.0,QUALIFIED
9247,18282.833333333336,10629.083333333336,0.1875,21.1482,7.6424,3.2726,17.1351,0.0,6.8499,2.0435,-1863.5165,1.0,0.0,1.02774,0.0123,0.0793,1.0,0.38,QUALIFIED
9250,-41079.33747178329,10361.335214446954,0.276875,42.3653,8.7874,3.491,24.6647,0.0,7.8578,2.7457,-274.7752,1.0,0.0,2.435416,0.01,0.0662,1.0,0.0,QUALIFIED
9255,-9721.8768115942,10470.97101449276,0.08625,14.2876,4.1118,2.1402,11.269,0.0,3.9287,1.7643,-2053.8142,1.0,0.0,14.849516,0.811,0.3536,0.0,1.0,QUALIFIED
9279,3056.513060760932,10130.539750141965,1.100625,10.5813,10.755,3.0417,24.7364,0.0,9.4475,1.8828,-140.8955,1.0,0.0,2.40013,0.0023,0.0334,0.0,0.993754,QUALIFIED
9280,20514.91095890412,10229.364970645796,0.319375,22.924,5.368,2.2981,15.6998,0.0,4.3949,1.1136,-1910.0421,1.0,0.0,1.758195,0.0405,0.1549,1.0,0.154599,QUALIFIED
9300,28449.95871559633,10348.8371559633,0.545,30.274,9.3871,4.056,24.1473,0.0,8.3276,3.2256,-2077.9367,1.0,0.0,6.298115,1.0,0.0,1.0,0.0,QUALIFIED
9306,29326.34108527132,10393.232558139534,0.16125,31.1139,7.1693,2.7513,15.8539,0.0,6.5261,2.3836,-1957.3732,1.0,0.0,5.914442,0.8909,0.2737,1.0,0.0,QUALIFIED
9326,36392.40935672514,10423.087719298244,0.21375,37.856,6.718,3.438,20.2441,0.0,5.311,1.5534,-1305.9282,1.0,0.0,1.959751,0.0485,0.1813,1.0,0.0,QUALIFIED
9354,39708.482683982686,10057.859307359307,0.433125,40.9628,9.8201,4.2321,24.4114,0.0,8.5454,3.0478,-1009.0831,1.0,0.0,2.04267,0.329,0.4069,1.0,0.0,QUALIFIED
9358,-31270.465277777777,10397.375,0.09,32.9531,7.8123,3.3542,16.0811,0.0,6.557,2.5831,1717.5142,1.0,0.0,7.037844,0.0192,0.0961,0.0,1.0,QUALIFIED
9375,19827.56224899598,10276.202811244975,0.31125,22.3325,6.5161,2.8149,15.6508,0.0,5.2185,1.4677,-1893.673,1.0,0.0,1.491643,0.0315,0.142,1.0,0.323293,QUALIFIED
9378,31217.087476979752,10320.15930018416,0.339375,32.8791,6.0345,3.0637,18.4323,0.0,5.1027,2.3007,-1968.9814,1.0,0.0,4.084422,1.0,0.0,1.0,0.0,QUALIFIED
9405,-7890.88461538461,10208.032051282047,0.0975,12.9016,3.657,1.4881,7.7306,0.0,3.25,1.0832,-1847.4072,1.0,0.0,13.123762,0.6808,0.4012,0.0,1.0,QUALIFIED
9433,-40985.52865329513,9998.136103151868,0.218125,42.1868,7.6518,4.557,27.613,0.0086,6.7562,3.0208,-303.4104,1.0,0.0,2.415057,0.0223,0.1388,1.0,0.0,QUALIFIED
9453,27696.41176470589,10106.08823529412,0.2125,29.4829,8.0196,3.5585,21.0174,0.0,6.3988,2.2264,-2101.2171,1.0,0.0,6.629951,1.0,0.0,1.0,0.0,QUALIFIED
9459,-6252.1265912305535,9841.023338048091,0.441875,11.6584,5.0142,3.0545,20.547,0.0,4.4406,2.0912,-1750.4345,1.0,0.0,11.204129,0.2322,0.3746,0.0,1.0,QUALIFIED
9467,36047.3426395939,10034.383248730965,0.123125,37.4183,6.1052,2.6764,12.5951,0.0,5.343,1.6032,-1309.9344,1.0,0.0,2.449745,0.0928,0.2501,1.0,0.0,QUALIFIED
9481,25353.26406353408,10136.858371939115,1.88875,27.3049,10.9341,3.4174,21.67,0.0,9.3969,2.6673,-1828.0048,1.0,0.0,4.162706,0.1123,0.283,1.0,0.0,QUALIFIED
9482,27118.83890577508,9951.601823708204,0.41125,28.8874,5.6695,2.8059,23.5003,0.0,4.6659,1.5138,-2057.941,1.0,0.0,5.905982,0.7352,0.3993,1.0,0.0,QUALIFIED
9545,20072.45221843003,9778.315699658706,0.183125,22.3278,5.8101,3.4319,25.2624,0.0034,4.9553,1.7822,-1854.8004,1.0,0.0,1.290591,0.018,0.1085,1.0,1.0,QUALIFIED
9546,23155.16343042071,9672.506472491908,0.193125,25.0945,4.7401,2.7554,16.6776,0.0,3.6153,1.4606,-1753.8261,1.0,0.0,3.062372,0.2035,0.353,1.0,0.0,QUALIFIED
9611,22644.671339563865,9594.606957424716,0.601875,24.5937,6.1415,3.1939,18.2605,0.0,4.9868,2.0712,-1749.9157,1.0,0.0,2.517191,0.109,0.2777,1.0,0.0,QUALIFIED
9629,26817.335365853665,9750.80487804878,0.1025,28.5353,5.9354,2.6407,15.9854,0.0,4.7725,1.2379,-2042.5,1.0,0.0,5.80097,0.4529,0.4188,1.0,0.0,QUALIFIED
9674,40861.60732984294,9546.409685863871,0.4775,41.9623,8.0077,2.8986,24.3459,0.0,6.9674,1.892,-1007.7418,1.0,0.0,2.563811,0.7029,0.4354,1.0,0.0,QUALIFIED
9677,-7238.490593577684,9656.427667855984,1.926875,12.0675,8.4626,4.8653,27.7938,0.0032,7.129,3.7756,-1827.6222,1.0,0.0,11.509235,0.3632,0.4461,0.0,1.0,QUALIFIED
9682,24154.41394927536,9864.83423913044,1.38,26.0915,7.5533,3.6519,20.6801,0.0,6.3967,2.7624,-1760.4323,1.0,0.0,3.024173,0.0492,0.1776,1.0,0.0,QUALIFIED
9703,-8030.270491803276,9043.614754098358,0.953125,12.0936,11.1274,4.8715,25.4899,0.0013,9.8789,4.3506,-1891.3686,1.0,0.0,11.955856,0.9449,0.2073,0.0,1.0,QUALIFIED
9708,36019.099109131406,9546.96436525612,0.56125,37.2632,8.04,3.8317,19.88,0.0,7.0333,3.0277,-1277.4507,1.0,0.0,2.632608,0.0678,0.2274,1.0,0.0,QUALIFIED
9709,38671.25836550837,9475.83783783784,1.9425,39.8157,7.7285,2.9656,23.3608,0.0,6.7758,2.256,-1054.3576,1.0,0.0,2.015099,0.1861,0.3557,1.0,0.0,QUALIFIED
9714,-16611.4375,9661.495370370372,0.27,19.2161,11.0267,2.4931,19.1538,0.0,9.8766,1.632,-1623.8173,1.0,0.0,20.697252,0.0001,0.0019,0.0,1.0,QUALIFIED
9718,19014.24820143885,9548.07194244604,0.17375,21.2771,6.8415,3.0696,15.8832,0.0,5.5579,1.5706,-1840.4032,1.0,0.0,0.687841,0.0429,0.1568,1.0,1.0,QUALIFIED
9719,27503.618616144973,9655.07166392092,0.379375,29.1494,5.8229,2.8799,15.0916,0.0,4.5298,1.6429,-2081.843,1.0,0.0,6.091182,0.9939,0.0706,1.0,0.0,QUALIFIED
9720,28157.25109170306,9656.613537117904,0.143125,29.7674,8.243,3.9477,19.2514,0.0,6.9285,2.6026,-2107.041,1.0,0.0,6.756895,1.0,0.0,1.0,0.0,QUALIFIED
9725,-8801.75292740047,9970.019906323185,1.334375,13.2986,10.0932,3.9438,28.3047,0.0023,8.7152,2.9803,-1917.1477,1.0,0.0,13.433168,0.041,0.1693,0.0,1.0,QUALIFIED
9737,37711.24568965517,9401.46982758621,0.145,38.8658,7.5332,2.8251,15.5079,0.0,6.0609,1.8287,-1009.2157,1.0,0.0,2.754201,0.0652,0.2159,1.0,0.0,QUALIFIED
9802,22913.83691756272,9036.431899641577,0.174375,24.6316,8.5297,4.0309,16.699,0.0,7.7787,3.2905,-1753.8477,1.0,0.0,2.450128,0.6447,0.4396,1.0,0.0,QUALIFIED
9803,26863.68776371308,9267.324894514772,0.29625,28.4176,3.824,1.9939,13.9372,0.0,3.2907,1.3309,-2035.3625,1.0,0.0,5.249762,0.6412,0.4158,1.0,0.0,QUALIFIED
9805,35632.21384928716,9100.423625254582,0.61375,36.7763,7.7713,3.8508,20.466,0.0,6.6465,3.0067,-1288.9698,1.0,0.0,3.354288,0.185,0.3569,1.0,0.0,QUALIFIED
9809,-5014.43709327549,9378.26572668113,0.288125,10.634,8.3574,3.5259,18.3198,0.0,7.0092,2.0372,-1643.7509,1.0,0.0,10.066187,0.0351,0.146,0.0,1.0,QUALIFIED
9837,27832.149513212804,9126.125869262862,0.449375,29.2905,8.0318,3.9116,18.6077,0.0,6.5223,3.0821,-2070.8391,1.0,0.0,5.821136,0.9647,0.1569,1.0,0.0,QUALIFIED
9844,-9041.429203539818,9205.809734513276,0.14125,12.9026,4.6505,2.295,11.4195,0.0,4.3698,1.8989,-1841.0912,1.0,0.0,13.771188,0.6336,0.4561,0.0,1.0,QUALIFIED
9878,35082.94017094017,8924.645299145297,0.14625,36.2007,6.2247,2.0307,12.72,0.0,5.0328,0.9309,-1343.9313,1.0,0.0,3.747666,0.4056,0.4554,1.0,0.0,QUALIFIED
9885,37418.98356807513,8985.476525821592,0.26625,38.4831,4.535,2.297,12.4882,0.0,4.0475,1.8606,-996.9766,1.0,0.0,3.181981,0.0084,0.0668,1.0,0.0,QUALIFIED
9897,37928.6474654378,9092.66589861751,0.135625,39.0037,3.9301,2.16,11.2662,0.0,3.7347,1.5049,-999.9406,1.0,0.0,3.083221,0.0,0.0,1.0,0.0,QUALIFIED
9906,34251.31049069374,8239.45939086294,1.846875,35.2288,10.8617,3.3531,21.5075,0.0,9.4068,2.7307,-1470.1298,1.0,0.0,4.034616,0.3531,0.4339,1.0,0.0,QUALIFIED
9920,23717.89005235601,8856.826352530537,0.71625,25.3179,7.6773,3.1955,27.461,0.0017,6.7152,2.496,-1741.1597,1.0,0.0,2.740552,0.1155,0.2919,1.0,0.0,QUALIFIED
9997,18780.674089068823,9160.874493927127,0.6175,20.8961,8.4115,2.778,23.9615,0.0,7.0499,1.4894,-1789.9049,1.0,0.0,0.055902,0.0054,0.0579,1.0,1.0,QUALIFIED
9999,20859.39077669903,8842.126213592237,0.2575,22.6563,6.9841,4.0222,19.8009,0.0,6.1601,3.1748,-1767.2698,1.0,0.0,1.046721,0.0344,0.1488,1.0,0.143204,QUALIFIED
10000,25614.083333333343,8809.759259259263,0.135,27.0871,8.6569,4.1781,18.2144,0.0,6.8813,2.0485,-1968.7533,1.0,0.0,4.208622,0.1876,0.3631,1.0,0.0,QUALIFIED
10003,39959.24304068522,8636.233404710918,0.58375,40.8822,7.3425,1.9642,15.2432,0.0,6.3586,1.1812,-1174.9786,1.0,0.0,3.141855,0.9237,0.2461,1.0,0.0,QUALIFIED
10057,20396.88893219018,9184.13211223694,0.801875,22.3695,8.8717,3.9336,25.133,0.0008,7.4265,2.6716,-1800.1649,1.0,0.0,0.605186,0.0413,0.1664,1.0,0.82463,QUALIFIED
10065,-30593.18292682927,8671.719512195123,0.128125,31.7978,9.491,4.0569,19.9721,0.0,8.5363,2.8038,1843.2804,1.0,0.0,6.911042,0.0991,0.2314,0.0,1.0,QUALIFIED
10074,-33661.13636363637,8562.409090909088,0.171875,34.7325,8.8649,4.26,24.1901,0.0,8.2258,3.521,747.6185,1.0,0.0,3.926592,0.0342,0.1652,1.0,1.0,QUALIFIED
10090,26021.59595959596,8598.164141414141,0.2475,27.4056,6.1538,2.6827,21.4669,0.0,5.4151,1.7818,-1980.4052,1.0,0.0,4.270904,0.0185,0.1105,1.0,0.0,QUALIFIED
10091,29325.1329113924,8625.0253164557,0.09875,30.5676,10.7046,2.6961,17.7289,0.0,9.8024,1.99,-1727.1468,1.0,0.0,7.017834,0.0129,0.0741,1.0,0.0,QUALIFIED
10101,25132.9745762712,8587.505649717517,0.22125,26.5599,8.9451,2.5146,16.473,0.0,7.7295,1.432,-1919.5236,1.0,0.0,3.660345,0.0047,0.0499,1.0,0.0,QUALIFIED
10112,25559.41902834008,8478.435222672066,0.154375,26.9293,7.5016,3.5776,18.859,0.0,5.7735,1.9555,-1946.39,1.0,0.0,3.996561,0.1291,0.3089,1.0,0.0,QUALIFIED
10113,27361.259868421053,8683.353618421053,0.38,28.7064,6.0996,3.0798,14.9156,0.0,4.9443,2.1173,-2060.0578,1.0,0.0,5.321713,0.7782,0.3891,1.0,0.0,QUALIFIED
10114,30469.680217937974,8344.28667225482,1.49125,31.5919,9.4026,4.1351,25.3969,0.0008,8.1379,3.3357,-1584.4747,1.0,0.0,5.860941,0.3996,0.4648,1.0,0.0,QUALIFIED
10131,26939.5,8283.603448275862,0.271875,28.1846,4.4732,2.0528,14.3518,0.0,3.9497,2.1562,-2047.2482,1.0,0.0,4.802343,0.4942,0.4727,1.0,0.0,QUALIFIED
10136,-21769.68103448276,8519.824712643684,0.435,23.3768,10.9145,2.9038,29.1281,0.0029,9.7043,2.218,-630.379,1.0,0.0,15.352952,0.2579,0.4052,0.0,1.0,QUALIFIED
10169,20442.83333333333,8407.166666666664,0.09375,22.1043,5.6973,2.3703,12.0974,0.0,4.5953,1.2765,-1729.0155,1.0,0.0,0.57717,0.0064,0.0506,1.0,0.6,QUALIFIED
10206,31587.82367849385,8336.07204923968,0.863125,32.6696,8.5333,3.8017,24.0233,0.0,7.3732,3.1574,-1576.292,1.0,0.0,5.292093,0.2065,0.3772,1.0,0.0,QUALIFIED
10234,-19072.003637833463,8546.8116410671,1.54625,20.8988,10.5115,3.916,27.9511,0.0024,9.2587,3.0758,-1060.7242,1.0,0.0,17.491605,0.0151,0.1038,0.0,1.0,QUALIFIED
10240,39850.310473815465,8054.053615960103,0.250625,40.6564,5.1521,3.1963,16.8558,0.0,4.1508,2.0628,-1220.25,1.0,0.0,3.836095,0.945,0.2062,1.0,0.0,QUALIFIED
10264,35762.0,8434.466244725743,0.29625,36.7435,9.5701,4.5857,29.4476,0.0127,8.3696,3.4032,-1271.8029,1.0,0.0,3.858108,0.0479,0.187,1.0,0.0,QUALIFIED
10274,43925.7836185819,8183.44621026895,0.255625,44.682,6.7045,3.007,17.0475,0.0,5.4769,1.9886,-1168.2735,1.0,0.0,5.911112,0.5174,0.4562,1.0,0.0,QUALIFIED
10336,38927.719696969696,7972.848484848488,0.0825,39.7362,3.0694,2.2739,8.9832,0.0,2.3624,1.23,-1227.4339,1.0,0.0,4.177694,0.5845,0.4293,1.0,0.0,QUALIFIED
10358,31589.9761904762,8135.889610389611,0.144375,32.6212,8.5032,4.0305,17.4425,0.0,6.6634,2.745,-1571.569,1.0,0.0,5.804147,0.3248,0.4321,1.0,0.0,QUALIFIED
10371,32961.33155080213,8176.502673796793,0.23375,33.9607,8.1287,3.3631,19.6098,0.0,7.1534,2.9865,-1554.8963,1.0,0.0,5.092703,0.3181,0.4244,1.0,0.0,QUALIFIED
10385,31987.378787878784,7993.227272727272,0.103125,32.9713,6.8611,3.3259,16.5719,0.0,5.6396,2.0282,-1552.9879,1.0,0.0,5.803286,0.0206,0.1012,1.0,0.0,QUALIFIED
10386,33464.09330143541,8012.342105263153,0.130625,34.4103,3.4006,1.9142,10.2021,0.0,3.1526,1.2927,-1570.1344,1.0,0.0,5.127621,0.9231,0.2365,1.0,0.0,QUALIFIED
10387,39275.58695652174,7904.485507246376,0.08625,40.0635,3.3476,2.2245,12.8689,0.0,2.407,0.9527,-1228.8858,1.0,0.0,4.176197,0.8603,0.2757,1.0,0.0,QUALIFIED
10415,-18362.984433374844,7827.352428393526,1.00375,19.961,10.8831,3.8935,23.9455,0.0,9.4276,2.6694,-1094.1399,1.0,0.0,18.219667,0.0812,0.2454,0.0,1.0,QUALIFIED
10444,-19165.389196675897,7586.303324099717,0.225625,20.6116,8.3723,2.571,16.3916,0.0,7.1682,1.574,-971.2177,1.0,0.0,17.927911,0.0811,0.234,0.0,1.0,QUALIFIED
10503,32996.285225718195,7702.312585499319,0.456875,33.8837,9.6792,3.3307,23.5651,0.0,8.1373,2.2767,-1601.2923,1.0,0.0,5.47888,0.9031,0.2711,1.0,0.0,QUALIFIED
10515,25629.89137380192,7814.397763578272,0.39125,26.795,8.4837,2.5074,16.1064,0.0,7.4538,1.5228,-1927.5536,1.0,0.0,3.53739,0.0142,0.1028,1.0,0.0,QUALIFIED
10519,44382.88414634146,7378.853658536587,0.205,44.9925,8.2907,3.8907,23.9732,0.0,6.4075,2.0483,-1191.5951,1.0,0.0,6.859756,0.6423,0.4223,1.0,0.0,QUALIFIED
10530,30483.423192771093,7557.540662650601,0.415,31.4067,9.6252,3.556,21.6953,0.0,8.1276,2.471,-1668.3827,1.0,0.0,6.766554,0.6951,0.4277,1.0,0.0,QUALIFIED
10552,40375.04347826088,7656.972332015815,0.31625,41.0951,3.8518,2.5611,18.7803,0.0,3.0273,1.1193,-1208.4232,1.0,0.0,4.241241,0.6674,0.4114,1.0,0.0,QUALIFIED
10570,41008.0308056872,7422.063981042651,0.131875,41.6747,2.4521,1.4011,6.9095,0.0,2.1842,0.9009,-1199.458,1.0,0.0,5.006558,0.6216,0.4189,1.0,0.0,QUALIFIED
10571,43467.93971631206,7713.69655521783,0.616875,44.1475,6.1559,3.339,22.4106,0.0,5.0756,2.206,-1161.3366,1.0,0.0,5.906987,0.2975,0.4218,1.0,0.0,QUALIFIED
10604,41238.28159487362,8531.316126735495,3.51125,42.1119,11.0264,4.8066,27.9271,0.005,9.558,4.1962,-1069.5542,1.0,0.0,2.879236,0.3418,0.4526,1.0,0.0,QUALIFIED
10611,39926.885159010606,7405.800353356892,0.176875,40.6083,6.0391,3.389,17.8224,0.0,4.5606,1.9977,-1214.5228,1.0,0.0,4.677673,0.466,0.454,1.0,0.0,QUALIFIED
10621,42295.21097372488,7411.435085007732,0.404375,42.9401,6.2112,4.258,19.8977,0.0,4.9373,3.0651,-1199.0268,1.0,0.0,5.403355,0.4086,0.4564,1.0,0.0,QUALIFIED
10649,29782.157657657663,7377.752252252256,0.2775,30.6827,5.834,2.9221,15.7445,0.0,5.1481,2.5526,-1708.5408,1.0,0.0,6.536819,0.2814,0.4187,1.0,0.0,QUALIFIED
10654,40644.55681818182,7038.11363636364,0.275,41.2498,4.0471,1.9744,13.0181,0.0,2.7844,0.8281,-1209.865,1.0,0.0,5.09166,0.4813,0.431,1.0,0.0,QUALIFIED
10657,-7972.712065813524,6969.42138939671,0.341875,10.5888,8.2448,2.7895,17.1488,0.0,7.2703,2.1659,-2347.0094,1.0,0.0,11.868024,1.0,0.0,0.0,1.0,QUALIFIED
10696,30987.74110671936,7376.883399209488,0.158125,31.8541,7.0957,2.4352,18.7749,0.0,6.0837,1.4888,-1666.4879,1.0,0.0,6.733962,0.4011,0.4374,1.0,0.0,QUALIFIED
10698,40195.73983739837,7109.036585365851,0.15375,40.82,5.4835,3.8414,16.9588,0.0,3.8101,1.7475,-1211.6171,1.0,0.0,5.011237,0.5772,0.4269,1.0,0.0,QUALIFIED
10699,44248.92528735632,7090.059386973182,0.163125,44.8138,4.7354,2.2001,15.6624,0.0,4.1126,1.4922,-1216.0113,1.0,0.0,6.947347,0.4631,0.4458,1.0,0.0,QUALIFIED
10739,40470.16666666667,7119.333333333336,0.09375,41.092,2.6205,1.5523,7.4156,0.0,1.9073,0.586,-1208.5976,1.0,0.0,5.137424,0.2608,0.3624,1.0,0.0,QUALIFIED
10740,41926.25159235668,7183.621019108279,0.098125,42.5376,5.0938,2.5067,15.1361,0.0,3.3842,0.9851,-1191.785,1.0,0.0,5.650498,0.3162,0.4147,1.0,0.0,QUALIFIED
10756,38259.25609756098,7036.292682926833,0.25625,38.9013,6.3359,3.5029,18.3645,0.0,5.4814,2.5364,-1222.4983,1.0,0.0,4.916299,0.4186,0.468,1.0,0.0,QUALIFIED
10761,-34628.480769230766,6966.653846153844,0.1625,35.3217,9.2935,2.9846,20.0511,0.0,8.8438,2.8456,57.792,1.0,0.0,2.477019,0.0,0.0,1.0,1.0,QUALIFIED
10771,43738.68439716313,7187.970449172579,0.264375,44.3258,9.4867,3.9952,26.9059,0.0024,7.733,2.4849,-1191.5164,1.0,0.0,6.59095,0.0485,0.1816,1.0,0.0,QUALIFIED
10790,43503.66666666666,6918.9895833333285,0.12,44.0509,6.1374,2.086,11.7554,0.0,5.0747,1.1375,-1196.6952,1.0,0.0,6.672565,0.0571,0.188,1.0,0.0,QUALIFIED
10803,33238.61068281939,6418.313876651984,1.135,33.853,7.0063,3.0075,19.7093,0.0,5.9213,2.2938,-1752.7974,1.0,0.0,6.095336,0.9992,0.0253,1.0,0.0,QUALIFIED
10828,43040.99214659687,6871.704188481679,0.119375,43.5865,4.114,2.0898,10.6929,0.0,3.2853,1.1913,-1182.7386,1.0,0.0,6.41507,0.364,0.4105,1.0,0.0,QUALIFIED
10857,-19297.174776966745,6607.089618815895,0.770625,20.3963,7.5929,3.8162,28.1044,0.0016,6.3794,2.4481,-959.2492,1.0,0.0,17.254076,0.1981,0.3554,0.0,1.0,QUALIFIED
10867,38885.33788706739,6808.08955676989,1.029375,39.4772,8.684,4.3469,26.4075,0.0018,7.2457,3.2137,-1222.7744,1.0,0.0,4.751053,0.4387,0.4772,1.0,0.0,QUALIFIED
10868,39938.03092783505,6756.170103092787,0.2425,40.5059,4.7539,2.8933,14.0804,0.0,3.7711,1.2344,-1214.1779,1.0,0.0,5.110345,0.4141,0.4327,1.0,0.0,QUALIFIED
10876,40692.86206896552,6696.965517241384,0.18125,41.2407,5.631,2.8079,16.7358,0.0,4.0666,1.185,-1212.1908,1.0,0.0,5.526131,0.4222,0.4187,1.0,0.0,QUALIFIED
10934,32244.8213995118,6662.176159479255,0.768125,32.9263,6.8355,3.666,22.2944,0.0,5.9235,3.1116,-1725.9762,1.0,0.0,6.518483,0.9978,0.0405,1.0,0.0,QUALIFIED
10935,-34082.089147286824,6575.1124031007785,0.080625,34.7099,6.5903,2.4709,11.9877,0.0,6.4259,1.9209,-32.1929,1.0,0.0,3.050102,0.6189,0.4686,1.0,1.0,QUALIFIED
10940,27031.836956521744,6638.181159420288,0.1725,27.8353,3.8102,2.195,10.1576,0.0,3.3433,1.6678,-1910.3167,1.0,0.0,3.893103,0.297,0.4297,1.0,0.0,QUALIFIED
10957,-15402.909638554218,6442.668674698798,0.155625,16.6954,5.1774,2.7468,14.2905,0.0,4.7621,2.1204,-1138.1311,1.0,0.0,19.067151,0.7605,0.3745,0.0,1.0,QUALIFIED
10959,-13107.78571428571,6445.547619047618,0.328125,14.6061,7.9072,3.4868,20.7403,0.0,7.1447,2.8668,-1191.552,1.0,0.0,16.723804,0.5748,0.4774,0.0,1.0,QUALIFIED
10974,27077.417068466733,6365.278206364514,0.648125,27.8159,4.2735,1.9129,12.2279,0.0,3.5908,1.2516,-1920.906,1.0,0.0,3.56765,0.497,0.4643,0.944069,0.0,QUALIFIED
10986,26303.52298850575,6604.714559386972,0.163125,27.1204,3.4896,1.4157,7.7314,0.0,3.2192,0.967,-1921.021,1.0,0.0,3.27185,0.0067,0.0534,1.0,0.0,QUALIFIED
10987,33684.57462686568,6379.604477611938,0.125625,34.2838,5.8636,2.4608,18.1396,0.0,4.6902,1.3026,-1771.1849,1.0,0.0,6.640783,1.0,0.0,1.0,0.0,QUALIFIED
10988,39441.48113207547,6718.8962264150905,0.165625,40.0101,4.0023,3.0178,19.4182,0.0,3.9265,2.4122,-1209.3038,1.0,0.0,5.240289,0.4645,0.439,1.0,0.0,QUALIFIED
11002,-24040.59983361065,6500.832778702163,0.375625,24.9034,5.7827,3.4832,22.58,0.0,5.2891,2.597,-363.487,1.0,0.0,12.950869,0.8918,0.2818,0.0,0.718802,QUALIFIED
11008,39604.75914634146,6295.850609756097,0.205,40.1025,4.4934,3.0297,19.4813,0.0,3.774,1.655,-1205.0802,1.0,0.0,5.821512,0.2151,0.3247,1.0,0.0,QUALIFIED
11009,40625.22869955156,6390.017937219731,0.27875,41.1251,5.7191,2.9934,15.7932,0.0,4.3128,1.7144,-1199.9521,1.0,0.0,5.818612,0.708,0.3878,1.0,0.0,QUALIFIED
11029,31091.330294530155,6217.154978962135,0.445625,31.7072,5.2064,2.1278,19.2421,0.0,4.3789,1.3067,-1748.7027,1.0,0.0,7.249224,0.8455,0.3146,1.0,0.0,QUALIFIED
11053,30303.755106127355,6643.661794152984,1.560625,31.0239,6.5556,3.1751,26.567,0.0032,5.4005,2.0833,-1728.2524,1.0,0.0,6.384062,0.4804,0.4702,1.0,0.0,QUALIFIED
11054,37965.467741935485,6221.629032258061,0.096875,38.4723,4.4896,2.5268,11.8026,0.0,3.8707,2.096,-1185.4524,1.0,0.0,6.021887,0.0108,0.0728,1.0,0.0,QUALIFIED
11060,33938.49613899614,6161.310810810814,0.32375,34.4936,6.942,4.6609,26.5196,0.0019,5.5157,3.1352,-1761.7208,1.0,0.0,6.543031,1.0,0.0,1.0,0.0,QUALIFIED
11074,28487.41913214989,6550.105522682447,0.63375,29.2311,8.0321,4.1977,21.7305,0.0,7.095,3.1834,-1825.0908,1.0,0.0,4.786243,0.0462,0.1719,1.0,0.0,QUALIFIED
11084,40050.11728395062,6217.01234567901,0.10125,40.5302,3.899,2.0202,11.4205,0.0,3.8156,1.3653,-1194.4232,1.0,0.0,5.963745,0.2654,0.3455,1.0,0.0,QUALIFIED
11101,31881.25,5940.0625,0.25,32.4303,5.5862,2.7614,15.566,0.0,4.7228,1.9338,-1754.7946,1.0,0.0,7.451049,0.9645,0.1676,1.0,0.0,QUALIFIED
11110,26518.833816075305,5896.734612599568,0.863125,27.1669,5.5559,2.8697,24.5609,0.0,4.4709,1.8654,-1919.4093,1.0,0.0,2.784107,0.1564,0.3262,0.233888,0.0,QUALIFIED
11112,41162.0,5896.956086286591,0.81125,41.5827,11.4595,3.4905,25.5563,0.0008,9.9562,2.4365,-1082.4555,1.0,0.0,6.190769,0.0642,0.226,1.0,0.0,QUALIFIED
11122,38624.44103773584,6146.54952830189,0.265,39.1109,10.9879,4.8333,24.6713,0.0,9.428,3.4903,-1233.8136,1.0,0.0,5.885416,0.2992,0.4343,1.0,0.0,QUALIFIED
11159,39691.94186046512,6054.375968992244,0.080625,40.1515,6.343,1.8828,11.3385,0.0,4.7516,0.8514,-1191.7278,1.0,0.0,6.093285,0.0772,0.2205,1.0,0.0,QUALIFIED
11243,40068.66403785489,5714.984752891694,0.594375,40.4746,6.5763,3.0849,25.2982,0.0011,5.2506,1.8084,-1163.5756,1.0,0.0,6.18289,0.2128,0.3818,1.0,0.0,QUALIFIED
11257,30707.73970037453,5558.037453183526,0.33375,31.2071,5.7307,3.1658,15.2129,0.0,4.5441,2.0651,-1792.0422,1.0,0.0,6.719561,0.8245,0.3467,1.0,0.0,QUALIFIED
11258,31365.28711985689,5869.730769230766,0.349375,31.9102,5.7146,2.6602,18.553,0.0,4.6367,1.7949,-1773.9498,1.0,0.0,7.355143,0.9926,0.0721,1.0,0.0,QUALIFIED
11270,35671.5556745182,5899.108137044968,0.291875,36.1565,9.5961,4.9006,22.9437,0.0,8.193,3.9814,-1734.8774,1.0,0.0,6.5025,1.0,0.0,1.0,0.0,QUALIFIED
11301,39176.81060606061,5778.265151515152,0.4125,39.6011,5.3969,3.0728,16.2816,0.0,4.4833,2.0696,-1172.6301,1.0,0.0,6.136469,0.0393,0.1644,1.0,0.0,QUALIFIED
11306,-20468.23255813953,5453.625,0.215,21.1817,9.1797,4.6988,24.1711,0.0,8.1463,3.9881,-699.6463,1.0,0.0,16.704958,0.0244,0.1448,0.0,1.0,QUALIFIED
11321,34030.67647058822,5594.691176470587,0.2125,34.4879,6.2408,2.5007,15.3465,0.0,5.4161,1.4257,-1759.0301,1.0,0.0,7.03962,0.9569,0.1693,1.0,0.0,QUALIFIED
11331,29182.41139240506,5580.088607594931,0.09875,29.7115,5.3399,2.3093,13.4726,0.0,4.5459,2.185,-1800.6415,1.0,0.0,5.433461,0.2142,0.3687,0.860759,0.0,QUALIFIED
11333,42657.29569892473,5479.71146953405,0.174375,43.0082,6.5432,2.8746,13.239,0.0,5.502,1.9276,-1006.4725,1.0,0.0,7.379024,0.0278,0.1436,1.0,0.0,QUALIFIED
11369,31587.385586090862,5079.804542905215,1.114375,31.9937,6.1578,3.0492,18.7395,0.0,5.169,2.2506,-1758.5938,1.0,0.0,7.209412,0.1893,0.3522,1.0,0.0,QUALIFIED
11381,27713.3671875,5798.884232954544,0.88,28.3139,6.6691,3.4558,28.4051,0.0007,5.4876,2.5322,-1889.7191,1.0,0.0,3.593397,0.1611,0.329,0.489347,0.0,QUALIFIED
11402,32609.83765032378,5489.3760407030495,0.675625,33.069,6.7699,4.2008,19.1578,0.0,5.4505,3.0759,-1739.7654,1.0,0.0,7.592801,0.6561,0.4433,1.0,0.0,QUALIFIED
11435,-10749.986652977415,5220.058521560575,0.304375,11.9497,9.6936,4.9988,25.1578,0.0021,8.7959,3.9296,-1145.7664,1.0,0.0,14.078752,0.6736,0.4465,0.0,1.0,QUALIFIED
11438,28786.377123442813,5405.936013590035,1.10375,29.29,5.9356,3.0612,20.1075,0.0,4.7938,2.0575,-1817.9129,1.0,0.0,4.433537,0.1207,0.2782,0.281427,0.0,QUALIFIED
11460,39078.14516129032,5288.080645161288,0.484375,39.4347,7.9402,3.1716,21.2113,0.0,6.1771,1.2695,-1139.236,1.0,0.0,6.735447,0.0706,0.2375,1.0,0.0,QUALIFIED
11461,42913.38888888889,5357.907407407409,0.084375,43.247,4.3313,2.2392,12.8886,0.0,3.2162,0.966,-1018.8999,1.0,0.0,7.736682,0.3899,0.4317,1.0,0.0,QUALIFIED
11468,32244.85864978904,5083.727848101269,0.148125,32.6436,3.6357,2.0211,8.9183,0.0,2.5025,0.9057,-1725.362,1.0,0.0,8.363051,0.5159,0.4235,1.0,0.0,QUALIFIED
11553,33881.15529010238,5088.7252559726985,0.36625,34.2616,6.5909,3.2431,21.6625,0.0,5.8013,2.7655,-1737.8656,1.0,0.0,7.573185,0.6695,0.4156,1.0,0.0,QUALIFIED
11559,26077.959119496853,4220.363731656187,1.78875,26.4177,6.2162,3.3608,17.7723,0.0,5.2193,2.6371,-1836.5901,1.0,0.0,1.600781,0.0304,0.144,0.0,0.20615,QUALIFIED
11608,30647.330744509905,4501.745313336905,1.166875,30.9766,7.4649,3.337,27.2194,0.0016,6.2305,2.6825,-1808.0044,1.0,0.0,6.27505,0.4967,0.482,0.488484,0.0,QUALIFIED
11623,39111.88354037267,4536.796583850926,0.4025,39.3746,7.4506,2.3894,13.9009,0.0,6.1137,1.2735,-1132.0029,1.0,0.0,7.401056,0.2509,0.3875,1.0,0.0,QUALIFIED
11643,32389.29974968711,4684.229662077596,0.499375,32.7267,4.6041,2.878,14.3298,0.0,3.589,1.866,-1726.8964,1.0,0.0,8.16383,0.3241,0.4118,1.0,0.0,QUALIFIED
11644,32697.99020674647,3911.32698585419,1.14875,32.9315,9.8464,4.4599,25.5674,0.0005,8.2578,3.487,-1740.5604,1.0,0.0,8.2,0.5449,0.4763,1.0,0.0,QUALIFIED
11661,39721.00383141762,4801.649425287353,0.32625,40.0106,5.8558,2.6636,14.272,0.0,4.9349,1.5622,-1160.2841,1.0,0.0,7.021574,0.0536,0.1876,1.0,0.0,QUALIFIED
11771,39943.62286931819,3759.821732954544,0.88,40.1206,6.1317,2.8563,17.8131,0.0,5.2381,2.1968,-1133.5541,1.0,0.0,7.955855,0.2595,0.412,1.0,0.0,QUALIFIED
11776,39149.211815561954,4083.857348703168,0.43375,39.3621,5.589,3.2718,21.6985,0.0,4.3243,1.5322,-1164.4323,1.0,0.0,7.862888,0.4199,0.4415,1.0,0.0,QUALIFIED
11785,42836.39215214251,4832.866393837263,1.298125,43.1086,7.5271,4.3759,29.988,0.0019,6.6981,3.8433,-1001.3393,1.0,0.0,7.601686,0.1871,0.3645,1.0,0.0,QUALIFIED
11833,41171.79381443298,4216.737113402065,0.12125,41.3876,6.483,2.5858,13.6382,0.0,5.9054,2.005,-1244.8534,1.0,0.0,8.185658,1.0,0.0,1.0,0.0,QUALIFIED
11853,44578.64798206279,4049.8273542600873,0.139375,44.7627,7.0302,2.6942,14.9264,0.0,6.3683,2.1585,-969.2673,1.0,0.0,9.576077,0.228,0.3832,1.0,1.0,QUALIFIED
11869,25596.03196622437,3917.538600723769,0.518125,25.8945,8.7002,4.0586,21.0359,0.0,7.574,3.2928,-1811.7391,1.0,0.0,1.485345,0.02,0.1166,0.0,0.310012,QUALIFIED
11881,42394.35049833887,3761.131229235878,0.188125,42.5613,7.9066,3.7368,20.0113,0.0,7.4652,3.2351,-983.4847,1.0,0.0,8.797336,0.0016,0.0277,1.0,0.066445,QUALIFIED
11891,31472.85329341318,3788.973053892216,0.104375,31.7005,5.438,3.27,15.8019,0.0,4.4052,2.0763,-1721.784,1.0,0.0,7.604974,0.2168,0.3708,1.0,0.0,QUALIFIED
11898,31241.050925925927,4023.2430555555534,0.27,31.4995,5.8802,1.8121,10.9214,0.0,5.0811,1.0939,-1734.9904,1.0,0.0,7.251078,0.0162,0.0963,1.0,0.0,QUALIFIED
11929,-8661.22463768116,3782.746376811592,0.215625,9.4506,10.8359,4.9149,25.5346,0.0029,9.6975,4.1151,-964.9002,1.0,0.0,12.011479,0.3831,0.4376,0.0,1.0,QUALIFIED
11932,33741.40313111547,3371.2436399217186,0.63875,33.9099,7.3222,4.7475,23.8625,0.0,6.0714,3.6236,-1718.8011,1.0,0.0,9.167879,0.3416,0.4309,1.0,0.0,QUALIFIED
11955,-4497.22330097088,3783.873786407763,0.12875,5.8766,9.2101,3.7117,23.5551,0.0,8.5943,2.7515,-579.067,1.0,0.0,8.007653,0.121,0.295,0.0,1.0,QUALIFIED
11972,33993.08638743455,3720.198952879582,0.23875,34.1965,4.2692,2.4351,13.4184,0.0,3.5761,1.8641,-1735.4065,1.0,0.0,9.119827,0.8897,0.2805,1.0,0.0,QUALIFIED
11994,26748.13309352517,3636.147482014392,0.434375,26.9946,7.1098,3.173,15.7939,0.0,5.7721,2.3376,-1825.7103,1.0,0.0,2.729469,0.1016,0.2712,0.0,0.254676,QUALIFIED
11996,39113.5503875969,3702.5348837209312,0.16125,39.2889,3.8956,2.1114,10.3852,0.0,3.3005,1.393,-1171.8718,1.0,0.0,8.300038,0.1926,0.3342,1.0,0.0,QUALIFIED
12012,27830.9261555806,3249.372604284108,0.554375,28.0204,6.7076,3.9629,20.065,0.0,5.7001,3.0109,-1786.1453,1.0,0.0,3.585126,0.061,0.1993,0.0,0.412627,QUALIFIED
12013,30818.04575163398,3586.6928104575127,0.19125,31.0265,8.6688,3.3562,15.5,0.0,7.3595,2.2213,-1715.6491,1.0,0.0,6.806109,0.0742,0.2469,1.0,0.0,QUALIFIED
12045,-8157.282178217822,3410.945544554452,0.315625,8.8411,10.4178,3.7825,22.0936,0.0,9.1577,2.7182,-895.5469,1.0,0.0,11.529582,0.1902,0.3561,0.0,1.0,QUALIFIED
12073,41687.18656716417,3268.783582089556,0.08375,41.8156,9.4364,2.8386,17.7719,0.0,8.6272,1.8318,-1052.5263,1.0,0.0,9.172275,0.2654,0.3676,1.0,0.0,QUALIFIED
12130,28221.59158415842,3025.561881188114,0.2525,28.3838,6.544,3.4715,19.1728,0.0,5.3699,2.4433,-1760.2858,1.0,0.0,4.301163,0.1015,0.271,0.0,0.460396,QUALIFIED
12139,39969.04106280193,2620.016908212565,1.29375,40.0553,10.122,4.7658,23.536,0.0,8.9401,3.9739,-1088.8347,1.0,0.0,9.005693,0.0312,0.1455,1.0,0.0,QUALIFIED
12157,28703.9921875,3029.867897727272,0.88,28.8639,8.4141,3.9573,26.5389,0.0036,7.0358,3.2127,-1746.654,1.0,0.0,4.234162,0.0102,0.0722,0.0,0.409091,QUALIFIED
12164,39396.36311787073,3265.5190114068464,0.164375,39.5319,5.7543,2.0469,11.334,0.0,4.8088,1.3476,-1170.593,1.0,0.0,8.704345,0.1696,0.3418,1.0,0.0,QUALIFIED
12167,-15848.44661190965,3047.625256673513,0.304375,16.1382,5.8538,3.4173,20.5165,0.0,5.8187,3.204,-2953.7718,1.0,0.0,19.000592,1.0,0.0,0.0,1.0,QUALIFIED
12178,38064.46062992126,3381.602362204721,1.190625,38.2148,9.3316,3.9453,24.9777,0.0,8.1239,3.0098,-1083.6096,1.0,0.0,8.259124,0.2155,0.3967,0.971129,0.0,QUALIFIED
12191,40415.62903225806,3281.951612903227,0.155,40.5491,4.4052,2.1675,14.0346,0.0,4.1658,1.7481,-1081.5318,1.0,0.0,8.825035,0.0102,0.0741,1.0,0.0,QUALIFIED
12252,-4504.440568475453,2982.347545219636,0.241875,5.4016,4.0686,2.5121,15.2865,0.0,3.75,2.1217,-609.6948,1.0,0.0,7.900158,0.1841,0.3364,0.0,1.0,QUALIFIED
12264,30051.316443594653,2687.8190385140697,2.288125,30.1717,10.7662,3.8305,27.3346,0.0008,9.2488,2.9211,-1683.9,1.0,0.0,5.442541,0.0171,0.1105,0.370117,0.448784,QUALIFIED
12265,38664.611940298506,2732.340796019904,0.25125,38.7615,5.2147,2.8608,13.0721,0.0,4.8107,2.3123,-1034.3977,1.0,0.0,9.173058,0.0665,0.2189,1.0,0.0,QUALIFIED
12269,-4254.785714285717,2821.2142857142826,0.109375,5.1044,8.0304,3.7084,19.6118,0.0,7.0076,2.5319,-626.9291,1.0,0.0,7.726011,0.152,0.3236,0.0,1.0,QUALIFIED
12317,11622.025597269623,2911.2081911262794,0.36625,11.9815,9.0,4.6287,27.4318,0.0051,8.2481,4.4475,1846.8916,1.0,0.472696,0.0,0.0824,0.2271,0.0,1.0,QUALIFIED
12422,32740.61328125,2300.59765625,0.16,32.8218,6.1549,2.3691,13.4461,0.0,5.4898,1.6721,-1591.5623,1.0,0.0,8.982553,0.0694,0.2287,1.0,0.0,QUALIFIED
12423,33148.80830039526,2305.5395256916963,0.158125,33.2294,9.364,2.3393,15.86,0.0,8.4887,1.7305,-1579.836,1.0,0.0,9.403623,0.0112,0.0855,1.0,0.0,QUALIFIED
12480,-15428.988372093025,1988.2076411960152,0.188125,15.556,5.7757,2.9702,15.2984,0.0,5.0258,1.863,-2746.392,1.0,0.0,18.920244,1.0,0.0,0.0,1.0,QUALIFIED
12486,35508.37096774194,2244.29652605459,0.50375,35.5797,6.3038,2.6261,18.2964,0.0,5.2369,1.5797,-1570.7315,1.0,0.0,9.982485,0.8078,0.3717,0.858561,0.0,QUALIFIED
12520,-29888.89285714286,1999.0714285714275,0.0875,29.9551,7.413,3.2058,16.1678,0.0,7.4759,2.0843,2340.9151,1.0,0.0,8.615393,0.1334,0.2773,0.0,1.0,QUALIFIED
12537,13362.543478260872,2023.4619565217365,0.115,13.5153,7.8465,4.5887,25.3474,0.0054,7.4766,4.6669,1995.4524,1.0,0.0,0.035355,0.1385,0.2801,0.0,1.0,QUALIFIED
12550,31378.26569037656,1835.12343096234,0.149375,31.4324,5.6362,3.1475,15.206,0.0,4.9504,2.5274,-1471.353,1.0,0.0,7.787209,0.0562,0.1913,1.0,1.0,QUALIFIED
12575,34960.86363636363,2089.813346228235,0.323125,35.0237,8.2145,3.8895,24.1423,0.0,6.776,2.2278,-1543.0605,1.0,0.0,10.25,0.2964,0.4186,1.0,0.0,QUALIFIED
12612,22858.41393442624,1692.9180327868817,0.1525,22.9215,9.3118,4.5367,21.1906,0.0,9.0901,3.8946,-1132.2302,1.0,0.004098,0.0,0.1557,0.3335,0.0,1.0,QUALIFIED
12620,43511.86363636363,1659.045454545456,0.171875,43.544,6.3209,2.7965,14.3495,0.0,5.842,2.2062,-1309.8835,1.0,0.0,11.193134,0.1212,0.2722,1.0,1.0,QUALIFIED
12643,-14133.12987012987,1697.0909090909045,0.09625,14.2341,5.3947,2.5792,11.3982,0.0,4.9184,1.4034,-2736.8579,1.0,0.0,17.680515,1.0,0.0,0.0,1.0,QUALIFIED
12669,31917.08555133079,1697.363117870722,0.6575,31.9627,7.5143,3.2344,22.7703,0.0,6.6206,2.4351,-1445.0544,1.0,0.0,8.10189,0.0185,0.1116,1.0,0.958175,QUALIFIED
12711,-14973.316593886462,1342.3221516474805,1.574375,15.0328,10.7959,4.2165,27.7002,0.0004,9.3859,3.5608,-2730.407,1.0,0.0,17.890291,1.0,0.0,0.0,1.0,QUALIFIED
12790,42636.75490196078,1120.23039215686,0.1275,42.652,5.8011,2.4975,13.2336,0.0,5.5485,2.2941,-1105.4363,1.0,0.0,11.51347,0.1063,0.2555,1.0,1.0,QUALIFIED
12920,42794.59803921569,695.8431372549021,0.1275,42.8007,5.5705,3.1209,20.2037,0.0,5.1887,1.7364,-1123.3653,1.0,0.0,11.901287,0.2257,0.3723,1.0,1.0,QUALIFIED
12924,30780.5546875,645.421875,0.08,30.7878,5.1659,2.8532,15.6345,0.0,4.9148,2.374,-1313.6253,1.0,0.0,7.695006,0.1219,0.2917,1.0,1.0,QUALIFIED
12935,24879.887931034493,443.7112068965507,0.145,24.8843,10.8625,4.3102,21.0868,0.0,8.8917,2.937,-1147.5016,1.0,0.0,2.213736,0.1022,0.2748,0.0,1.0,QUALIFIED
12942,27548.82432432432,481.113305613304,0.300625,27.5535,6.6354,3.0611,15.9681,0.0,5.9009,2.4922,-1353.6493,1.0,0.0,4.658125,0.023,0.13,1.0,1.0,QUALIFIED
12947,43934.77885862517,891.6802853437111,0.481875,43.9443,6.3042,2.8212,18.4011,0.0,5.7182,2.2715,-1287.7354,1.0,0.0,11.708357,0.0601,0.2202,1.0,1.0,QUALIFIED
12985,26120.40443686006,595.4374288964755,0.549375,26.1277,8.647,3.8862,22.2757,0.0,7.3231,2.649,-1218.1056,1.0,0.0,3.00853,0.0146,0.0906,0.60182,1.0,QUALIFIED
13008,28250.295297372068,490.1957123098255,0.451875,28.255,11.1047,3.2275,20.8244,0.0,9.5409,2.5144,-1343.1374,1.0,0.0,5.201562,0.0044,0.054,1.0,1.0,QUALIFIED
13011,-37529.03053435114,280.7480916030545,0.16375,37.5296,6.6001,4.4335,22.3119,0.0,6.4885,3.6379,-1790.4692,1.0,0.0,2.486966,0.8176,0.3506,1.0,1.0,QUALIFIED
13043,32968.059718969555,134.1316493810591,1.868125,32.9688,10.7993,3.4586,27.4602,0.001,9.4097,2.6813,-1103.2738,1.0,0.0,9.319402,0.0053,0.0599,1.0,1.0,QUALIFIED
13055,-39553.0307002987,156.74792565549433,1.883125,39.5528,9.9513,4.1378,21.6436,0.0,8.714,3.5066,-2234.3693,1.0,0.0,0.05,1.0,0.0,1.0,1.0,QUALIFIED
13098,29779.46453900709,68.76241134751763,0.088125,29.78,8.4229,4.1614,18.6066,0.0,7.4262,2.5742,-1261.4911,1.0,0.0,6.999464,0.0045,0.0338,1.0,1.0,QUALIFIED
13099,40893.61673872761,-92.72112415071024,1.011875,40.8942,8.8522,3.256,22.7982,0.0,7.7413,2.4519,-849.8143,1.0,0.0,11.742577,0.0022,0.0354,1.0,1.0,QUALIFIED
13115,-40852.84113712375,-104.93478260869595,0.186875,40.8525,5.3971,2.2268,11.5732,0.0,4.3346,1.3715,-2359.3522,1.0,0.377926,0.0,1.0,0.0,1.0,1.0,QUALIFIED
13146,41350.905622489954,-356.07630522087857,0.31125,41.3529,7.1031,3.0253,16.5149,0.0,5.937,2.0519,-895.4576,1.0,0.0,12.51112,0.0801,0.2479,1.0,1.0,QUALIFIED
13174,34153.73402138772,-292.5925142999258,2.513125,34.1555,10.1243,3.4232,25.5659,0.0002,8.7533,2.5228,-1054.2533,1.0,0.0,10.29563,0.008,0.0829,0.924148,1.0,QUALIFIED
13179,15717.931372549014,-222.73529411765048,0.159375,15.72,10.2657,4.6801,26.79,0.0118,9.5976,4.5507,1770.9076,1.0,0.388235,0.0,0.1496,0.2951,0.0,1.0,QUALIFIED
13180,34930.05555555555,-319.277777777781,0.140625,34.932,3.5045,1.6003,9.5372,0.0,3.193,1.239,-1100.6263,1.0,0.0,11.718922,0.0377,0.1599,1.0,1.0,QUALIFIED
13202,-40657.562146892655,-593.4265536723178,0.331875,40.6614,2.5736,1.4254,7.907,0.0,2.0908,1.0524,-2371.9957,1.0,0.0,0.134629,1.0,0.0,1.0,1.0,QUALIFIED
13214,-41081.865313653136,-479.942804428043,0.169375,41.0842,4.6975,1.6164,9.7977,0.0,3.8083,1.0609,-2358.2325,1.0,0.335793,0.0,1.0,0.0,1.0,1.0,QUALIFIED
13273,40074.5,-763.6385767790271,0.166875,40.0823,8.8695,4.3867,22.9324,0.0,7.3767,2.9251,-755.8463,1.0,0.0,12.801758,0.08,0.2312,1.0,1.0,QUALIFIED
13290,29399.405303030304,-927.625,0.165,29.4146,11.0748,3.3651,21.0763,0.0,9.955,2.5426,-1139.9692,1.0,0.0,6.943432,0.0018,0.0193,1.0,1.0,QUALIFIED
13332,41344.34011627907,-992.450581395351,0.215,41.3568,7.118,4.2768,18.8124,0.0,5.8625,3.1127,-893.5964,1.0,0.0,13.219611,0.0843,0.2486,1.0,1.0,QUALIFIED
13358,40533.53361344538,-987.105042016803,0.14875,40.5461,9.0611,3.2311,22.4418,0.0,7.8863,1.496,-796.9067,1.0,0.0,13.094775,0.0072,0.0677,1.0,1.0,QUALIFIED
13361,-41104.69630156472,-1150.8513513513462,0.439375,41.1203,6.5205,3.4808,19.5985,0.0,5.5382,2.6398,-2372.1543,1.0,0.048364,0.0,1.0,0.0,1.0,1.0,QUALIFIED
13462,-41238.17605633803,-1642.8098591549278,0.133125,41.2704,9.5404,4.5771,22.3734,0.0,7.398,3.4961,-2381.4935,1.0,0.0,0.223607,1.0,0.0,1.0,1.0,QUALIFIED
13470,33275.80874479476,-1606.579119571681,1.050625,33.3151,7.1077,3.4173,20.6961,0.0,6.0357,2.4526,-910.7107,1.0,0.0,10.143625,0.1196,0.2918,1.0,1.0,QUALIFIED
13517,-29885.983870967742,-1773.7607526881693,0.2325,29.9381,7.1528,3.4075,19.4868,0.0,6.5134,2.8292,3051.8301,1.0,0.0,10.320187,0.0572,0.1888,0.0,1.0,QUALIFIED
13583,-40451.12022900763,-2251.2175572519045,0.3275,40.5132,5.6692,3.2555,20.8731,0.0,4.2062,1.8407,-2408.8869,1.0,0.0,1.173936,1.0,0.0,1.0,1.0,QUALIFIED
13602,30550.43167701864,-2045.462732919252,0.100625,30.6194,8.5137,2.1844,13.4093,0.0,7.6888,1.6012,-678.6042,1.0,0.0,8.564206,0.0224,0.128,1.0,1.0,QUALIFIED
13603,31402.83969465649,-1786.2366412213742,0.16375,31.4541,9.6839,3.9219,20.07,0.0,8.9841,3.134,-764.2212,1.0,0.0,9.167879,0.0,0.0,1.0,1.0,QUALIFIED
13608,31924.0625,-1900.1875,0.25,31.9811,8.0402,3.2165,17.5201,0.0,7.4413,2.9259,-776.2595,1.0,0.0,9.559844,0.0471,0.1986,1.0,1.0,QUALIFIED
13611,37954.1875,-2081.577205882357,0.17,38.0118,7.8362,4.3309,23.3164,0.0,7.1374,3.4323,-1175.3934,1.0,0.0,14.16973,0.2026,0.367,1.0,1.0,QUALIFIED
13631,40093.62280701754,-1727.5701754385957,0.178125,40.1313,10.1576,2.506,18.0792,0.0,8.8875,1.3118,-743.0592,1.0,0.0,13.67644,0.0166,0.0794,1.0,1.0,QUALIFIED
13632,40723.27819548872,-1946.8684210526333,0.16625,40.7703,5.4953,2.3386,11.882,0.0,4.9753,1.9196,-669.349,1.0,0.0,14.152076,0.008,0.0628,1.0,1.0,QUALIFIED
13637,-39649.43018018018,-2029.454954954956,0.2775,39.7009,6.2045,2.9639,14.8516,0.0,5.2633,2.4014,-2410.1738,1.0,0.0,1.666021,1.0,0.0,1.0,1.0,QUALIFIED
13707,-40127.09873506676,-2678.066408995081,0.889375,40.2159,5.0477,2.4845,24.8019,0.0,4.0051,1.556,-2410.6748,1.0,0.0,1.338376,1.0,0.0,1.0,0.709065,QUALIFIED
13732,41699.93668122271,-2503.866812227076,0.143125,41.7756,7.8114,2.446,14.0731,0.0,6.3531,1.4464,-720.6161,1.0,0.0,14.76476,0.0225,0.1115,1.0,1.0,QUALIFIED
13798,40425.72807017545,-2846.0350877192977,0.35625,40.5263,6.6472,3.3259,18.1158,0.0,5.9295,2.3894,-750.9063,1.0,0.0,14.783859,0.0493,0.1865,1.0,1.0,QUALIFIED
13866,-39570.78795811519,-2923.1910994764403,0.119375,39.6782,4.8829,2.7356,17.7905,0.0,3.3398,1.6175,-2404.756,1.0,0.0,2.336798,1.0,0.0,1.0,0.958115,QUALIFIED
13883,-29453.988372093023,-3219.5,0.134375,29.629,10.6435,3.5313,22.3403,0.0,9.9536,2.2182,2998.0813,1.0,0.0,11.444567,0.048,0.1662,0.0,1.0,QUALIFIED
13918,-39941.5447761194,-3258.662520729682,0.376875,40.0738,4.68,2.7274,15.7491,0.0,3.8887,2.1027,-2411.4232,1.0,0.0,1.923051,1.0,0.0,1.0,0.082919,QUALIFIED
13934,41402.18006700168,-2886.706867671696,0.74625,41.5032,10.7777,4.1793,23.0542,0.0,9.103,3.1541,-767.3983,1.0,0.0,14.866847,0.2775,0.4237,1.0,1.0,QUALIFIED
13950,-40839.3698630137,-3348.3013698630166,0.09125,40.9759,3.264,1.6246,9.5923,0.0,2.8079,1.1544,-2399.2419,1.0,0.0,1.457738,1.0,0.0,1.0,0.0,QUALIFIED
13973,-42558.875,-3310.0,0.125,42.6869,8.2718,4.724,20.5226,0.0,7.9462,3.4556,-2327.8006,1.0,0.215,0.0,1.0,0.0,1.0,0.0,QUALIFIED
14030,-41151.970588235294,-3557.5316742081413,0.138125,41.305,3.9887,2.3371,12.5454,0.0,2.9605,1.2814,-2392.8532,1.0,0.0,1.243483,1.0,0.0,1.0,0.0,QUALIFIED
14034,27346.66242661448,-3380.4197651663417,0.319375,27.5554,8.5208,2.685,18.8163,0.0,7.5912,2.2045,-615.6538,1.0,0.0,6.302876,0.0034,0.0403,1.0,1.0,QUALIFIED
14052,40639.08333333334,-3629.948717948719,0.0975,40.8014,5.7572,3.2664,19.4247,0.0,5.2386,1.9874,-730.5305,1.0,0.0,15.807751,0.0464,0.1764,1.0,1.0,QUALIFIED
14136,22345.63970588235,-3969.9044117647054,0.085,22.6961,6.0978,2.9116,13.1519,0.0,6.2361,2.2349,573.2897,1.0,0.0,2.62226,0.0829,0.2193,1.0,1.0,QUALIFIED
14140,-39571.91879562044,-3782.255474452555,0.685,39.7518,6.7096,3.6476,21.8714,0.0,5.7052,3.0586,-2397.8166,1.0,0.0,2.55,1.0,0.0,1.0,0.042883,QUALIFIED
14169,-41765.79632721202,-3751.6285475792974,0.74875,41.9335,7.0116,4.0613,27.5435,0.0025,6.0103,3.627,-2396.8074,1.0,0.0,0.403113,1.0,0.0,1.0,0.0,QUALIFIED
14234,-29816.108740894902,-3938.417793964618,0.600625,30.0747,10.3888,4.3876,26.8636,0.0042,8.8334,2.8039,3024.3521,1.0,0.0,11.113618,0.0389,0.1599,0.0,1.0,QUALIFIED
14298,-41609.08490566038,-4422.8962264150905,0.165625,41.843,6.1113,3.4163,20.9782,0.0,5.5605,2.7077,-2456.4563,1.0,0.0,1.171804,1.0,0.0,1.0,0.0,QUALIFIED
14329,-41264.44849785408,-4634.5321888412,0.29125,41.5235,8.8461,4.5767,18.0463,0.0,7.2711,3.4649,-2425.7087,1.0,0.0,1.542927,1.0,0.0,1.0,0.0,QUALIFIED
14368,35938.92687747035,-4676.27865612648,0.158125,36.2424,8.6065,3.5796,18.4887,0.0,7.553,2.5861,-913.0427,1.0,0.0,14.506486,0.1148,0.3039,1.0,1.0,QUALIFIED
14387,24402.49369747899,-4906.537815126052,0.595,24.8915,9.9378,2.8241,25.3062,0.0011,8.3775,1.7669,149.3744,1.0,0.0,4.583939,0.0186,0.1056,1.0,1.0,QUALIFIED
14404,-39260.43975903615,-4993.777108433729,0.10375,39.5763,5.5118,2.662,16.1947,0.0,4.7655,1.6928,-2383.1776,1.0,0.0,3.625345,1.0,0.0,1.0,0.0,QUALIFIED
14436,-41494.84661723818,-5363.633456904543,0.674375,41.8396,7.7626,3.9376,23.361,0.0,6.4033,2.741,-2414.5572,1.0,0.0,1.487027,1.0,0.0,1.0,0.0,QUALIFIED
14454,34804.73255813954,-4821.811046511626,0.215,35.1377,7.4625,3.1991,20.069,0.0,6.744,2.4309,-734.8964,1.0,0.0,13.586988,0.0442,0.1679,0.229651,1.0,QUALIFIED
14485,-40872.471252566735,-4998.832648870637,0.304375,41.1766,4.0232,2.7009,25.1536,0.0021,3.3421,1.3525,-2410.8846,1.0,0.0,2.019437,1.0,0.0,1.0,0.0,QUALIFIED
14524,39803.26106194689,-5235.451327433628,0.14125,40.1467,5.2553,2.0361,12.302,0.0,5.0123,1.8191,-865.3428,1.0,0.0,17.305852,0.0736,0.2059,1.0,1.0,QUALIFIED
14533,-41875.29674796748,-5291.674796747968,0.15375,42.2079,7.6104,3.7167,20.6313,0.0,6.4748,2.4857,-2424.987,1.0,0.0,1.330883,1.0,0.0,1.0,0.0,QUALIFIED
14567,43229.65625,-5339.8125,0.1,43.5588,8.0834,2.9792,17.8495,0.0,7.255,2.2883,-754.739,1.0,0.0,17.943836,0.1508,0.3321,1.0,1.0,QUALIFIED
14628,-40307.7899505766,-5392.292421746293,0.379375,40.6664,7.4311,3.8681,21.6709,0.0,5.9999,2.7071,-2371.1692,1.0,0.0,2.581182,1.0,0.0,1.0,0.0,QUALIFIED
14665,-26826.74223602485,-5876.208074534159,0.100625,27.4624,11.2855,4.0707,20.2465,0.0,8.813,2.5353,2073.9766,1.0,0.0,15.028577,0.1635,0.3252,0.0,1.0,QUALIFIED
14668,25614.989566613163,-5925.503210272873,0.389375,26.292,6.9497,3.891,23.5287,0.0,5.8886,2.5198,116.0543,1.0,0.0,6.065167,0.0722,0.2244,1.0,1.0,QUALIFIED
14692,39241.6974522293,-5685.168789808915,0.098125,39.6519,6.4673,3.4527,16.5677,0.0,6.6749,2.9329,-801.6545,1.0,0.0,17.775018,0.0,0.0,1.0,1.0,QUALIFIED
14711,-40667.44078947369,-5683.54605263158,0.285,41.0623,6.7636,3.243,22.0803,0.0,5.8547,2.3543,-2373.144,1.0,0.0,2.516198,1.0,0.0,1.0,0.0,QUALIFIED
14720,26213.329787234048,-5796.973404255325,0.1175,26.8473,7.3329,2.3577,14.1654,0.0,6.7171,1.1733,73.6249,1.0,0.0,6.74041,0.0317,0.1352,1.0,1.0,QUALIFIED
14732,-41802.89463601533,-5915.879310344826,0.163125,42.219,4.4514,2.6342,12.9004,0.0,3.6333,1.63,-2378.292,1.0,0.0,1.715007,1.0,0.0,1.0,0.0,QUALIFIED
14734,-26203.432960893857,-6021.194599627561,0.335625,26.886,5.1118,3.4125,20.8926,0.0,4.1381,1.9383,2053.2427,1.0,0.0,15.325326,0.1206,0.2692,0.0,1.0,QUALIFIED
14742,-43027.06555772994,-5786.82876712329,0.319375,43.414,6.2743,4.0269,21.8717,0.0,5.0296,2.6355,-2395.3785,1.0,0.0,0.413824,1.0,0.0,1.0,0.0,QUALIFIED
14750,-41129.47923875433,-5889.119377162628,0.180625,41.5485,7.0378,3.1665,19.9775,0.0,6.3663,2.181,-2355.2502,1.0,0.0,2.269637,1.0,0.0,1.0,0.0,QUALIFIED
14756,-25222.429824561405,-6040.508771929817,0.21375,25.9353,8.6884,4.1453,19.9993,0.0,8.0411,3.0456,2159.188,1.0,0.0,16.429413,0.0575,0.1967,0.0,1.0,QUALIFIED
14769,-26596.79981024668,-6299.025616698295,0.329375,27.3322,6.8775,3.1925,20.2023,0.0,5.7624,2.1696,2037.1832,1.0,0.0,15.208961,0.106,0.2493,0.0,1.0,QUALIFIED
14783,35449.06896551725,-6095.728448275862,0.29,35.9699,10.6881,3.3001,19.8964,0.0,9.049,1.8233,-642.3994,1.0,0.0,14.766029,0.0228,0.1314,1.0,1.0,QUALIFIED
14803,-42512.22566371682,-6140.982300884956,0.14125,42.9531,5.9007,4.1104,25.5458,0.0044,4.3325,1.4963,-2401.7,1.0,0.0,1.229837,1.0,0.0,1.0,0.0,QUALIFIED
14810,36345.29831932773,-6083.113445378149,0.14875,36.8514,9.337,3.4478,21.4168,0.0,8.0223,1.6884,-752.5034,1.0,0.0,15.555968,0.0062,0.0467,1.0,1.0,QUALIFIED
14820,23467.4469273743,-5883.159217877095,0.67125,24.1943,8.5736,4.485,28.118,0.0028,7.6599,3.8746,182.3111,1.0,0.0,4.036784,0.1417,0.3139,1.0,1.0,QUALIFIED
14829,27956.203910614524,-6173.848230912474,0.335625,28.6304,4.7863,3.1829,17.1363,0.0,4.0871,2.2436,126.7105,1.0,0.0,8.2827,0.117,0.2676,1.0,1.0,QUALIFIED
14846,-2751.0395683453244,-6217.485611510791,0.086875,6.7992,6.7272,4.6491,22.5579,0.0,8.7656,4.8497,3466.6006,1.0,0.0,6.834654,0.0181,0.0792,0.0,1.0,QUALIFIED
14848,40670.60481586402,-6271.950424929186,0.220625,41.1519,6.5007,4.007,19.2677,0.0,5.6875,3.2281,-816.3207,1.0,0.0,18.403685,0.0124,0.0865,1.0,1.0,QUALIFIED
14873,35013.25,-6734.321428571435,0.2625,35.6556,7.8857,3.68,17.984,0.0,6.8688,2.6977,-557.5985,1.0,0.0,14.492498,0.0551,0.203,1.0,1.0,QUALIFIED
14886,-41267.04761904762,-6342.53571428571,0.2625,41.7512,5.9161,3.5824,20.4278,0.0,4.6514,2.5812,-2358.0822,1.0,0.0,2.336798,1.0,0.0,1.0,0.0,QUALIFIED
14891,26645.506224066383,-6140.699861687412,0.90375,27.3445,9.6401,4.0332,24.4277,0.0,8.0692,2.965,112.3412,1.0,0.0,7.018769,0.045,0.1793,1.0,1.0,QUALIFIED
14895,-25089.5120967742,-6473.189516129038,0.31,25.9108,8.2545,3.2952,26.6459,0.004,7.2943,1.8715,2202.676,1.0,0.0,16.138037,0.0443,0.1631,0.0,1.0,QUALIFIED
14910,-42661.57382550336,-6392.117449664431,0.093125,43.1374,5.1432,4.1972,17.6679,0.0,4.4946,3.0654,-2388.5732,1.0,0.0,1.286954,1.0,0.0,1.0,0.0,QUALIFIED
14943,26728.37409200969,-6681.8244552058095,0.258125,27.5515,6.1998,3.2745,19.4358,0.0,5.0992,1.5984,151.5695,1.0,0.0,7.547268,0.2998,0.411,1.0,1.0,QUALIFIED
14946,-43419.87400950872,-6408.354992076071,0.78875,43.8898,5.1011,3.6192,24.9718,0.0,3.5999,1.5948,-2404.1794,1.0,0.0,0.340037,1.0,0.0,1.0,0.561807,QUALIFIED
14960,-42937.330357142855,-6843.409438775503,0.49,43.4789,5.477,3.1712,22.4189,0.0,4.432,1.8599,-2408.5727,1.0,0.0,0.700446,1.0,0.0,1.0,0.173469,QUALIFIED
14980,40348.838790932,-6706.710327455912,0.49625,40.903,5.8889,3.0509,15.9239,0.0,4.845,2.0682,-810.4366,1.0,0.0,18.469062,0.0327,0.1444,1.0,1.0,QUALIFIED
15010,-40574.759259259255,-6795.2407407407445,0.084375,41.1394,3.9923,2.1487,10.4295,0.0,4.2509,1.6587,-2506.7564,1.0,0.0,3.377962,1.0,0.0,1.0,0.0,QUALIFIED
15015,35754.91958041958,-6962.012487512489,0.625625,36.427,6.9807,2.8793,19.3633,0.0,6.1734,2.1725,-591.7701,1.0,0.0,14.944439,0.0101,0.0793,1.0,1.0,QUALIFIED
15056,27516.547377326555,-6835.096446700503,0.73875,28.3534,7.7726,4.5468,22.9244,0.0,6.4844,3.3866,154.4269,1.0,0.0,7.815569,0.0734,0.231,1.0,1.0,QUALIFIED
15082,-42023.9297108674,-7097.206879361918,0.626875,42.6186,7.0748,4.292,27.4513,0.003,5.6748,2.6553,-2398.5527,1.0,0.0,1.76706,1.0,0.0,1.0,0.0,QUALIFIED
15104,32622.54964539007,-7040.634751773054,0.088125,33.3743,9.1056,3.5455,18.2114,0.0,7.9037,2.3496,-219.2077,1.0,0.0,13.000865,0.0488,0.1926,1.0,1.0,QUALIFIED
15107,-44645.333333333336,-7177.666666666664,0.09375,45.2182,4.9445,3.5051,18.7721,0.0,5.3857,3.2377,-2418.4699,1.0,0.113333,0.0,1.0,0.0,1.0,1.0,QUALIFIED
15119,41511.66577540107,-6943.350267379683,0.116875,42.0889,5.999,3.4256,17.4617,0.0,5.9172,3.0119,-764.157,1.0,0.0,19.150979,0.0073,0.0723,1.0,1.0,QUALIFIED
15137,29557.08670520231,-7172.5852601156,1.73,30.4155,8.3552,4.2327,25.4498,0.0004,6.9599,3.0493,78.1406,1.0,0.0,9.343213,0.2645,0.4179,0.856936,1.0,QUALIFIED
15141,-43689.32521489971,-7146.849570200575,0.218125,44.2696,8.125,4.2277,18.7779,0.0,6.6379,2.8484,-2442.6723,1.0,0.0,0.592663,1.0,0.0,1.0,1.0,QUALIFIED
15212,35937.04980079681,-7588.743027888449,0.156875,36.7302,8.9086,4.1603,20.2214,0.0,7.2848,2.6012,-569.8775,1.0,0.0,15.982354,0.0155,0.0934,1.0,1.0,QUALIFIED
15213,40631.08914728682,-7746.980620155031,0.3225,41.3636,9.0495,4.2289,23.1316,0.0,7.083,2.6812,-838.8198,1.0,0.0,19.661193,0.1147,0.2933,1.0,1.0,QUALIFIED
15216,-43002.594717668486,-7453.689435336979,0.68625,43.6434,5.3343,2.968,18.3968,0.0,4.1442,1.9015,-2438.3738,1.0,0.0,1.200521,1.0,0.0,1.0,0.424408,QUALIFIED
15225,28654.87234042553,-7634.340425531911,0.29375,29.655,6.6063,3.0432,18.8611,0.0,5.6434,2.0163,63.9412,1.0,0.0,9.607874,0.2871,0.4196,1.0,1.0,QUALIFIED
15233,41123.09527687296,-7491.824918566774,0.7675,41.8005,7.8517,4.3865,28.0221,0.0033,6.8231,4.1736,-821.7553,1.0,0.0,19.209519,0.2253,0.3748,1.0,1.0,QUALIFIED
15242,40224.07231726284,-7346.545101088646,0.401875,40.89,5.8845,3.3933,17.0785,0.0,4.8681,2.1309,-806.9105,1.0,0.0,19.298397,0.209,0.3597,1.0,1.0,QUALIFIED
15250,39378.31600660067,-7120.910891089116,0.7575,40.0176,10.4829,3.5216,22.2017,0.0,8.9987,2.4146,-882.7463,1.0,0.0,18.3134,0.526,0.4533,1.0,1.0,QUALIFIED
15261,34206.96492985972,-7554.493319973277,0.935625,35.0318,7.2938,3.8121,20.7214,0.0,5.9607,2.7098,-437.4527,1.0,0.0,14.206271,0.0963,0.2683,0.669339,1.0,QUALIFIED
15285,25383.70082911101,-7324.3502994012015,1.356875,26.4199,10.3315,4.2953,26.3569,0.0023,8.6385,2.8226,257.7058,1.0,0.0,6.26124,0.0676,0.2286,1.0,1.0,QUALIFIED
15326,-42963.25684931507,-7863.969178082196,0.1825,43.6766,3.6294,2.0477,10.9774,0.0,2.8375,1.138,-2428.6281,1.0,0.0,1.616516,1.0,0.0,1.0,0.342466,QUALIFIED
15334,24522.09450171821,-7762.902061855675,0.181875,25.7221,9.2118,4.1762,25.4595,0.0034,7.2689,1.8871,283.3603,1.0,0.0,6.510088,0.5195,0.4823,1.0,0.85567,QUALIFIED
15357,34791.39330543933,-8022.041841004182,0.29875,35.7049,6.5621,3.3552,20.7361,0.0,5.2207,1.7504,-426.9688,1.0,0.0,15.03024,0.1185,0.2797,1.0,1.0,QUALIFIED
15365,-13541.125,-7709.187499999993,0.15,15.5816,9.0141,3.9396,20.5652,0.0,8.4937,3.0859,1922.9507,1.0,0.0,14.662921,0.5055,0.411,1.0,1.0,QUALIFIED
15368,27534.67520215633,-7859.001347708894,0.231875,28.6349,5.3278,2.4396,13.6739,0.0,4.4574,1.6443,127.7545,1.0,0.0,8.961341,0.37,0.4345,1.0,1.0,QUALIFIED
15378,28185.01181102362,-7387.364173228343,1.5875,29.1377,9.4706,3.9663,29.5962,0.0016,8.0322,3.0703,126.1481,1.0,0.0,8.776994,0.0322,0.1459,1.0,1.0,QUALIFIED
15393,31835.6780455154,-7849.935073627843,0.466875,32.7898,9.3257,2.9959,21.8806,0.0,7.83,1.5429,-183.3953,1.0,0.0,12.46658,0.0187,0.1057,1.0,1.0,QUALIFIED
15474,29160.21428571429,-8096.523809523809,0.1575,30.264,8.0011,3.5607,18.49,0.0,6.2003,1.7404,86.4222,1.0,0.0,10.486181,0.1149,0.2829,0.384921,1.0,QUALIFIED
15491,25389.340182648404,-8123.929223744286,0.136875,26.658,5.0851,4.0678,20.6333,0.0,4.1618,1.9287,318.2725,1.0,0.0,7.350383,0.1416,0.3052,1.0,0.593607,QUALIFIED
15494,36664.41416309013,-8163.627324749643,0.436875,37.5629,11.1365,4.9292,25.8447,0.0014,9.6676,3.9145,-583.5161,1.0,0.0,16.66182,0.0056,0.0509,1.0,1.0,QUALIFIED
15527,24975.636363636368,-8232.265151515152,0.165,26.298,5.659,4.1252,21.2407,0.0,4.3728,2.0689,335.9362,1.0,0.0,6.966437,0.0668,0.2077,1.0,0.901515,QUALIFIED
15536,32529.25460122699,-8466.064417177913,0.101875,33.6135,11.5884,3.862,24.8099,0.0,9.7813,1.9468,-310.9634,1.0,0.0,13.523706,0.0775,0.2444,1.0,1.0,QUALIFIED
15544,29384.40415335464,-8331.20926517572,0.195625,30.5432,6.0203,2.7226,14.9123,0.0,5.1939,1.3823,72.2043,1.0,0.0,10.791113,0.0778,0.2154,0.0,1.0,QUALIFIED
15548,-42871.82218148487,-8135.395967002747,1.36375,43.6365,6.0345,4.6428,27.5557,0.0005,4.8249,3.1278,-2415.7124,1.0,0.0,1.185591,1.0,0.0,1.0,0.46242,QUALIFIED
15562,35344.50610252237,-8567.522782750202,3.0725,36.3687,8.2588,3.8765,24.2316,0.0,6.8491,2.6929,-476.4401,1.0,0.0,15.054256,0.0374,0.1604,1.0,1.0,QUALIFIED
15595,29807.59557774608,-8785.840941512128,0.438125,31.0761,11.454,3.925,25.2872,0.0014,9.9724,2.5257,60.422,1.0,0.0,11.180815,0.012,0.081,0.0,1.0,QUALIFIED
15598,34499.979616306955,-8233.852517985608,0.260625,35.4695,9.5094,3.9306,24.5369,0.0,7.4629,2.275,-446.8354,1.0,0.0,14.935068,0.7831,0.3559,1.0,1.0,QUALIFIED
15599,-42299.64611005693,-8514.893738140418,0.65875,43.1478,8.779,4.4012,23.1419,0.0,7.4608,3.3687,-2381.8817,1.0,0.0,2.391783,1.0,0.0,1.0,0.063567,QUALIFIED
15608,40806.9074074074,-8419.754629629628,0.135,41.6671,5.2072,2.2534,12.6071,0.0,4.781,1.8623,-912.44,1.0,0.0,20.538805,0.5791,0.4664,1.0,1.0,QUALIFIED
15625,25657.231958762888,-8471.235395189004,0.181875,27.0202,4.1312,2.8115,15.968,0.0,3.7512,2.139,318.6749,1.0,0.0,7.73054,0.0627,0.1885,1.0,0.924399,QUALIFIED
15641,34864.29750778816,-8593.736760124615,0.200625,35.9084,6.8616,3.6647,14.7724,0.0,5.8863,2.5164,-445.9639,1.0,0.0,15.665587,0.0259,0.1177,1.0,1.0,QUALIFIED
15647,30533.153846153844,-8681.780219780216,0.11375,31.7441,10.2994,4.2966,20.58,0.0,8.5608,3.048,-60.1857,1.0,0.0,11.955046,0.0826,0.2281,0.598901,1.0,QUALIFIED
15654,-22012.903846153848,-8675.461538461539,0.1625,23.6605,6.902,4.4151,20.1604,0.0,7.1942,4.1895,2900.8346,1.0,0.0,14.43087,0.0257,0.133,0.430769,1.0,QUALIFIED
15678,-43204.90298507463,-8809.5,0.209375,44.0935,5.4788,3.9876,18.054,0.0,4.243,2.0684,-2404.9839,1.0,0.0,1.858259,1.0,0.0,1.0,0.99403,QUALIFIED
15693,36589.27272727272,-8747.037878787873,0.0825,37.6209,11.0074,3.6199,22.8307,0.0,9.8764,1.4905,-626.0436,1.0,0.0,17.210498,0.0245,0.1118,1.0,1.0,QUALIFIED
15701,24958.875,-8757.108695652176,0.115,26.4512,7.0334,2.7649,14.6361,0.0,6.349,1.4626,366.7863,1.0,0.0,7.102112,0.0096,0.0747,1.0,1.0,QUALIFIED
15703,-17125.742130750605,-8467.599273607746,0.258125,19.1045,9.0242,3.1273,17.3749,0.0,8.727,2.8677,2584.7543,1.0,0.0,16.202045,1.0,0.0,0.825666,1.0,QUALIFIED
15714,39330.518518518526,-8729.746913580246,0.2025,40.2883,6.3108,3.1267,15.5736,0.0,5.5886,2.7126,-723.9888,1.0,0.0,19.323884,0.0428,0.1688,1.0,1.0,QUALIFIED
15739,-43583.46703296703,-8944.005494505494,0.11375,44.4913,3.8157,2.4506,13.1832,0.0,3.5352,1.943,-2395.1749,1.0,0.0,1.804508,1.0,0.0,1.0,1.0,QUALIFIED
15750,40897.50884955753,-9116.498525073745,0.8475,41.9019,6.3148,3.3327,23.0062,0.0,5.3064,2.2647,-872.4796,1.0,0.0,20.666156,0.2254,0.3806,1.0,1.0,QUALIFIED
15756,37785.13432835821,-9014.611940298506,0.08375,38.8462,4.817,2.1807,11.2673,0.0,4.1946,1.8518,-686.8469,1.0,0.0,18.339881,0.0343,0.1355,1.0,1.0,QUALIFIED
15777,-16465.777777777777,-9164.430555555557,0.09,18.8441,8.548,4.0693,23.223,0.0,8.2349,2.9803,2754.1628,1.0,0.0,16.225982,0.0739,0.2086,1.0,1.0,QUALIFIED
15817,37366.32795698925,-9121.81182795699,0.290625,38.4642,9.2861,4.551,24.2115,0.0,8.2512,3.3,-716.806,1.0,0.0,17.786459,0.4077,0.4568,1.0,1.0,QUALIFIED
15869,38745.88888888889,-9398.805555555557,0.1125,39.8702,6.3068,2.4423,11.6374,0.0,5.2373,1.4889,-698.684,1.0,0.0,19.317479,0.1073,0.2641,1.0,1.0,QUALIFIED
15882,40040.566282420754,-9670.033141210375,0.43375,41.1923,6.8409,3.8162,22.6875,0.0,5.6646,2.2648,-832.6903,1.0,0.0,20.381134,0.0767,0.2351,1.0,1.0,QUALIFIED
15895,36237.934163701066,-9521.919928825628,0.175625,37.4687,5.9522,2.9599,13.4334,0.0,5.0929,1.9698,-539.9219,1.0,0.0,17.262966,0.4164,0.4534,1.0,1.0,QUALIFIED
15922,36554.97445255474,-9652.96715328467,0.085625,37.8086,9.1404,4.7999,22.3956,0.0,6.9702,2.0889,-539.5299,1.0,0.0,17.744753,0.1343,0.2849,1.0,1.0,QUALIFIED
16012,25408.86639118458,-9670.849862258954,0.226875,27.1877,11.2268,3.64,27.7637,0.0028,9.7125,2.4528,544.4548,1.0,0.0,7.660369,0.0525,0.1917,1.0,1.0,QUALIFIED
16026,41519.24986256185,-9900.79191863662,1.136875,42.684,5.2206,2.6543,15.4966,0.0,4.2639,1.7322,-884.5809,1.0,0.0,21.250559,0.146,0.3059,1.0,1.0,QUALIFIED
16062,39098.08299595141,-10139.682186234815,0.154375,40.3921,8.0355,4.0911,20.819,0.0,6.23,1.977,-763.1833,1.0,0.0,19.99203,0.0755,0.225,1.0,1.0,QUALIFIED
16067,35335.34142394822,-10239.872168284784,0.193125,36.7898,6.3256,3.1035,17.4508,0.0,5.384,2.1766,-410.0891,1.0,0.0,16.825669,0.044,0.159,1.0,1.0,QUALIFIED
16076,34887.02955082743,-9922.313238770686,0.264375,36.2712,9.5231,3.9825,21.2715,0.0,7.8721,3.0355,-403.2398,1.0,0.0,16.163423,0.0688,0.2089,1.0,1.0,QUALIFIED
16089,35889.457264957266,-10220.867521367516,0.219375,37.3171,6.9744,2.7733,15.0981,0.0,5.7451,1.6974,-455.1764,1.0,0.0,17.208882,0.0512,0.175,1.0,1.0,QUALIFIED
16090,42140.125,-10036.816176470587,0.085,43.3195,5.2257,1.7478,9.766,0.0,4.0951,0.5152,-882.1462,1.0,0.0,22.299341,0.605,0.414,1.0,1.0,QUALIFIED
16098,25917.65789473684,-10311.517543859642,0.178125,27.8942,5.2474,3.3482,17.7402,0.0,4.4778,1.9913,626.1005,1.0,0.0,8.19287,0.2799,0.3936,0.835088,1.0,QUALIFIED
16107,38356.80519480519,-10197.66017316017,0.28875,39.6899,9.1006,3.433,21.595,0.0,7.89,2.3661,-666.1452,1.0,0.0,19.415023,0.011,0.0848,1.0,1.0,QUALIFIED
16135,39522.67913385827,-10033.309055118116,0.3175,40.7769,7.812,3.0434,17.4313,0.0,6.546,1.8595,-799.2986,1.0,0.0,20.260429,0.0202,0.1102,1.0,1.0,QUALIFIED
16139,37582.68872017354,-10138.05748373102,0.288125,38.9267,10.1117,4.681,27.1076,0.0022,8.3329,3.494,-611.9633,1.0,0.0,18.593564,0.0549,0.2016,1.0,1.0,QUALIFIED
16145,41831.29405520171,-10763.884288747351,0.294375,43.1946,6.1796,2.6008,15.1799,0.0,5.0399,1.5176,-912.3602,1.0,0.0,22.472205,0.0742,0.2447,1.0,1.0,QUALIFIED
16165,25807.646067415728,-10604.83707865169,0.11125,27.9022,8.0299,4.1753,17.7077,0.0,6.797,2.8795,620.2656,1.0,0.0,8.300791,0.418,0.4549,0.280899,1.0,QUALIFIED
16166,26721.270551038848,-10474.2591087022,2.075625,28.7015,10.7712,4.7688,29.8661,0.0163,9.1695,3.4883,641.5955,1.0,0.0,8.506946,0.0756,0.2436,0.335742,1.0,QUALIFIED
16170,37265.32446808511,-10534.273936170212,0.235,38.7263,9.283,4.0492,22.8706,0.0,7.2931,2.2788,-580.7337,1.0,0.0,18.604099,0.0305,0.1475,1.0,1.0,QUALIFIED
16199,41183.65080527087,-10551.769399707176,0.426875,42.5145,6.8137,2.9062,19.0253,0.0,5.6209,1.7028,-857.7589,1.0,0.0,21.747471,0.0071,0.066,1.0,1.0,QUALIFIED
16206,40502.32033426185,-10529.722841225625,0.8975,41.8493,7.5138,4.7584,29.7742,0.0132,6.3588,3.1943,-839.986,1.0,0.0,20.86368,0.0668,0.2293,1.0,1.0,QUALIFIED
16224,39261.551792828686,-10645.316733067724,0.31375,40.6798,7.0215,3.169,17.4794,0.0,5.6353,2.0516,-768.8563,1.0,0.0,20.294473,0.0267,0.1346,1.0,1.0,QUALIFIED
16256,37696.38888888889,-10663.333333333328,0.28125,39.1762,5.4482,2.9166,15.59,0.0,4.3439,1.4587,-621.1268,1.0,0.0,18.939657,0.0681,0.2172,1.0,1.0,QUALIFIED
16316,27203.70792079208,-11073.42739273928,0.189375,29.3718,5.3231,2.7426,16.6057,0.0,4.831,1.907,751.2172,1.0,0.0,9.609696,0.1218,0.2858,0.0,1.0,QUALIFIED
16350,39419.60309278351,-11415.221649484534,0.303125,41.0398,8.7115,4.4292,27.029,0.0021,7.1396,2.6797,-794.896,1.0,0.0,20.884983,0.0234,0.1215,1.0,1.0,QUALIFIED
16370,42129.68488745981,-11099.45980707396,0.38875,43.5679,5.3686,2.7216,16.5078,0.0,4.4329,1.5192,-912.0308,1.0,0.0,22.881393,0.2584,0.4007,1.0,1.0,QUALIFIED
16385,38717.0925925926,-11364.5,0.084375,40.3511,5.1458,2.4023,13.4149,0.0,4.2969,1.1433,-712.3052,1.0,0.0,20.393933,0.0098,0.0764,1.0,1.0,QUALIFIED
16394,41082.87104072399,-11209.228506787324,0.138125,42.5852,9.2051,4.5773,21.3156,0.0,6.8332,3.0778,-879.1073,1.0,0.0,22.292403,0.0244,0.1203,1.0,1.0,QUALIFIED
16403,42350.75868055555,-11411.869791666664,0.36,43.862,6.1006,3.4858,22.7816,0.0,4.8229,2.2397,-929.9383,1.0,0.0,23.347511,0.1944,0.3487,0.611111,1.0,QUALIFIED
16440,41351.375,-11287.875,0.125,42.865,4.4319,2.5209,14.2882,0.0,3.8052,1.3428,-891.0052,1.0,0.0,22.562469,0.2712,0.4081,1.0,1.0,QUALIFIED
16444,35576.40839694657,-11561.713740458012,0.081875,37.4086,6.2378,3.3408,19.9256,0.0,5.8484,2.4502,-212.1197,1.0,0.0,17.766893,0.0113,0.0718,1.0,1.0,QUALIFIED
16466,28032.181365576107,-11628.909672830729,0.439375,30.3492,8.5592,2.8918,20.2887,0.0,7.4662,1.4991,789.9003,1.0,0.0,10.385687,0.0094,0.068,0.0,1.0,QUALIFIED
16524,38446.68543046358,-11863.407284768213,0.094375,40.236,4.6596,2.9409,14.3648,0.0,4.7506,2.4521,-689.3902,1.0,0.0,20.426239,0.1963,0.3348,1.0,1.0,QUALIFIED
16614,38755.803116147305,-12143.48016997167,0.220625,40.6144,9.8257,4.9955,29.8144,0.0113,8.096,3.0781,-676.4743,1.0,0.0,20.649607,0.0442,0.1818,1.0,1.0,QUALIFIED
16648,35570.21129707113,-12088.516736401674,0.149375,37.5689,10.4072,3.9603,25.4492,0.0042,9.0114,2.3617,-262.0631,1.0,0.0,17.903212,0.7403,0.394,1.0,1.0,QUALIFIED
16723,-36440.353137516686,-12428.972630173565,0.468125,38.5014,6.2177,3.1264,22.8124,0.0,5.1318,1.9436,171.8657,1.0,0.0,6.841235,0.1886,0.3389,1.0,1.0,QUALIFIED
16797,-36663.38343558282,-12778.180981595098,0.101875,38.826,11.6876,3.4193,24.0204,0.0,9.6349,1.4391,183.1838,1.0,0.0,6.759068,0.0282,0.1235,1.0,1.0,QUALIFIED
17327,18488.02201257862,-14627.723270440256,0.19875,23.5756,3.9855,2.119,10.63,0.0,3.1504,1.1796,2155.8162,1.0,0.0,2.549142,0.0761,0.2081,1.0,1.0,QUALIFIED
17360,18067.0468483816,-14310.019591141398,0.366875,23.0484,6.1561,3.879,22.9986,0.0,4.9746,2.4516,2153.2771,1.0,0.0,1.923051,0.0745,0.2207,1.0,1.0,QUALIFIED
17418,18986.166666666664,-14794.412280701748,0.178125,24.0704,5.7957,3.0317,17.7078,0.0,4.6772,1.5372,2168.2998,1.0,0.0,3.096974,0.0929,0.2344,1.0,1.0,QUALIFIED
17473,-6146.580508474573,-14728.260593220344,0.295,15.9597,6.7739,3.0308,14.7006,0.0,6.0925,2.282,2562.251,1.0,0.0,6.580274,0.7536,0.4017,1.0,0.90678,QUALIFIED
17562,19656.29824561404,-15715.36257309941,0.855,25.167,6.6651,3.7944,24.1832,0.0,5.3425,2.4077,2137.155,1.0,0.0,3.778971,0.1763,0.3258,1.0,1.0,QUALIFIED
17586,18703.15472127418,-15478.965301478958,1.09875,24.2784,6.8164,3.8632,24.4201,0.0,5.1771,1.9772,2118.6467,1.0,0.0,2.605043,0.1384,0.2908,1.0,1.0,QUALIFIED
17592,-6653.779569892475,-15358.962365591404,0.290625,16.7386,7.9458,4.3785,23.8887,0.0,6.6121,3.13,2602.8038,1.0,0.0,7.266576,0.2402,0.3926,1.0,0.0,QUALIFIED
17652,-27604.708542713568,-15290.015075376885,0.24875,31.5562,4.8104,2.3406,11.7092,0.0,4.0682,1.8395,-2167.3493,1.0,0.0,7.179354,0.3888,0.44,1.0,1.0,QUALIFIED
17662,18142.03926701571,-15571.489528795812,0.119375,23.909,9.0041,4.0306,20.1453,0.0,6.5021,1.7758,2105.4553,1.0,0.0,2.629758,0.1326,0.2862,1.0,1.0,QUALIFIED
17730,-8945.886904761901,-15837.297619047618,0.21,18.1894,10.9736,4.8905,27.7459,0.003,9.7638,3.5051,3030.3485,1.0,0.0,9.550916,0.0977,0.2539,1.0,0.0,QUALIFIED
17796,23911.698795180724,-15762.0,0.31125,28.64,7.0343,3.0345,16.5616,0.0,6.235,1.8346,2203.7085,1.0,0.0,7.820885,0.0179,0.0987,0.0,1.0,QUALIFIED
17851,-8321.297413793101,-15789.550287356324,0.435,17.8483,11.3514,4.1287,27.9642,0.0014,9.8896,3.0673,3012.6664,1.0,0.0,8.836041,0.0209,0.1146,1.0,0.0,QUALIFIED
17885,32065.812056737588,-16344.890070921989,0.088125,35.9919,9.3743,4.8569,25.409,0.0071,8.4751,3.0906,1962.0352,1.0,0.0,15.780724,0.0996,0.262,0.765957,1.0,QUALIFIED
17891,23390.49025974025,-16462.20292207793,0.385,28.6035,4.1811,2.2348,12.2018,0.0,3.5851,1.7102,2218.0098,1.0,0.0,7.605919,0.3965,0.4518,0.0,1.0,QUALIFIED
17902,19722.946327683618,-16389.471751412428,0.110625,25.6446,5.8677,2.9138,16.501,0.0,4.361,1.1231,2125.7376,1.0,0.0,4.438609,0.2434,0.3768,1.0,1.0,QUALIFIED
17909,-9604.087443946191,-16266.988789237665,0.139375,18.8907,8.125,3.5513,19.2847,0.0,6.5228,1.6962,2992.7953,1.0,0.0,10.525713,0.4726,0.4615,1.0,0.0,QUALIFIED
17943,31663.535087719298,-16469.96783625731,0.106875,35.6916,5.053,2.9013,17.2294,0.0,4.7468,2.1929,1995.8423,1.0,0.0,15.471688,0.0288,0.1361,0.128655,1.0,QUALIFIED
17949,20307.798429319373,-16581.280104712037,0.596875,26.218,8.1722,3.5781,24.4578,0.0,6.9261,2.2206,2129.0495,1.0,0.0,4.673462,0.1032,0.2628,0.987435,1.0,QUALIFIED
17972,24850.5,-16292.399999999994,0.3125,29.7158,6.428,3.737,17.4897,0.0,5.4171,2.56,2314.5346,1.0,0.0,8.975662,0.2247,0.3848,0.0,1.0,QUALIFIED
18135,-10707.376606683809,-17106.8264781491,0.243125,20.1816,11.3333,4.5872,27.0059,0.0026,9.5602,2.7961,2911.9116,1.0,0.0,11.224666,0.0362,0.158,1.0,0.061697,QUALIFIED
18141,22454.46183206106,-16909.423664122143,0.081875,28.11,5.7676,2.3005,12.1604,0.0,4.9435,1.5848,2267.0702,1.0,0.0,7.233689,0.0437,0.1692,0.0,1.0,QUALIFIED
18153,24057.257361888536,-16933.023971769282,2.568125,29.4197,9.3847,4.6595,29.661,0.0041,7.9117,3.5226,2278.0206,1.0,0.0,8.038695,0.0693,0.2247,0.0,1.0,QUALIFIED
18154,27777.78185328185,-17082.270270270274,0.32375,32.6106,10.1453,2.9875,18.3927,0.0,8.8787,2.1311,2557.8374,1.0,0.0,11.861729,0.0717,0.2142,0.0,1.0,QUALIFIED
18169,26717.62957157784,-17198.29832810867,0.598125,31.7751,6.4275,3.8762,19.6812,0.0,5.3282,2.8696,2480.1702,1.0,0.0,10.865657,0.3046,0.4151,0.0,1.0,QUALIFIED
18220,21227.58641975309,-17213.08024691358,0.2025,27.3302,7.3714,3.9743,18.4959,0.0,7.107,3.3044,1939.6878,1.0,0.0,6.140033,1.0,0.0,0.472222,1.0,QUALIFIED
18263,25072.16009852217,-17342.357142857145,0.126875,30.4863,3.8884,1.9491,9.9573,0.0,3.7032,1.5538,2381.4217,1.0,0.0,9.605793,0.0171,0.0928,0.0,1.0,QUALIFIED
18277,-17500.33388704319,-17325.911960132893,0.188125,24.6262,9.0813,4.1677,24.1972,0.0,8.1294,2.9718,396.3027,1.0,0.0,9.385261,0.0,0.0,1.0,0.986711,QUALIFIED
18317,24642.47858942065,-17467.226700251886,0.49625,30.2059,8.7593,4.9745,23.7758,0.0,7.7864,4.4899,2346.4441,1.0,0.0,9.056765,0.0156,0.0939,0.0,1.0,QUALIFIED
18326,27377.734200743493,-16799.537174721198,0.840625,32.1218,9.2543,3.2905,26.2059,0.0007,7.8542,2.1901,2520.5586,1.0,0.0,11.113983,0.2042,0.3846,0.0,1.0,QUALIFIED
18366,17093.370192307688,-17493.189903846156,0.26,24.4587,11.1362,4.7308,22.2235,0.0,9.5428,3.1717,1768.1266,1.0,0.0,2.505619,0.0388,0.1485,1.0,1.0,QUALIFIED
18378,22298.9966442953,-17819.13087248322,0.18625,28.5448,6.6944,3.7351,19.2108,0.0,5.675,2.3453,2286.0486,1.0,0.0,7.38093,0.0481,0.1689,0.0,1.0,QUALIFIED
18404,23105.873762376228,-17631.55445544554,0.2525,29.0653,6.0676,3.6509,18.1832,0.0,4.9055,2.3254,2276.6786,1.0,0.0,7.940757,0.0483,0.1764,0.0,1.0,QUALIFIED
18507,17567.615942028984,-18174.681159420288,0.25875,25.278,7.4792,4.554,22.0706,0.0,5.8518,2.5899,1749.4706,1.0,0.0,3.197069,0.3307,0.4008,1.0,1.0,QUALIFIED
18583,17264.893518518526,-18259.33796296297,0.135,25.13,5.6597,3.994,21.4888,0.0,4.0796,1.6791,1728.9902,1.0,0.0,3.045181,0.22,0.3512,1.0,1.0,QUALIFIED
18599,18528.75531914893,-18221.66312056737,0.088125,25.9881,4.2195,1.9124,10.1806,0.0,3.8496,1.0232,1806.358,1.0,0.0,4.286972,0.9194,0.2262,1.0,1.0,QUALIFIED
18628,19435.728571428568,-18083.87142857143,0.546875,26.5483,8.243,3.8465,21.0758,0.0,7.3383,2.9416,1917.7604,1.0,0.0,4.854122,0.32,0.4308,1.0,1.0,QUALIFIED
18700,22190.50660066007,-18485.349834983503,0.7575,28.882,8.5616,4.8958,28.3521,0.0066,7.2822,3.716,2224.3529,1.0,0.0,7.039398,0.2695,0.4107,0.0,1.0,QUALIFIED
18730,17189.729885057473,-18607.68965517242,0.10875,25.3332,6.9807,4.2354,20.099,0.0,6.2055,2.9101,1717.5708,1.0,0.0,3.054607,0.3218,0.3965,1.0,1.0,QUALIFIED
18844,-29556.115942028984,-18912.09057971015,0.1725,35.0888,8.7408,4.1467,24.6983,0.0,7.9048,2.7665,-3391.7981,1.0,0.0,3.694083,0.2167,0.3784,1.0,1.0,QUALIFIED
18970,14905.206521739128,-19128.84782608696,0.115,24.251,10.819,4.9312,25.6071,0.0054,9.5933,3.0861,1162.5917,1.0,0.0,0.98298,0.1198,0.2781,1.0,1.0,QUALIFIED
18978,18852.759023354563,-18783.820594479832,1.471875,26.6138,9.9312,4.0429,27.7889,0.0008,8.3174,2.6547,1882.5726,1.0,0.0,3.832183,0.7655,0.3934,1.0,1.0,QUALIFIED
18981,25119.19387755102,-19506.84693877552,0.153125,31.8046,7.5336,4.7839,25.4117,0.0041,6.6486,4.0568,1949.4049,1.0,0.0,10.690095,1.0,0.0,1.0,1.0,QUALIFIED
19032,24818.04734111544,-19131.43904020752,0.481875,31.3367,7.5882,4.7586,26.1122,0.0026,6.1325,3.391,1957.4728,1.0,0.0,10.028584,1.0,0.0,0.840467,1.0,QUALIFIED
19245,9382.88353413654,-19894.78112449799,0.31125,21.997,8.5068,3.3292,20.1658,0.0,7.3571,2.001,1190.2953,1.0,0.401606,0.0,0.0697,0.2031,1.0,1.0,QUALIFIED
19299,-31689.10103626943,-20193.08808290155,0.24125,37.5759,5.8283,3.7322,21.2486,0.0,5.6198,3.2917,-3910.3118,1.0,0.0,2.196588,0.0825,0.2243,1.0,1.0,QUALIFIED
19320,24505.040897097628,-20339.671503957783,0.236875,31.8472,6.1111,3.6175,18.9056,0.0,5.1508,2.9119,1947.2103,1.0,0.0,10.359084,1.0,0.0,1.0,1.0,QUALIFIED
19394,-32865.94776119403,-20398.604477611952,0.209375,38.6815,5.9069,3.0369,19.2688,0.0,4.8854,2.1573,-3910.4967,1.0,0.0,2.052438,0.0816,0.2326,1.0,1.0,QUALIFIED
19430,7121.833333333336,-20623.83333333333,0.140625,21.8195,10.423,2.569,19.3707,0.0,9.8215,1.3541,951.1659,1.0,0.044444,0.0,0.0347,0.1463,1.0,1.0,QUALIFIED
19608,19794.703359858533,-20838.17152961981,1.41375,28.742,10.5259,4.649,27.9125,0.0018,9.1865,3.6823,1707.7296,1.0,0.0,5.276836,0.0881,0.2522,1.0,1.0,QUALIFIED
19701,-31166.52564102564,-21277.705128205125,0.121875,37.737,9.6775,2.6281,17.2398,0.0,9.6647,2.2835,-4161.4115,1.0,0.0,1.668832,0.008,0.0596,1.0,1.0,QUALIFIED
19814,2915.15377532228,-21428.50552486188,0.339375,21.6264,6.135,3.3987,23.5318,0.0,5.2896,2.7059,237.782,1.0,0.009208,0.0,0.1633,0.3169,1.0,1.0,QUALIFIED
19849,-32693.86099585062,-21342.65352697096,0.150625,39.0434,6.9885,3.193,16.8802,0.0,6.3007,1.7928,-4052.5437,1.0,0.0,1.0,0.0388,0.15,1.0,1.0,QUALIFIED
19866,5482.905545927213,-21849.153379549403,1.4425,22.5272,11.1505,4.2237,23.4303,0.0,9.7376,3.0456,671.7626,1.0,0.001733,0.0,0.0924,0.242,1.0,1.0,QUALIFIED
19908,-903.3846153846098,-21651.23076923077,0.08125,21.6705,3.816,2.1144,9.5634,0.0,3.3605,1.2041,15.3717,1.0,0.0,0.536773,0.48,0.4339,1.0,1.0,QUALIFIED
19946,22431.69814241485,-21790.98606811145,0.201875,31.2741,9.712,4.331,21.7033,0.0,8.6774,2.9986,2339.8388,1.0,0.0,7.915531,0.0903,0.2607,1.0,1.0,QUALIFIED
19964,3130.290645879737,-21941.482182628068,0.280625,22.1642,5.6865,2.9218,19.3654,0.0,4.9795,2.1213,229.6265,1.0,0.024499,0.0,0.1088,0.2551,1.0,1.0,QUALIFIED
19975,925.5359116022082,-21988.65745856354,0.22625,22.0086,6.0991,3.2327,18.0085,0.0,5.0042,1.6462,114.0928,1.0,0.425414,0.0,0.6021,0.4537,1.0,1.0,QUALIFIED
19977,18434.07249070632,-21832.49256505576,0.168125,28.5747,9.1354,4.806,24.5366,0.0,9.0056,4.6696,1011.0937,1.0,0.0,4.560976,0.2767,0.4128,0.910781,1.0,QUALIFIED
19983,1924.091121495323,-21511.64953271029,0.2675,21.5981,5.6917,3.0171,20.0299,0.0,4.7905,2.07,181.2083,1.0,0.0,0.230489,0.079,0.2198,1.0,1.0,QUALIFIED
20005,1419.6279527559018,-21495.53838582677,1.27,21.5429,9.5509,4.7373,27.3165,0.0025,8.0157,3.3376,182.4871,1.0,0.009843,0.0,0.0803,0.2353,1.0,1.0,QUALIFIED
20015,1280.1944444444453,-21835.33333333333,0.1125,21.8734,5.561,3.0792,15.9905,0.0,4.8038,2.0707,132.6751,1.0,0.094444,0.0,0.4758,0.441,1.0,1.0,QUALIFIED
20075,-29468.653266331658,-22260.241206030143,0.24875,36.9312,7.2272,4.577,28.3605,0.0101,7.0289,5.2735,-4446.6569,1.0,0.0,0.375832,0.4321,0.4497,1.0,1.0,QUALIFIED
20143,-28357.894366197183,-22384.12441314553,0.133125,36.1277,7.5554,3.184,19.6372,0.0,6.9643,2.0626,-4419.5632,1.0,0.0,0.175,0.1474,0.2847,1.0,1.0,QUALIFIED
20151,6546.285173978824,-22655.532526475043,0.82625,23.583,7.7714,4.4555,27.5734,0.0008,6.7458,3.569,827.0865,1.0,0.122542,0.0,0.3942,0.4283,1.0,1.0,QUALIFIED
20219,1502.0497512437796,-22484.04601990049,0.5025,22.5347,5.8979,3.373,19.5248,0.0,4.5476,1.9347,158.8797,1.0,0.159204,0.0,0.6127,0.4336,1.0,1.0,QUALIFIED
20227,-27992.78624535316,-22356.65613382899,0.168125,35.8247,8.6971,3.3401,19.8343,0.0,7.8078,2.2436,-4376.1689,1.0,0.0,0.075,0.248,0.3713,1.0,1.0,QUALIFIED
20302,26954.54807692308,-22643.490384615376,0.13,35.204,6.5457,3.2991,16.7935,0.0,6.049,2.3019,2826.2542,1.0,0.0,11.992602,0.0179,0.1011,1.0,1.0,QUALIFIED
20322,418.73247559893935,-22270.595829636208,0.704375,22.275,9.4831,3.5719,28.1307,0.0062,7.8522,2.075,85.4425,1.0,0.078083,0.0,0.4779,0.4358,1.0,1.0,QUALIFIED
20324,7259.85932721712,-23004.01070336392,0.40875,24.123,9.2639,3.9506,28.5098,0.0031,7.4467,2.4089,850.2408,1.0,0.365443,0.0,0.2731,0.4089,1.0,1.0,QUALIFIED
20343,946.42105263158,-22883.947368421053,0.59375,22.904,5.4979,3.4015,18.6561,0.0,4.5861,2.6077,168.4565,1.0,0.062105,0.0,0.374,0.4163,1.0,1.0,QUALIFIED
20457,202.2777777777737,-23020.333333333343,0.25875,23.0217,9.0706,2.5988,18.095,0.0,7.9227,1.5685,91.2889,1.0,0.415459,0.0,0.8119,0.3491,1.0,1.0,QUALIFIED
20458,1690.0367231638447,-23201.689265536726,0.22125,23.2637,6.2132,3.8266,19.7584,0.0,4.9424,1.8318,168.2614,1.0,0.497175,0.0,0.7304,0.3897,1.0,1.0,QUALIFIED
20469,-1876.468992248061,-23282.25193798449,0.16125,23.3582,5.1745,2.6019,14.4804,0.0,4.8711,1.7827,-42.5594,1.0,0.0,1.305038,0.9507,0.1957,1.0,1.0,QUALIFIED
20490,22243.25,-23467.357142857145,0.2275,32.3346,10.3895,3.2356,21.4852,0.0,9.2026,2.2407,2065.5502,1.0,0.0,7.209412,0.4249,0.4454,1.0,1.0,QUALIFIED
20497,6667.745341614907,-23230.28416149068,0.4025,24.1689,11.4623,4.3683,28.5302,0.0047,9.8971,3.1612,849.8752,1.0,0.113354,0.0,0.157,0.322,1.0,1.0,QUALIFIED
20522,1362.0661375661366,-23227.542328042327,0.118125,23.268,5.871,3.6135,21.8141,0.0,3.8965,1.0494,165.6811,1.0,0.428571,0.0,0.5137,0.4619,1.0,1.0,QUALIFIED
20560,2594.9077743902453,-23207.36966463414,0.82,23.3525,8.1797,3.1525,24.9439,0.0,6.8516,1.9128,116.3948,1.0,0.344512,0.0,0.7894,0.3835,1.0,1.0,QUALIFIED
20667,813.5804597701135,-23847.3607918263,0.489375,23.8618,4.6053,2.1735,13.7442,0.0,3.8226,1.4503,194.9028,1.0,0.014049,0.0,0.3418,0.4159,1.0,1.0,QUALIFIED
20721,3060.161764705881,-23712.95588235295,0.2125,23.9102,5.8571,2.3108,18.4277,0.0,4.9161,1.1937,136.5339,1.0,0.064706,0.0,1.0,0.0,1.0,1.0,QUALIFIED
20722,4294.884615384617,-23862.76923076924,0.08125,24.2468,3.6131,1.9164,10.5862,0.0,3.5045,1.4608,257.9037,1.0,0.215385,0.0,0.9852,0.1028,1.0,1.0,QUALIFIED
20739,29086.97689463955,-23979.952865064697,0.338125,37.6981,9.7496,3.0049,19.6633,0.0,8.5137,2.1372,2064.6705,1.0,0.0,13.801381,0.1837,0.3654,1.0,1.0,QUALIFIED
20776,-1514.1783284742487,-23804.40767735665,0.643125,23.853,6.7858,3.6662,18.0773,0.0,5.6391,2.2398,9.7499,1.0,0.0,0.90312,0.3956,0.4485,1.0,1.0,QUALIFIED
20806,-3216.0991735537245,-24081.524793388424,0.15125,24.2958,7.8942,3.6478,18.1003,0.0,6.6044,2.4844,-184.6051,1.0,0.0,2.734616,0.7223,0.4081,1.0,1.0,QUALIFIED
20807,1583.0696920583505,-23779.99027552674,0.77125,23.8332,7.9617,3.5089,24.8091,0.0,6.7924,2.6577,194.232,1.0,0.212318,0.0,0.8861,0.2779,1.0,1.0,QUALIFIED
20824,13432.97457627119,-24106.844632768363,0.22125,27.5975,6.8166,3.9004,21.5455,0.0,5.7279,2.546,-369.6304,1.0,0.0,0.090139,0.1922,0.3411,0.0,1.0,QUALIFIED
20893,14750.693820224718,-24274.570224719108,0.445,28.4056,9.2017,4.807,22.3179,0.0,7.8087,3.6513,-454.238,1.0,0.0,0.45,0.2456,0.3983,0.0,1.0,QUALIFIED
20907,13812.282485875709,-24389.542372881348,0.22125,28.0298,9.966,4.7874,26.3172,0.0028,8.3558,4.0438,-426.6537,1.0,0.0,0.090139,0.2688,0.4093,0.0,1.0,QUALIFIED
20942,-1431.0118110236217,-24446.94094488189,0.079375,24.4893,6.707,2.7004,22.1997,0.0,5.4885,1.593,-3.9991,1.0,0.0,1.66527,0.0214,0.1077,1.0,1.0,QUALIFIED
20949,28929.90145985401,-24643.93430656934,0.85625,38.0042,11.3995,4.0102,23.598,0.0,9.9755,3.1192,1999.0708,1.0,0.0,13.439541,0.1393,0.3149,1.0,1.0,QUALIFIED
21014,15072.42780748663,-24735.128342246,0.23375,28.9663,7.2396,3.5223,17.098,0.0,6.1096,2.2149,-504.4961,1.0,0.0,0.05,0.3767,0.4326,0.0,1.0,QUALIFIED
21021,1124.841685649204,-24634.94988610479,0.54875,24.6611,5.9778,2.7874,17.4596,0.0,5.1377,1.9154,211.0032,1.0,0.0,0.459619,0.2294,0.373,1.0,1.0,QUALIFIED
21038,-4306.48547062539,-24769.856917245736,0.989375,25.1418,8.25,4.2187,26.9456,0.0006,6.7224,3.1266,-207.7412,1.0,0.0,3.487926,0.0945,0.2572,1.0,1.0,QUALIFIED
21065,15845.5,-24780.125,0.125,29.4139,7.6331,4.6243,19.5625,0.0,6.9963,3.3385,-454.4908,1.0,0.0,0.798827,0.3188,0.4147,0.0,1.0,QUALIFIED
21159,-6679.785714285717,-24991.82142857142,0.0875,25.8695,8.0202,4.2697,26.0106,0.0071,7.8739,3.0098,-57.928,1.0,0.0,6.367152,0.036,0.1688,1.0,1.0,QUALIFIED
21301,29881.474248927043,-25317.0965665236,0.145625,39.1652,5.5743,3.0499,15.0895,0.0,4.7845,2.4142,2146.0146,1.0,0.0,14.650085,0.1324,0.2792,0.0,1.0,QUALIFIED
21404,16632.582706766916,-25529.199248120305,0.083125,30.4701,6.1506,3.1471,15.7728,0.0,5.8586,1.8388,-491.6195,1.0,0.0,1.467353,0.246,0.3664,0.0,1.0,QUALIFIED
21423,14987.21802325581,-25937.67829457364,0.645,29.957,9.4299,4.9411,25.9077,0.0019,7.5849,3.342,-568.579,1.0,0.327519,0.0,0.9438,0.2116,0.0,1.0,QUALIFIED
21470,15994.443019943028,-25842.163817663823,0.219375,30.3921,9.9655,4.3689,22.2504,0.0,8.0176,2.7203,-522.6898,1.0,0.0,0.903466,0.6612,0.4468,0.0,1.0,QUALIFIED
21471,16408.701954397395,-25858.213355048865,0.191875,30.6257,6.6335,2.8752,17.1267,0.0,5.7935,1.594,-520.0851,1.0,0.0,1.31577,0.6793,0.4412,0.0,1.0,QUALIFIED
21553,97.4853479853482,-26350.873626373635,0.170625,26.3516,6.2241,2.6276,15.5643,0.0,5.7336,1.9554,-114.6841,1.0,0.0,2.561494,0.0248,0.1101,1.0,1.0,QUALIFIED
21555,15537.478723404252,-26150.56382978724,0.146875,30.4189,9.4903,4.261,22.5301,0.0,7.0627,1.9168,-583.0694,1.0,0.0,0.460977,1.0,0.0,0.0,1.0,QUALIFIED
21568,16123.964285714284,-26260.57142857142,0.175,30.8163,7.7037,2.8681,15.0768,0.0,5.9266,1.3867,-548.3803,1.0,0.0,1.06066,1.0,0.0,0.0,1.0,QUALIFIED
21651,16555.081157194058,-26487.710445468503,1.220625,31.2364,6.9109,3.8937,24.4324,0.0,5.5964,2.5749,-538.558,1.0,0.0,0.784618,0.897,0.296,0.0,1.0,QUALIFIED
21695,15833.969696969696,-26468.060606060608,0.0825,30.8434,4.7277,2.243,11.0858,0.0,4.0357,1.2009,-575.8455,1.0,0.0,0.97788,1.0,0.0,0.0,1.0,QUALIFIED
21792,15540.159340659338,-26601.42307692308,0.170625,30.8087,5.2587,2.7433,14.6485,0.0,4.1617,1.1522,-585.1949,1.0,0.0,0.626997,1.0,0.0,0.0,1.0,QUALIFIED
21846,15072.706860706863,-26549.13617463618,0.60125,30.5301,7.7634,4.4386,28.7914,0.0042,6.0593,3.0994,-587.1499,1.0,0.031185,0.0,1.0,0.0,0.0,1.0,QUALIFIED
22023,15719.216088328074,-27268.900630914824,0.39625,31.4759,7.0509,4.701,25.9176,0.0032,5.1056,2.2553,-600.086,1.0,0.0,0.657647,1.0,0.0,0.0,1.0,QUALIFIED
22123,16656.392697466472,-27614.30377545952,1.258125,32.2495,6.1443,3.8487,19.7821,0.0,4.7175,2.6396,-572.4748,1.0,0.0,1.449353,1.0,0.0,0.15996,1.0,QUALIFIED
22150,15396.74231464738,-27810.666365280296,0.345625,31.7889,5.0829,3.0908,16.0369,0.0,3.5644,1.5745,-602.4427,1.0,0.0,0.728011,1.0,0.0,0.039783,1.0,QUALIFIED
22156,14690.67647058823,-27779.61982570807,0.286875,31.4256,6.272,3.5457,18.7875,0.0,5.47,2.7943,-590.8145,1.0,0.0,0.035355,1.0,0.0,0.0,1.0,QUALIFIED
22164,6780.039358600581,-27248.57069970845,0.8575,28.08,7.2337,2.8586,21.4838,0.0,6.3556,2.2154,-111.2772,1.0,0.0,1.425219,0.0364,0.1486,0.0,1.0,QUALIFIED
22231,15892.784424379235,-27841.48645598194,0.276875,32.0589,5.1903,2.7072,15.8918,0.0,3.8114,1.556,-580.9813,1.0,0.0,1.212693,1.0,0.0,0.162528,1.0,QUALIFIED
22319,14977.126970227677,-27809.657618213663,0.356875,31.5869,6.9256,3.4745,22.3813,0.0,5.4174,1.9144,-598.5297,1.0,0.0,0.325,1.0,0.0,0.015762,1.0,QUALIFIED
22409,5399.884615384617,-28317.0,0.08125,28.8279,6.8025,3.357,17.9848,0.0,6.5341,1.7406,-409.7286,1.0,0.0,3.069609,0.0566,0.1771,1.0,1.0,QUALIFIED
22491,16997.962214411244,-28504.816344463965,0.355625,33.1889,6.7077,3.4379,21.1966,0.0,5.2906,2.9626,-559.9899,1.0,0.0,2.208082,1.0,0.0,1.0,1.0,QUALIFIED
22496,5476.66262975779,-28596.039792387543,0.180625,29.1163,10.7,4.4733,23.6004,0.0,9.665,3.7221,-437.3819,1.0,0.0,2.961841,0.0634,0.2009,1.0,1.0,QUALIFIED
22498,11672.359744990885,-28446.016393442624,0.68625,30.7483,7.5037,3.3789,17.7839,0.0,6.5682,2.6731,-80.1517,1.0,0.437158,0.0,0.3693,0.4122,0.0,1.0,QUALIFIED
22504,17493.015625,-28767.9375,0.2,33.6697,7.745,3.4821,17.7556,0.0,6.8769,2.6915,-535.7126,1.0,0.0,2.948835,1.0,0.0,1.0,1.0,QUALIFIED
22527,15665.611111111117,-28724.22222222222,0.1125,32.7191,4.0514,2.251,10.8899,0.0,3.7668,1.3671,-565.8964,1.0,0.0,1.330648,1.0,0.0,1.0,1.0,QUALIFIED
22546,16017.65217391304,-28697.0,0.14375,32.8653,6.7439,3.794,22.0382,0.0,4.5955,1.6688,-579.8621,1.0,0.0,1.700735,1.0,0.0,1.0,1.0,QUALIFIED
22547,16350.668224299065,-28604.03938584779,0.468125,32.9481,6.9775,4.8148,27.0812,0.012,5.1462,2.4882,-574.2635,1.0,0.0,1.685415,1.0,0.0,1.0,1.0,QUALIFIED
22566,16770.8133640553,-28885.559907834104,0.135625,33.4018,3.5123,1.7113,8.1659,0.0,3.0047,1.0101,-557.1342,1.0,0.0,2.358495,1.0,0.0,1.0,1.0,QUALIFIED
22625,28183.03333333333,-28801.966666666674,0.234375,40.2976,10.521,3.3323,21.3532,0.0,9.6309,2.0483,1304.6768,1.0,0.0,13.327345,0.065,0.2172,0.0,1.0,QUALIFIED
22752,-12649.205179282872,-29173.90239043825,0.156875,31.7984,7.8937,3.237,21.4847,0.0,6.4347,1.7215,-684.0231,1.0,0.0,9.075861,0.0674,0.2359,1.0,1.0,QUALIFIED
22756,17428.546762589925,-29261.730215827338,0.17375,34.0595,7.8229,3.568,19.4988,0.0,6.4061,1.6091,-526.9656,1.0,0.0,3.232066,1.0,0.0,1.0,1.0,QUALIFIED
22826,16758.262886597935,-29489.577319587625,0.12125,33.9193,7.034,3.1676,17.037,0.0,6.2902,2.333,-534.7984,1.0,0.0,2.672195,1.0,0.0,1.0,1.0,QUALIFIED
22843,-5306.430656934303,-29760.175182481747,0.17125,30.23,5.1416,2.7543,17.0955,0.0,4.8035,1.7288,-1695.4063,1.0,0.0,4.813003,0.1387,0.2932,1.0,1.0,QUALIFIED
22927,13824.127791563276,-30008.37096774194,0.251875,33.0402,8.5024,4.0127,27.0277,0.0025,7.6985,3.5234,-123.3142,1.0,0.0,0.291548,0.1857,0.3352,1.0,1.0,QUALIFIED
23035,16227.167682926824,-29904.949695121963,0.41,34.0246,8.6664,4.1711,23.5445,0.0,7.7028,3.4594,-460.1409,1.0,0.0,2.169101,1.0,0.0,1.0,1.0,QUALIFIED
23080,-9957.678217821784,-30435.48629093678,0.820625,32.0233,9.3696,4.5662,27.8563,0.0076,7.9309,2.7518,-1246.4591,1.0,0.0,8.246211,0.0259,0.1311,1.0,1.0,QUALIFIED
23144,14252.521148036249,-30357.657099697884,0.206875,33.5375,8.3153,4.1984,19.8449,0.0,7.4584,3.4624,-104.943,1.0,0.0,0.795692,0.5239,0.469,1.0,1.0,QUALIFIED
23149,-6904.693548387098,-30753.612903225803,0.19375,31.5196,7.6939,3.5486,17.109,0.0,7.0849,2.2502,-1708.2741,1.0,0.0,5.728274,0.0308,0.1339,1.0,1.0,QUALIFIED
23194,-12990.16417910448,-30380.917910447766,0.41875,33.0418,7.1176,3.79,21.0473,0.0,6.1022,2.5948,-696.4448,1.0,0.0,8.193938,0.2837,0.4099,1.0,1.0,QUALIFIED
23253,-12544.42123287671,-30931.648972602736,0.365,33.3789,7.8388,3.628,22.852,0.0,6.7303,2.4802,-693.0391,1.0,0.0,8.244885,0.3101,0.4318,1.0,1.0,QUALIFIED
23262,-9431.354523950322,-31225.10615020698,2.11375,32.6187,10.5236,4.7656,29.7519,0.0044,9.0222,3.7423,-1355.481,1.0,0.0,7.115344,0.0241,0.1264,1.0,1.0,QUALIFIED
23316,14718.885593220344,-31175.45338983051,0.1475,34.4761,6.8448,4.5686,20.6791,0.0,6.4666,4.0092,-76.4971,1.0,0.0,1.840007,0.0908,0.2417,1.0,1.0,QUALIFIED
23321,-2904.5123456790097,-31166.78395061729,0.455625,31.3023,9.9617,2.5063,17.436,0.0,8.6976,1.6873,-1675.3607,1.0,0.0,1.785532,0.0364,0.161,0.890261,1.0,QUALIFIED
23327,-8283.015337423312,-31164.99079754601,0.101875,32.2473,10.3252,3.4691,21.9137,0.0,9.1131,1.3728,-1504.0861,1.0,0.0,6.856247,0.014,0.1109,1.0,1.0,QUALIFIED
23394,-5347.589761570831,-31513.349929873773,0.445625,31.9643,6.6032,3.8159,23.6458,0.0,5.3433,2.8339,-1810.1681,1.0,0.0,3.678485,0.6444,0.4522,1.0,1.0,QUALIFIED
23400,-6330.616959064326,-31439.11988304094,0.106875,32.0705,5.1924,3.4192,20.9339,0.0,4.0676,1.7298,-1772.9469,1.0,0.0,4.941913,0.3268,0.4101,1.0,1.0,QUALIFIED
23415,-8651.577097505666,-31303.41156462585,0.275625,32.4773,9.6025,3.0861,21.5546,0.0,8.3518,1.9674,-1451.1398,1.0,0.0,7.037844,0.01,0.0872,1.0,1.0,QUALIFIED
23424,15678.594650205763,-31407.792181069963,0.759375,35.1043,10.4288,3.9812,23.4961,0.0,9.1022,3.1638,-75.5985,1.0,0.0,2.104311,0.7872,0.3899,1.0,1.0,QUALIFIED
23455,-6376.323045267491,-31575.32304526749,0.151875,32.2131,6.2269,4.0157,19.3937,0.0,5.185,3.0347,-1773.8339,1.0,0.0,4.786243,0.1641,0.3094,1.0,1.0,QUALIFIED
23515,-4290.300995024874,-31732.128524046435,0.376875,32.0213,6.8986,3.9489,21.0394,0.0,4.7891,1.7281,-1801.7765,1.0,0.0,2.836591,0.3684,0.4131,0.963516,1.0,QUALIFIED
23521,-5615.805584826128,-32327.92465753424,0.593125,32.8125,6.3424,4.0776,29.8808,0.0032,4.875,2.6993,-1807.4239,1.0,0.0,3.640055,0.659,0.4205,0.796628,1.0,QUALIFIED
23522,1850.253768844217,-32147.615577889446,0.124375,32.2013,6.1954,3.3632,27.4507,0.005,5.8568,2.4503,-1604.9282,1.0,0.0,1.375909,0.123,0.2619,0.0,1.0,QUALIFIED
23583,-8820.232937685461,-32109.663204747776,0.210625,33.2994,5.193,2.4341,13.0121,0.0,4.7289,1.6189,-1490.8045,1.0,0.0,6.997321,0.1002,0.2408,1.0,1.0,QUALIFIED
23611,-12786.950381679391,-32156.75190839696,0.081875,34.6061,5.4591,3.023,18.9964,0.0,4.8177,1.0452,-560.5127,1.0,0.0,7.907947,0.2699,0.4052,1.0,1.0,QUALIFIED
23614,1346.2839805825206,-32132.995145631063,0.2575,32.1617,10.0054,2.8828,28.8466,0.0073,9.0497,1.7556,-1637.5858,1.0,0.0,1.201301,0.1092,0.2472,0.0,1.0,QUALIFIED
23627,2509.792887029289,-32081.90585774058,0.746875,32.1805,7.6003,3.9634,21.7601,0.0,6.5564,2.9058,-1621.1548,1.0,0.0,1.184536,0.1107,0.2611,0.029289,1.0,QUALIFIED
23628,17038.250000000007,-32324.84090909091,0.1375,36.541,5.1212,2.5457,12.0277,0.0,4.6527,2.2714,4.7405,1.0,0.0,3.319356,0.0935,0.2546,0.790909,1.0,QUALIFIED
23655,-4902.00905432595,-32607.19617706237,0.310625,32.974,7.122,3.9813,21.8919,0.0,5.352,2.3845,-1813.3395,1.0,0.0,3.046001,0.6022,0.4335,0.004024,1.0,QUALIFIED
23663,-6820.55051590714,-31772.742691315565,2.9075,32.497,8.6134,4.5257,29.1747,0.0028,7.1702,3.1766,-1744.8073,1.0,0.0,4.215448,0.1479,0.3171,1.0,1.0,QUALIFIED
23664,-1053.4872673849168,-32436.179725759062,0.638125,32.4538,5.1477,2.8923,18.6571,0.0,4.2033,1.9347,-1801.0314,1.0,0.000979,0.0,0.1646,0.3321,0.0,1.0,QUALIFIED
23714,-3354.290983606559,-32744.17213114754,0.1525,32.916,3.8019,2.4564,13.2401,0.0,2.9085,1.5984,-1828.5992,1.0,0.0,1.622498,0.5928,0.4121,0.0,1.0,QUALIFIED
23721,-398.0267379679135,-32853.778074866306,0.4675,32.8567,5.062,2.8411,22.2311,0.0,3.8454,1.3152,-1804.8919,1.0,0.032086,0.0,0.6006,0.4427,0.0,1.0,QUALIFIED
23756,-5337.877450980392,-32670.333333333343,0.1275,33.1039,5.7807,3.5072,21.386,0.0,5.0958,2.865,-1815.4384,1.0,0.0,3.530227,0.6867,0.396,0.0,1.0,QUALIFIED
23777,-2532.722222222219,-32926.72222222222,0.1125,33.0244,5.3133,3.5513,15.7468,0.0,3.7,1.2584,-1820.4229,1.0,0.0,0.921954,0.5969,0.4318,0.0,1.0,QUALIFIED
23778,-1434.2786259541972,-32967.82061068702,0.081875,32.9995,4.4505,2.5262,15.9803,0.0,3.5781,1.1231,-1805.9789,1.0,0.0,0.05,0.1331,0.2775,0.0,1.0,QUALIFIED
23817,-815.2326852976912,-33432.033414337784,0.514375,33.4425,6.7978,4.3643,24.5853,0.0,5.0554,2.2081,-1822.3633,1.0,0.030377,0.0,0.5971,0.4405,0.0,1.0,QUALIFIED
23824,-3140.5724637681124,-33054.57246376811,0.215625,33.2039,4.4666,2.8961,16.6439,0.0,3.2623,1.4658,-1825.5484,1.0,0.0,1.252248,0.7754,0.3647,0.0,1.0,QUALIFIED
23831,-4237.83974358975,-33143.25,0.0975,33.4135,4.9874,2.1564,11.7763,0.0,4.2479,1.4099,-1814.1418,1.0,0.0,2.316247,0.7323,0.3859,0.0,1.0,QUALIFIED
23841,-12544.728110599077,-32712.760368663585,1.35625,35.0359,9.2117,4.4266,25.3068,0.0009,7.917,3.3142,-538.8959,1.0,0.0,7.311976,0.2443,0.395,1.0,1.0,QUALIFIED
23843,321.79729729730025,-33117.70945945945,0.4625,33.1198,4.2322,2.9103,18.0152,0.0,3.5033,1.9016,-1770.6389,1.0,0.004054,0.0,0.4445,0.4193,0.0,1.0,QUALIFIED
23878,-3868.0465838509263,-33235.29192546585,0.20125,33.4601,7.6437,4.4619,21.4129,0.0,5.5204,2.6266,-1829.0716,1.0,0.0,1.873833,0.7441,0.4039,0.0,1.0,QUALIFIED
23901,-2167.432624113477,-33439.74822695035,0.3525,33.5104,4.4798,2.3296,12.3833,0.0,3.3718,1.1187,-1809.5923,1.0,0.0,0.176777,0.406,0.4422,0.0,1.0,QUALIFIED
23904,-228.2777777777737,-33230.7091503268,0.095625,33.232,5.899,2.7354,13.7613,0.0,4.3743,1.2531,-1792.1522,1.0,0.019608,0.0,0.8277,0.3331,0.0,1.0,QUALIFIED
23911,-6543.718954248368,-33403.01307189543,0.19125,34.0383,5.6667,3.4695,17.9783,0.0,4.2595,1.8648,-1807.9878,1.0,0.0,4.486925,0.7834,0.3497,0.0,1.0,QUALIFIED
23915,-315.8100775193816,-33492.523255813954,0.080625,33.4945,4.005,2.0453,11.9082,0.0,3.1147,1.2169,-1792.334,1.0,0.0,0.05,0.8012,0.3134,0.0,1.0,QUALIFIED
23916,-129.87062937062728,-33559.81468531469,0.089375,33.5606,2.792,1.9327,10.3423,0.0,2.3028,1.0013,-1786.6926,1.0,0.0,0.055902,0.518,0.3865,0.0,1.0,QUALIFIED
23923,-3313.815217391304,-33402.489130434784,0.1725,33.5669,5.3047,3.1245,16.6062,0.0,3.7271,1.2037,-1824.022,1.0,0.0,1.311726,0.7662,0.3618,0.0,1.0,QUALIFIED
23932,-1331.397177419356,-33403.784274193546,0.31,33.4308,3.67,2.6351,17.7039,0.0,2.7533,1.1733,-1821.8717,1.0,0.002016,0.0,0.4422,0.416,0.0,1.0,QUALIFIED
23979,-11847.35650887574,-33465.10650887573,0.4225,35.5006,9.0975,4.1002,25.8281,0.0015,7.7747,2.5345,-536.7827,1.0,0.0,7.94119,0.3121,0.4101,1.0,1.0,QUALIFIED
23981,-1794.2919463087237,-33678.02348993289,0.093125,33.7263,3.3442,1.9149,9.2044,0.0,2.8004,0.93,-1821.3997,1.0,0.04698,0.0,0.4486,0.4168,0.0,1.0,QUALIFIED
23987,-2657.5870535714275,-33540.125,0.56,33.6457,3.9141,2.0731,16.5314,0.0,3.0507,1.2133,-1826.3365,1.0,0.0,0.4,0.652,0.4179,0.0,1.0,QUALIFIED
23988,1655.6728395061727,-33638.512345679,0.253125,33.6798,7.2102,3.9567,20.8128,0.0,6.1975,3.254,-1754.082,1.0,0.024691,0.0,0.4528,0.4497,0.995062,1.0,QUALIFIED
23992,-4530.3888888888905,-33675.22222222222,0.5625,33.979,6.3435,3.9552,29.139,0.0011,5.6344,3.4894,-1826.6038,1.0,0.0,2.192316,0.6593,0.4179,0.0,1.0,QUALIFIED
24030,-240.6627218934882,-33990.25443786982,0.21125,33.9916,4.2572,2.6067,13.2095,0.0,3.0758,1.1125,-1798.747,1.0,0.0,0.025,0.6092,0.3883,0.0,1.0,QUALIFIED
24031,373.4436619718326,-33768.38604353393,0.488125,33.771,5.9819,3.2954,25.0507,0.0013,4.2777,1.6053,-1793.8688,1.0,0.014085,0.0,0.5601,0.4224,0.012804,1.0,QUALIFIED
24032,-26714.01304945055,-34188.03021978022,0.91,43.3874,6.2217,3.6427,27.7142,0.0014,5.0594,2.5044,-5748.8302,1.0,0.144918,0.0,1.0,0.0,1.0,1.0,QUALIFIED
24038,21211.170020120728,-33993.061368209266,0.310625,40.0687,6.0624,3.1612,18.4378,0.0,5.4122,2.0216,-411.5921,1.0,0.0,7.189228,0.0266,0.1264,0.0,1.0,QUALIFIED
24081,-492.3079096045185,-34186.92937853107,0.110625,34.191,4.889,2.2894,13.0616,0.0,4.1199,1.1738,-1800.0165,1.0,0.028249,0.0,0.6179,0.4189,0.0,1.0,QUALIFIED
24086,-2692.1666666666715,-34071.72222222222,0.106875,34.1784,4.2276,2.4101,14.1117,0.0,3.5996,2.1176,-1831.0781,1.0,0.0,0.728011,0.822,0.3296,0.0,1.0,QUALIFIED
24102,-5725.916666666664,-34166.30555555556,0.1125,34.6432,5.2983,3.0768,16.7709,0.0,4.7684,1.8512,-1819.1062,1.0,0.0,3.609016,0.8087,0.3204,0.0,1.0,QUALIFIED
24118,-27149.827956989247,-34450.30645161291,0.2325,43.8628,6.3064,3.6927,19.0654,0.0,4.4304,2.5089,-5763.9343,1.0,0.319892,0.0,1.0,0.0,1.0,1.0,QUALIFIED
24124,-1329.2619047619082,-34463.30952380953,0.328125,34.4894,5.9978,2.9036,16.2619,0.0,5.0835,1.958,-1818.9112,1.0,0.04381,0.0,0.6508,0.4147,0.0,1.0,QUALIFIED
24134,-28557.759450171823,-33973.812714776635,0.36375,44.3821,4.1339,2.1821,16.2977,0.0,3.7316,1.8186,-5742.3449,1.0,0.250859,0.0,1.0,0.0,1.0,1.0,QUALIFIED
24164,-2818.5869565217363,-34591.41304347826,0.359375,34.7065,5.1005,3.2724,23.9728,0.0,3.9439,2.6103,-1836.6276,1.0,0.0,0.625,0.9016,0.2551,0.0,1.0,QUALIFIED
24165,-24806.024079320112,-34470.17988668555,0.220625,42.4681,8.2665,3.4141,21.4621,0.0,6.9443,2.0676,-5698.7866,1.0,0.246459,0.0,1.0,0.0,1.0,1.0,QUALIFIED
24187,-735.4697885196365,-34203.35196374623,0.206875,34.2117,8.9401,2.864,16.063,0.0,7.5783,2.0032,-1826.5856,1.0,0.154079,0.0,0.7723,0.3853,0.0,1.0,QUALIFIED
24195,-1838.592269326684,-34796.88154613465,0.250625,34.8459,5.4089,3.079,16.5041,0.0,4.1622,1.5614,-1832.3007,1.0,0.022444,0.0,0.715,0.3866,0.0,1.0,QUALIFIED
24214,-25852.59580838324,-34626.59580838322,0.104375,43.213,4.3715,2.8407,14.3391,0.0,3.1069,0.9463,-5751.6879,1.0,0.449102,0.0,1.0,0.0,1.0,1.0,QUALIFIED
24223,-3100.271689497713,-34693.33561643836,0.136875,34.832,7.338,4.0495,24.2455,0.0,4.9357,1.3226,-1843.3394,1.0,0.0,1.02774,0.9814,0.1,0.0,1.0,QUALIFIED
24230,-2194.7982456140307,-34579.543859649115,0.21375,34.6496,5.6671,3.613,22.5473,0.0,4.6323,2.9901,-1828.8839,1.0,0.008772,0.0,0.7709,0.3731,0.0,1.0,QUALIFIED
24238,-3340.8543307086657,-34636.31102362204,0.079375,34.7975,3.6923,2.3229,12.0842,0.0,3.3386,1.4473,-1835.7575,1.0,0.0,1.274755,0.9975,0.0206,0.0,1.0,QUALIFIED
24275,-3764.906779661018,-34914.471751412435,0.110625,35.1173,4.4054,2.1296,10.6316,0.0,3.2138,1.3144,-1829.506,1.0,0.0,1.557442,1.0,0.0,0.0,1.0,QUALIFIED
24281,-24692.4776119403,-34824.5,0.08375,42.6904,5.9087,2.8159,12.5862,0.0,4.6363,1.1168,-5714.1982,1.0,0.059701,0.0,1.0,0.0,1.0,1.0,QUALIFIED
24294,-24271.82523148148,-35367.179398148146,0.54,42.8949,6.899,3.9913,29.9832,0.0104,5.2266,1.9399,-5711.11,1.0,0.097222,0.0,1.0,0.0,1.0,1.0,QUALIFIED
24311,-26494.25,-34780.125,0.1,43.722,5.565,2.739,14.2107,0.0,4.1575,0.9043,-5761.1885,1.0,0.19375,0.0,1.0,0.0,1.0,1.0,QUALIFIED
24316,-25752.82300884956,-35004.58849557521,0.14125,43.4573,4.17,2.2174,10.4354,0.0,3.264,0.789,-5755.7995,1.0,0.221239,0.0,1.0,0.0,1.0,1.0,QUALIFIED
24330,26522.65789473684,-35076.21052631579,0.11875,43.9756,6.5518,2.2268,14.3978,0.0,5.6688,0.9737,-695.7246,1.0,0.0,12.65,1.0,0.0,1.0,1.0,QUALIFIED
24337,-10246.214285714284,-34781.6768707483,0.459375,36.2598,11.2388,4.5203,28.0069,0.0122,9.8738,2.8032,-536.4046,1.0,0.0,7.385332,0.1908,0.3436,1.0,1.0,QUALIFIED
24343,-4581.034351145034,-35042.756997455464,0.245625,35.3414,5.6491,2.8977,14.6384,0.0,4.6222,1.9603,-1819.8036,1.0,0.0,2.153631,1.0,0.0,0.0,1.0,QUALIFIED
24367,-3848.372340425536,-35200.56382978724,0.088125,35.4107,9.0396,4.212,16.888,0.0,7.0257,2.1019,-1835.9313,1.0,0.0,1.576587,1.0,0.0,0.0,1.0,QUALIFIED
24372,-27017.010416666668,-35125.85416666667,0.3,44.3142,7.1846,4.5249,23.6731,0.0,5.6126,3.0058,-5770.6182,1.0,0.44375,0.0,1.0,0.0,1.0,1.0,QUALIFIED
24445,-1656.537414965991,-35177.348639455784,0.3675,35.2168,9.2306,4.3633,23.5551,0.0,6.979,2.0718,-1848.0477,1.0,0.246599,0.0,0.7493,0.3891,0.068027,1.0,QUALIFIED
24449,-25895.616861435727,-35299.353923205344,0.74875,43.7794,5.7667,4.1843,24.3009,0.0,4.7734,3.1776,-5755.5526,1.0,0.355593,0.0,1.0,0.0,1.0,1.0,QUALIFIED
24472,-2627.123376623378,-35655.344155844155,0.09625,35.7525,5.4946,2.913,16.3199,0.0,5.0593,2.3647,-1843.6166,1.0,0.0,0.325,0.9366,0.1943,0.0,1.0,QUALIFIED
24475,-2316.0357142857174,-35609.5,0.0875,35.6852,8.6985,3.7319,22.0511,0.0,6.3536,1.7996,-1858.6171,1.0,0.014286,0.0,0.912,0.2492,0.035714,1.0,QUALIFIED
24503,-3621.455882352937,-35513.5294117647,1.0625,35.6981,7.1496,4.8475,25.6545,0.0006,5.8979,3.8377,-1817.017,1.0,0.0,0.838153,0.9933,0.0628,0.0,1.0,QUALIFIED
24524,-1259.149789029536,-35515.53375527426,0.29625,35.5383,7.1316,3.9316,20.3223,0.0,5.9348,2.7931,-1824.6123,1.0,0.048523,0.0,0.7162,0.4151,1.0,1.0,QUALIFIED
24529,-2900.7659574468125,-35834.207446808505,0.1175,35.9519,5.3276,2.6444,13.9529,0.0,3.7881,1.4529,-1849.2849,1.0,0.0,0.548862,1.0,0.0,0.0,1.0,QUALIFIED
24546,24977.02808988764,-35893.32022471911,0.166875,43.7292,8.6292,3.5487,28.5196,0.0037,7.363,1.5925,-896.1658,1.0,0.0,11.050028,1.0,0.0,1.0,1.0,QUALIFIED
24547,-23245.514245014245,-35733.18945868946,0.219375,42.6289,7.3069,3.3228,14.488,0.0,6.3765,2.6601,-5668.9969,1.0,0.424501,0.0,1.0,0.0,1.0,1.0,QUALIFIED
24560,24384.2667638484,-35916.62827988337,0.214375,43.4126,7.7359,3.9181,18.0149,0.0,6.2984,2.6128,-935.353,1.0,0.0,10.375271,1.0,0.0,1.0,1.0,QUALIFIED
24584,-26554.84065934065,-35861.58791208791,0.284375,44.6231,4.9453,3.9911,22.3437,0.0,4.2893,3.1195,-5760.1505,1.0,0.47033,0.0,1.0,0.0,1.0,1.0,QUALIFIED
24603,-2588.892857142855,-36014.5,0.0875,36.1079,4.4651,2.1218,10.6717,0.0,3.6404,0.6964,-1848.9417,1.0,0.0,0.190394,0.9749,0.1339,0.25,1.0,QUALIFIED
24699,21619.954545454544,-36365.57142857144,0.09625,42.3076,7.8894,3.0256,15.7795,0.0,6.4784,1.352,-655.8974,1.0,0.0,7.816009,0.1873,0.3361,1.0,1.0,QUALIFIED
24716,23940.474145891043,-36237.24238227148,0.676875,43.4321,7.2587,2.7669,22.2227,0.0,6.051,1.8199,-897.9549,1.0,0.0,9.720114,1.0,0.0,1.0,1.0,QUALIFIED
24747,26298.78571428571,-36484.142857142855,0.0875,44.9753,6.2949,2.6238,13.3949,0.0,5.6174,1.3655,-676.6734,1.0,0.0,12.566821,1.0,0.0,1.0,1.0,QUALIFIED
24756,18301.29324894515,-36312.9493670886,0.29625,40.6648,9.5713,3.8687,20.807,0.0,8.689,2.9988,-1495.0597,1.0,0.0,4.425,0.9914,0.0761,0.0,1.0,QUALIFIED
24758,-332.170822942644,-36603.365336658346,0.50125,36.6054,5.8675,3.792,24.8207,0.0,4.7527,2.1743,-1835.1017,1.0,0.026185,0.0,0.9602,0.157,1.0,1.0,QUALIFIED
24763,-2509.3095238095266,-36476.59523809524,0.328125,36.5633,7.7296,3.8169,21.1857,0.0,6.2453,2.4803,-1842.4706,1.0,0.03619,0.0,0.9838,0.0997,0.95619,1.0,QUALIFIED
24772,22149.482782369145,-36616.907024793385,0.9075,42.7955,9.0384,4.4816,25.7245,0.0007,7.8233,3.45,-694.4392,1.0,0.0,7.761644,0.3394,0.4295,1.0,1.0,QUALIFIED
24779,-1260.3277212216126,-36525.30266249021,0.798125,36.5475,6.3322,3.516,24.317,0.0,4.8048,2.0119,-1854.7563,1.0,0.042287,0.0,0.9508,0.1795,1.0,1.0,QUALIFIED
24802,-21384.7039800995,-36813.74129353234,0.25125,42.5743,6.6985,3.3362,20.6108,0.0,6.0355,2.3481,-5662.7394,1.0,0.124378,0.0,1.0,0.0,1.0,1.0,QUALIFIED
24813,24813.64772727272,-36531.545454545456,0.275,44.1626,4.8515,2.9588,15.5734,0.0,4.0341,1.8293,-906.4808,1.0,0.0,10.908282,1.0,0.0,1.0,1.0,QUALIFIED
24844,-1309.2912087912118,-37170.79120879121,0.2275,37.1943,3.7375,2.2496,11.7166,0.0,2.9787,1.1645,-1855.1422,1.0,0.032967,0.0,1.0,0.0,1.0,1.0,QUALIFIED
24845,68.27224199288321,-37043.89501779359,0.175625,37.0445,7.1602,3.6542,24.0487,0.0,6.1625,2.5412,-1825.9872,1.0,0.309609,0.0,0.9774,0.1333,1.0,1.0,QUALIFIED
24967,-21342.05844155844,-37365.08441558442,0.09625,43.0308,5.2573,2.2425,15.2821,0.0,4.2102,0.5639,-5682.6815,1.0,0.435065,0.0,1.0,0.0,1.0,1.0,QUALIFIED
24978,-682.8696145124704,-37294.68140589568,0.275625,37.3014,5.5573,3.2468,20.7728,0.0,4.4166,1.809,-1857.2695,1.0,0.040816,0.0,0.9861,0.0864,1.0,1.0,QUALIFIED
25016,-1557.770408163262,-37532.2806122449,0.1225,37.5651,5.1005,2.8098,12.9946,0.0,4.1829,1.7722,-1856.7692,1.0,0.020408,0.0,0.9924,0.0716,1.0,1.0,QUALIFIED
25033,-2012.386395511916,-37501.56872370267,0.445625,37.556,5.3584,2.7096,18.4584,0.0,4.2054,1.8707,-1860.3748,1.0,0.249649,0.0,0.9889,0.0822,1.0,1.0,QUALIFIED
25044,-453.57142857142753,-37684.357142857145,0.21875,37.6876,5.8182,3.0989,18.2871,0.0,4.6291,2.2157,-1840.797,1.0,0.02,0.0,0.9911,0.0746,1.0,1.0,QUALIFIED
25052,-1029.328828828831,-37640.04054054055,0.208125,37.6546,4.8905,3.028,20.097,0.0,4.3396,2.5252,-1863.6727,1.0,0.0,0.05,0.9841,0.1015,1.0,1.0,QUALIFIED
25076,20195.531746031746,-37706.708994709,0.23625,42.7751,7.4012,3.04,19.4661,0.0,6.9118,2.5807,-1043.5105,1.0,0.0,6.379508,0.9984,0.0194,0.198413,1.0,QUALIFIED
25118,13520.478552278822,-37853.4544235925,0.233125,40.1963,5.3386,2.7488,15.2843,0.0,4.534,1.7698,-2764.4915,1.0,0.0,0.025,1.0,0.0,0.0,1.0,QUALIFIED
25168,470.0249569707376,-38301.22117039586,0.363125,38.3046,9.7113,4.5585,24.2424,0.0,8.4652,3.3118,-1694.8438,1.0,0.373494,0.0,1.0,0.0,1.0,1.0,QUALIFIED
25240,-12280.37804878049,-38260.62804878049,0.1025,40.1834,7.8839,3.2043,15.8783,0.0,7.9201,2.5168,-2790.3566,1.0,0.0,5.636765,0.4863,0.4296,1.0,1.0,QUALIFIED
25399,-380.0275590551173,-39291.625984251965,0.079375,39.294,6.2112,2.2784,12.863,0.0,5.2717,1.4387,-1735.7077,1.0,0.0,0.025,0.8321,0.3082,1.0,1.0,QUALIFIED
25469,-398.2894342450381,-40037.557324840775,1.668125,40.04,10.2389,3.3875,24.6444,0.0,8.7417,2.5387,-1785.1714,1.0,0.001499,0.0,0.8254,0.325,1.0,1.0,QUALIFIED
25497,-1230.2393364928869,-39406.727488151664,0.395625,39.4264,7.4637,4.498,21.5499,0.0,6.2647,3.7987,-1779.536,1.0,0.382306,0.0,0.9881,0.0808,1.0,1.0,QUALIFIED
25501,-2853.4337652987742,-40021.35025197985,0.868125,40.1234,11.0247,4.1338,25.9499,0.0007,9.6677,3.2378,-1682.8073,1.0,0.0,0.025,0.3755,0.4531,1.0,1.0,QUALIFIED
25522,-1849.4691679049065,-40099.20282317979,1.6825,40.1423,9.8838,3.4242,23.1714,0.0,8.5743,2.5,-1778.3907,1.0,0.076152,0.0,0.8346,0.3248,1.0,1.0,QUALIFIED
25531,-1598.2186311787082,-39687.99809885932,0.164375,39.7206,5.2566,2.4879,13.4606,0.0,4.5714,1.8253,-1741.8692,1.0,0.011407,0.0,0.9795,0.1137,1.0,1.0,QUALIFIED
25781,785.5655737704947,-41199.77322404372,0.114375,41.2078,5.4693,2.6777,12.3117,0.0,5.0784,2.2391,-1860.134,1.0,0.054645,0.0,1.0,0.0,1.0,1.0,QUALIFIED
25824,896.4194312796244,-41697.07109004739,0.26375,41.7072,8.8092,3.6039,19.9673,0.0,7.6464,2.7881,-1861.0182,1.0,0.094787,0.0,1.0,0.0,1.0,1.0,QUALIFIED
25871,-1649.3705327039788,-41485.91267700607,1.85375,41.5192,9.518,3.7575,29.6096,0.0051,8.1267,2.8284,-2019.4252,1.0,0.162508,0.0,0.9686,0.1507,1.0,1.0,QUALIFIED
25872,-1136.32317073171,-41817.64024390244,0.1025,41.8336,6.3233,3.8233,16.3998,0.0,5.5311,1.6802,-2060.6817,1.0,0.006098,0.0,0.9698,0.149,1.0,1.0,QUALIFIED
25910,-578.6997187060479,-41649.5,0.444375,41.654,7.6849,3.8869,24.1867,0.0,6.2098,2.1493,-2061.2625,1.0,0.02391,0.0,0.9887,0.096,1.0,1.0,QUALIFIED
25922,-3727.397689768972,-42288.77392739274,0.189375,42.4532,5.1403,2.8994,15.9617,0.0,3.7788,1.7869,-2098.9976,1.0,0.0,0.125,1.0,0.0,1.0,1.0,QUALIFIED
25941,-5108.364238410592,-42219.86423841059,0.18875,42.5282,9.3175,3.7351,25.5458,0.0033,7.9336,2.0425,-2053.7817,1.0,0.0,1.401116,1.0,0.0,1.0,1.0,QUALIFIED
25953,-606.0107526881693,-42248.82795698925,0.11625,42.2537,5.0283,2.7394,17.1189,0.0,4.1983,1.773,-2091.066,1.0,0.032258,0.0,1.0,0.0,1.0,1.0,QUALIFIED
25971,168.67063728409994,-42009.25282906492,2.09875,42.0101,11.2513,4.4523,27.1625,0.0036,9.6074,3.271,-1996.588,1.0,0.045563,0.0,0.9931,0.0732,1.0,1.0,QUALIFIED
25982,-3481.954248366012,-42548.51960784313,0.19125,42.6912,4.4112,2.0211,11.2821,0.0,3.2827,0.8633,-2104.1031,1.0,0.385621,0.0,1.0,0.0,1.0,1.0,QUALIFIED
25990,-3975.386104783596,-42652.176537585416,0.274375,42.8375,5.6853,3.5698,20.7029,0.0,4.0755,2.017,-2106.4026,1.0,0.0,0.182003,1.0,0.0,1.0,1.0,QUALIFIED
26015,-4351.922155688626,-42759.00598802396,0.20875,42.9803,4.015,2.3961,17.5038,0.0,3.1902,1.662,-2100.8737,1.0,0.0,0.419076,1.0,0.0,1.0,1.0,QUALIFIED
26042,-4122.539473684206,-43214.41228070176,0.285,43.4111,7.2063,3.8912,22.1609,0.0,5.3182,1.8819,-2112.871,1.0,0.0,0.15,1.0,0.0,1.0,1.0,QUALIFIED
26050,-7040.4925037481225,-43295.227136431786,0.416875,43.8644,9.5479,4.0911,22.5675,0.0,8.0959,2.5586,-1787.6,1.0,0.0,2.942788,0.9192,0.2627,1.0,1.0,QUALIFIED
26068,-5093.427631578947,-43395.55263157895,0.095,43.6939,6.7014,2.8323,15.6789,0.0,5.1353,1.3199,-2096.33,1.0,0.0,1.322167,1.0,0.0,1.0,1.0,QUALIFIED
26070,-4789.0477582846,-43142.48245614035,0.320625,43.4079,7.1484,3.668,21.1196,0.0,5.1645,1.5201,-2100.2383,1.0,0.0,0.649038,1.0,0.0,1.0,1.0,QUALIFIED
26088,-4510.65625,-43488.5625,0.2,43.7223,7.5076,3.596,20.2712,0.0,5.5648,1.8977,-2105.9852,1.0,0.0,0.509902,1.0,0.0,1.0,1.0,QUALIFIED
26089,-4963.054585152837,-43720.89737991267,0.143125,44.0021,4.9867,3.1271,14.1931,0.0,3.6286,1.6391,-2098.4617,1.0,0.0,1.025,1.0,0.0,1.0,1.0,QUALIFIED
26118,-4580.654946364717,-44297.74195470799,0.524375,44.5344,8.2981,4.1943,23.5007,0.0,6.8815,2.813,-2074.7086,1.0,0.0,0.125,1.0,0.0,1.0,1.0,QUALIFIED
26145,-4019.531719532555,-43997.66360601001,0.74875,44.1813,5.9744,3.4385,22.7045,0.0,4.5966,1.9561,-2122.416,1.0,0.119366,0.0,1.0,0.0,1.0,1.0,QUALIFIED
26152,3696.135883905016,-44185.71372031662,0.236875,44.3406,8.1639,3.9991,20.4523,0.0,7.3397,3.5982,-810.5601,1.0,0.029024,0.0,0.3827,0.4119,0.0,1.0,QUALIFIED
26162,-5174.349693251534,-44294.74539877301,0.20375,44.5964,6.4088,2.3392,13.9662,0.0,5.7685,1.5197,-2046.5532,1.0,0.0,1.11018,1.0,0.0,1.0,1.0,QUALIFIED
26164,-6278.120967741932,-44223.592741935485,0.155,44.6674,10.9807,4.3377,25.0382,0.004,9.7512,2.2135,-2030.8655,1.0,0.0,2.207374,1.0,0.0,1.0,1.0,QUALIFIED
