region_id,area_px,area_km2,fill_ratio,bbox_aspect,centroid_row,centroid_col,geo_x,geo_y,dist_from_centre_km,bbox_r0,bbox_c0,bbox_r1,bbox_c1,slope_mean_deg,slope_std_deg,slope_max_deg,roughness_mean_m,roughness_std_m,elev_mean_m,lola_valid_pct,pct_gt25,shadow_fraction,shadow_std,shadow_valid_px,dfsar_cpr_mean,dfsar_cpr_median,dfsar_cpr_std,dfsar_valid_pct,dfsar_cov_mean,minirf_s1_log_mean,minirf_s1_log_median,minirf_s1_log_std,minirf_valid_pct,minirf_cov_mean,m3_b09_750nm,m3_b22_1010nm,m3_b56_1818nm,m3_b61_2018nm,m3_b74_2537nm,m3_b81_2817nm,m3_b84_2936nm,m3_b85_2976nm,m3_valid_px,m3_valid_pct,grail_anom_context,grail_boug_context,psr_fraction,dist_to_psr_km,illumination_mean,illumination_min,qualification_status,disqualification_reason,BD1000,BD2000,OH_SPECTRAL_INDICATOR,ICE_SPECTRAL_INDICATOR,dfsar_ok,minirf_ok,radar_flag,dfsar_cpr_class,cpr_norm,s1_norm,Radar_Score,radar_data_source,ICE_SPECTRAL_INDICATOR_norm,OH_SPECTRAL_INDICATOR_norm,BD1000_norm,BD2000_norm,Science_Composite,Evidence_Convergence_Count,evidence_band,n_valid_spectral,rank_by_composite_only,rank
15598,417,0.260625,0.4572,2.53,2148.374101,3199.019185,34499.97962,-8233.852518,35.4695,2123,3191,2171,3210,9.5094,3.9306,24.5369,7.4629,2.275,-446.8354,1,0,0.7831,0.3559,417,0.412676,0.400739,0.136546,1,1,0.066314,0.06294,0.018467,1,1,0.001138,-0.002401,-0.002123,0.00075,0.001176,-0.00287,0.001139,-0.001894,417,1,127.1508,86.7202,0,14.935068,,,QUALIFIED,,3.109842,,3.440476,2.662862,TRUE,TRUE,BOTH,normal_low,0.520024399,0.097502762,0.308764,BOTH,0.119955,0.292025,0.218045,0,0.208825,4,HIGH_CONVERGENCE,3,11,1
9163,307,0.191875,0.6463,1.32,1395.560261,3221.140065,35053.00163,10586.49349,36.6171,1383,3213,1408,3232,6.8189,3.6544,18.0353,5.6308,2.3572,-1439.9092,1,0,0.4764,0.4626,307,0.21893,0.193128,0.080005,1,1,,,,0,0,-0.00045,7.40E-05,0.003901,-0.001347,0.003056,-0.002374,0.001021,-0.004162,307,1,31.5436,77.8519,0,2.102974,,,QUALIFIED,,,1.345296,1.776832,5.076396,TRUE,FALSE,CPR_ONLY,normal_low,0.250210981,,0.250211,CPR_ONLY,0.228678,0.150816,0,0.188987,0.192729,4,HIGH_CONVERGENCE,3,15,2
7446,166,0.10375,0.5425,1.06,1223.331325,1742.650602,-1909.23494,14892.21687,15.0135,1214,1736,1232,1753,6.6123,2.6115,17.5791,6.7946,2.2908,-1759.1475,1,0,0.1222,0.2888,166,0.31821,0.309211,0.080158,1,1,,,,0,0,0.001084,-0.004332,0.010156,0.002916,0.002625,-0.001895,-0.002389,-0.004944,166,1,85.0522,75.7671,0,9.28177,,,QUALIFIED,,4.99631,0.712879,1.721905,,TRUE,FALSE,CPR_ONLY,normal_low,0.388469712,,0.38847,CPR_ONLY,0,0.146154,0.350315,0.100145,0.190818,4,HIGH_CONVERGENCE,3,18,3
7454,136,0.085,0.5965,1.58,1229.022059,1671.779412,-3681.014706,14749.94853,15.2017,1221,1666,1240,1678,4.9878,3.1172,19.2114,4.5376,2.3041,-1924.3112,1,0,0.5794,0.4262,136,0.287318,0.275483,0.061102,1,1,,,,0,0,0.002288,0.001719,0.003296,0.001662,0.00466,-0.000203,0.001384,-0.00357,136,1,85.0522,75.7671,0,11.0619,,,QUALIFIED,,0.248689,0.495752,1.043562,3.57948,TRUE,FALSE,CPR_ONLY,normal_low,0.345449076,,0.345449,CPR_ONLY,0.161246,0.088577,0.017437,0.069643,0.178432,4,HIGH_CONVERGENCE,4,28,4
4071,565,0.353125,0.3219,1.15,833.8460177,1303.39823,-12890.54425,24629.34956,27.7981,815,1283,854,1328,9.9458,2.8066,18.849,8.4336,1.5981,-3648.4423,1,0,1,0,565,0.364601,0.338716,0.140639,0.39469,0.39469,0.051239,0.050062,0.005281,1,1,0.002819,7.00E-05,0.002908,-9.50E-05,0.001873,-0.004432,-0.005379,0.000729,565,1,-19.4926,68.1002,0,23.051301,,,QUALIFIED,,0.975168,1.032669,3.366257,,TRUE,TRUE,BOTH,normal_low,0.453074474,0.074304673,0.26369,BOTH,0,0.285726,0.068374,0.145069,0.157596,4,HIGH_CONVERGENCE,3,56,5
7584,342,0.21375,0.6465,1,1229.961988,1613.090643,-5148.233918,14726.45029,15.5998,1218,1602,1241,1625,8.0538,3.8842,18.4398,6.4922,2.3495,-1977.4414,1,0,0.2434,0.3877,342,0.185552,0.18787,0.038275,1,1,,,,0,0,0.009761,0.001527,0.004791,0.001958,0.003544,-0.000892,0.0014,-0.002041,342,1,85.0522,75.7671,0,12.209525,,,QUALIFIED,,0.843561,0.591317,1.251693,2.457857,TRUE,FALSE,CPR_ONLY,normal_low,0.203728307,,0.203728,CPR_ONLY,0.11072,0.106243,0.059146,0.083068,0.129804,4,HIGH_CONVERGENCE,4,116,6
1750,234,0.14625,0.5355,1.21,476.4230769,930.3461538,-22216.84615,33564.92308,40.2509,466,920,485,943,10.1921,3.6787,20.8798,8.3814,1.5002,-1291.3304,1,0,0.0855,0.2429,234,0.659946,0.660095,0.133892,0.123932,0.123932,0.108597,0.109221,0.012049,1,1,0.002361,0.003498,0.002214,0.001299,0.005081,-0.01459,-0.001074,-0.004936,234,1,35.9271,86.4979,0,25.025912,,,QUALIFIED,,-0.481576,0.413279,3.871482,,TRUE,TRUE,BOTH,typical,0.864376095,0.162569748,0.513473,BOTH,0,0.328609,0,0.058057,0.225569,3,MODERATE_CONVERGENCE,3,7,7
8991,490,0.30625,0.4446,1.31,1373.710204,1410.126531,-10222.33673,11132.7449,15.1133,1353,1399,1391,1428,4.4558,2.4147,13.5398,3.7174,1.7489,-2032.2881,1,0,0.9058,0.2626,490,,,,0,0,0.065632,0.064345,0.010232,1,1,0.005644,-0.00021,0.002346,-0.000362,0.001196,-0.010545,-0.006973,-0.008406,490,1,0.5626,56.8385,0,15.484508,,,QUALIFIED,,1.037208,1.154305,9.81689,,FALSE,TRUE,S1_ONLY,no_data,,0.09645327,0.096453,S1_ONLY,0,0.833251,0.072723,0.162157,0.219074,3,MODERATE_CONVERGENCE,3,8,8
10987,201,0.125625,0.6281,1.25,1563.835821,3166.402985,33684.57463,6379.604478,34.2838,1556,3158,1572,3178,5.8636,2.4608,18.1396,4.6902,1.3026,-1771.1849,1,0,1,0,201,0.161722,0.163341,0.022442,1,1,,,,0,0,0.001113,-0.014761,0.000748,-0.000591,0.002237,-0.001564,0.004388,0.000245,201,1,25.3927,84.5067,0,6.640783,,,QUALIFIED,,14.262354,,1.699151,0.944166,TRUE,FALSE,CPR_ONLY,normal_low,0.170542312,,0.170542,CPR_ONLY,0.042532,0.144223,1,0,0.192767,3,MODERATE_CONVERGENCE,3,14,9
19964,449,0.280625,0.6652,1.08,2696.679287,1944.231626,3130.290646,-21941.48218,22.1642,2685,1931,2710,1958,5.6865,2.9218,19.3654,4.9795,2.1213,229.6265,1,0,0.1088,0.2551,449,0.352996,0.346216,0.065054,1,1,0.059442,0.057224,0.019335,1,1,0.002022,0.007333,0.008939,0.001104,-0.00093,-0.004862,0.00132,-0.008527,449,1,147.9055,80.9548,0.024499,0,0.003553,2.40E-05,QUALIFIED,,-2.626607,0.876496,,7.459848,TRUE,TRUE,BOTH,normal_low,0.436913187,0.086927819,0.261921,BOTH,0.336046,0,0,0.12313,0.191703,3,MODERATE_CONVERGENCE,3,16,10
6912,133,0.083125,0.5938,1.14,1163.548872,2197.714286,9467.357143,16386.7782,18.9249,1156,2190,1170,2206,7.5689,2.9458,14.797,6.4475,1.5041,-1163.1182,1,0,0.8247,0.3113,133,0.225236,0.221752,0.055259,1,1,,,,0,0,0.001926,0.000372,-0.002163,0.001261,0.002288,0.001216,0.001288,-0.008268,133,1,53.7768,91.9349,0,4.376143,,,QUALIFIED,,0.806854,,0.468531,7.419255,TRUE,FALSE,CPR_ONLY,normal_low,0.258992806,,0.258993,CPR_ONLY,0.334218,0.039769,0.056572,0,0.191574,3,MODERATE_CONVERGENCE,3,17,11
17909,223,0.139375,0.5868,1.05,2469.699552,1434.856502,-9604.087444,-16266.98879,18.8907,2459,1427,2479,1446,8.125,3.5513,19.2847,6.5228,1.6962,2992.7953,1,0,0.4726,0.4615,223,0.427032,0.438842,0.088104,1,1,,,,0,0,0.004083,0.001151,0.001693,0.00065,0.004541,0.000679,-0.000531,-0.00273,223,1,170.0244,80.4071,0,10.525713,,,QUALIFIED,,0.718099,0.616066,0.850473,,TRUE,FALSE,CPR_ONLY,normal_low,0.540016767,,0.540017,CPR_ONLY,0,0.072188,0.050349,0.086545,0.190132,3,MODERATE_CONVERGENCE,3,19,12
10385,165,0.103125,0.7051,1.38,1499.290909,3098.515152,31987.37879,7993.227273,32.9713,1494,3090,1507,3108,6.8611,3.3259,16.5719,5.6396,2.0282,-1552.9879,1,0,0.0206,0.1012,165,0.261765,0.264568,0.044804,1,1,,,,0,0,0.00256,-0.003916,-0.000152,-0.001041,0.001326,-0.004667,-0.00812,-0.002807,165,1,25.3927,84.5067,0,5.803286,,,QUALIFIED,,2.529687,,4.519608,,TRUE,FALSE,CPR_ONLY,normal_low,0.309863607,,0.309864,CPR_ONLY,0,0.383621,0.177368,0,0.18742,3,MODERATE_CONVERGENCE,2,21,13
6565,763,0.476875,0.4258,1.75,1123.534731,1428.963303,-9751.417431,17387.13172,19.9343,1096,1415,1152,1447,6.1672,4.2177,23.8433,5.5601,3.6642,-2284.3808,1,0,0.6823,0.4224,763,0.213778,0.200813,0.068376,1,1,,,,0,0,0.008528,0.002484,0.001464,0.001206,0.001319,-0.006333,-0.002612,-0.005764,763,1,-19.4926,68.1002,0,17.369603,,,QUALIFIED,,0.708724,0.17623,5.801365,,TRUE,FALSE,CPR_ONLY,normal_low,0.243036233,,0.243036,CPR_ONLY,0,0.492416,0.049692,0.024757,0.178839,3,MODERATE_CONVERGENCE,3,27,14
7687,185,0.115625,0.3083,1.04,1255.827027,2748.291892,23231.7973,14079.82432,27.1655,1246,2736,1270,2761,5.2385,2.3609,11.1254,4.7004,1.9762,-2037.8621,1,0,0.1587,0.2985,185,0.248993,0.249579,0.050257,1,1,,,,0,0,0.012182,0.005157,0.003217,0.005593,0.010957,-0.000762,0.002785,-0.010528,185,1,33.5851,91.8903,0,6.460698,,,QUALIFIED,,0.57667,-0.738576,1.069545,4.780251,TRUE,FALSE,CPR_ONLY,normal_low,0.29207714,,0.292077,CPR_ONLY,0.215338,0.090782,0.040433,0,0.174424,3,MODERATE_CONVERGENCE,4,32,15
12486,806,0.50375,0.5905,1.11,1729.248139,3239.354839,35508.37097,2244.296526,35.5797,1711,3224,1750,3259,6.3038,2.6261,18.2964,5.2369,1.5797,-1570.7315,1,0,0.8078,0.3717,806,0.195505,0.190931,0.044547,0.858561,0.858561,,,,0,0,0.001139,-1.60E-05,0.001165,-0.007128,-0.00054,-0.000478,-0.005729,-0.000989,806,1,63.3495,86.7715,0,9.982485,,,QUALIFIED,,1.014047,7.118455,,,TRUE,FALSE,CPR_ONLY,normal_low,0.217588995,,0.217589,CPR_ONLY,0,0,0.0711,1,0.172387,3,MODERATE_CONVERGENCE,2,34,16
9162,255,0.159375,0.483,1.09,1386.694118,2896.87451,26946.36275,10808.14706,29.0334,1377,2884,1399,2908,6.1243,2.9801,17.3592,5.3533,1.428,-2040.1933,1,0,0.9715,0.1294,255,0.201666,0.195662,0.0335,1,1,,,,0,0,0.00647,0.002271,-8.70E-05,-0.001067,0.001326,-0.006262,-0.01628,-0.016299,255,1,25.3927,84.5067,0,6.576188,,,QUALIFIED,,0.648995,,5.722474,,TRUE,FALSE,CPR_ONLY,normal_low,0.226168891,,0.226169,CPR_ONLY,0,0.48572,0.045504,0,0.169545,3,MODERATE_CONVERGENCE,2,36,17
3628,183,0.114375,0.4973,1.44,755.6284153,2725.31694,22657.4235,26584.78962,34.93,746,2717,769,2733,8.7338,3.8839,17.3236,8.5206,3.5367,-2510.7224,1,0,0.3185,0.44,183,0.579204,0.579694,0.093495,1,1,0.174,0.187417,0.037233,1,1,0.005387,0.006996,0.016148,0.008752,0.012677,0.012714,0.0093,0.004256,183,1,-8.8513,82.0245,0,8.162414,,,QUALIFIED,,-0.298682,0.458013,-0.002919,0.542366,TRUE,TRUE,BOTH,typical,0.751933645,0.263214832,0.507574,BOTH,0.024432,0,0,0.064342,0.166036,3,MODERATE_CONVERGENCE,4,39,18
6375,265,0.165625,0.4809,1.53,1102.332075,1418.086792,-10023.33019,17917.19811,20.5296,1088,1408,1117,1427,7.9356,4.1873,22.578,6.2169,1.8306,-2251.869,1,0,0.8168,0.3784,265,0.181897,0.17678,0.041524,1,1,,,,0,0,0.011251,0.003352,0.000864,0.0042,0.00451,-0.002885,0.001406,-0.006122,265,1,-19.4926,68.1002,0,17.973818,,,QUALIFIED,,0.702071,,1.63969,5.354196,TRUE,FALSE,CPR_ONLY,normal_low,0.198638302,,0.198638,CPR_ONLY,0.241192,0.139176,0.049225,0,0.164707,3,MODERATE_CONVERGENCE,3,40,19
8949,1255,0.784375,0.4474,1.08,1371.566534,1372.728287,-11157.29283,11186.33665,15.7986,1345,1347,1400,1398,9.0526,2.8158,26.8182,7.9228,1.9151,-1991.8111,1,0.0008,0.2653,0.3982,1255,,,,0,0,0.07959,0.073584,0.022524,1,1,0.002115,0.000528,0.002134,0.000845,0.001859,-0.010542,-0.004822,-0.003061,1255,1,0.5626,56.8385,0,15.918248,,,QUALIFIED,,0.750355,0.60403,6.670791,,FALSE,TRUE,S1_ONLY,no_data,,0.117932469,0.117932,S1_ONLY,0,0.566212,0.052611,0.084854,0.162369,3,MODERATE_CONVERGENCE,3,45,20
8337,285,0.178125,0.5182,1.14,1314.333333,1193.424561,-15639.88596,12617.16667,20.094,1303,1185,1328,1207,2.7538,1.5168,8.0985,2.4469,1.0684,-2126.6835,1,0,0.6644,0.3969,285,,,,0,0,0.061637,0.060173,0.00823,1,1,0.002021,0.000358,0.003426,0.00125,0.001499,-0.009081,-0.002764,-0.006938,285,1,50.752,65.3557,0,21.124586,,,QUALIFIED,,0.82286,0.635143,7.058039,,FALSE,TRUE,S1_ONLY,no_data,,0.090305584,0.090306,S1_ONLY,0,0.599082,0.057695,0.089225,0.1616,3,MODERATE_CONVERGENCE,3,48,21
7440,765,0.478125,0.4688,1.59,1230.848366,2772.718954,23842.47386,14704.29085,28.0123,1214,2748,1246,2799,7.821,4.4533,20.4658,5.9695,3.1395,-2040.7187,1,0,0.6911,0.4161,765,0.277817,0.264449,0.068412,1,1,,,,0,0,0.012706,0.00735,0.004738,0.003742,0.003608,-0.001741,0.002363,-0.002924,765,1,33.5851,91.8903,0,7.287704,,,QUALIFIED,,0.421533,0.210215,1.482539,2.23741,TRUE,FALSE,CPR_ONLY,normal_low,0.332217849,,0.332218,CPR_ONLY,0.100789,0.125837,0.029556,0.029531,0.160978,3,MODERATE_CONVERGENCE,4,49,22
24031,781,0.488125,0.4254,1.42,3169.755442,1833.957746,373.443662,-33768.38604,33.771,3154,1815,3190,1866,5.9819,3.2954,25.0507,4.2777,1.6053,-1793.8688,1,0.0013,0.5601,0.4224,781,0.211378,0.177654,0.066058,0.012804,0.012804,0.062122,0.060458,0.016,1,1,0.001656,-0.003177,0.004105,-6.00E-05,0.001012,-0.004853,-0.006101,-0.002531,565,0.7234,73.237,102.5391,0.014085,0,0.003583,0.000549,QUALIFIED,,2.918478,1.014616,5.795455,,FALSE,TRUE,S1_ONLY,normal_low,,0.091051924,0.091052,S1_ONLY,0,0.491914,0.204628,0.142533,0.160415,3,MODERATE_CONVERGENCE,3,50,23
7709,268,0.1675,0.6175,2.21,1245.186567,2767.25,23705.75,14345.83582,27.7088,1239,2752,1253,2783,4.6035,2.2911,11.8603,3.5277,1.1568,-2037.4251,1,0,0.6434,0.4084,268,0.300058,0.30193,0.058913,1,1,,,,0,0,0.006496,0.003287,0.003783,0.00277,0.014167,-0.000814,0.002448,-0.00228,268,1,33.5851,91.8903,0,7.135343,,,QUALIFIED,,0.493996,0.267777,1.057457,1.931373,TRUE,FALSE,CPR_ONLY,normal_low,0.36319098,,0.363191,CPR_ONLY,0.087003,0.089756,0.034636,0.037617,0.160235,3,MODERATE_CONVERGENCE,4,52,24
7595,897,0.560625,0.3955,1.29,1243.833891,2731.172798,22803.81996,14379.65273,26.9592,1226,2699,1268,2753,4.5836,2.3407,11.9038,3.6536,1.5466,-2045.3268,1,0,0.6772,0.434,897,0.252993,0.249492,0.050486,1,1,,,,0,0,0.01683,0.004727,0.0043,0.005139,0.010352,0.000247,0.003044,-0.007577,897,1,33.5851,91.8903,0,6.372303,,,QUALIFIED,,0.719133,-0.195116,0.97614,3.489159,TRUE,FALSE,CPR_ONLY,normal_low,0.297647596,,0.297648,CPR_ONLY,0.157177,0.082854,0.050422,0,0.15806,3,MODERATE_CONVERGENCE,4,55,25
8797,241,0.150625,0.4782,1.56,1363.66805,3461.983402,41074.08506,11383.79876,42.6228,1354,3447,1372,3475,4.7599,3.0037,14.6596,4.4854,2.7392,-830.4325,1,0,0.153,0.3146,241,0.226214,0.198332,0.072299,1,1,,,,0,0,-0.000513,-0.002153,0.003025,-0.001866,0.001336,-0.003087,-0.002192,-0.003415,241,1,31.5436,77.8519,0,1.82363,,,QUALIFIED,,,1.61686,3.310629,,TRUE,FALSE,CPR_ONLY,normal_low,0.260354782,,0.260355,CPR_ONLY,0,0.281004,0,0.227136,0.157021,3,MODERATE_CONVERGENCE,2,57,26
6541,459,0.286875,0.4904,1.38,1119.217865,2894.845316,26895.6329,17495.05338,32.0852,1104,2882,1140,2908,10.0809,4.9613,26.7256,8.5036,3.5994,-1822.3414,1,0.0022,0.8186,0.3389,459,0.349914,0.326379,0.132061,1,1,,,,0,0,0.001399,0.000258,0.001048,0.002108,0.00535,-0.000562,-0.008248,0.001692,459,1,-50.1159,79.0402,0,6.040747,,,QUALIFIED,,0.815583,-1.01145,1.105047,,TRUE,FALSE,CPR_ONLY,normal_low,0.43262115,,0.432621,CPR_ONLY,0,0.093796,0.057184,0,0.154264,3,MODERATE_CONVERGENCE,3,62,27
9378,543,0.339375,0.473,1.46,1406.213628,3067.703499,31217.08748,10320.1593,32.8791,1392,3046,1420,3087,6.0345,3.0637,18.4323,5.1027,2.3007,-1968.9814,1,0,1,0,543,0.228331,0.221368,0.054885,1,1,,,,0,0,-0.001904,0.000713,0.002115,-0.000562,0.002223,-0.004689,-0.00349,-0.003576,543,1,25.3927,84.5067,0,4.084422,,,QUALIFIED,,,1.265721,3.109312,,TRUE,FALSE,CPR_ONLY,normal_low,0.263302946,,0.263303,CPR_ONLY,0,0.263916,0,0.177808,0.149555,3,MODERATE_CONVERGENCE,2,69,28
9453,340,0.2125,0.5475,1.17,1414.776471,2926.876471,27696.41176,10106.08824,29.4829,1402,2915,1429,2938,8.0196,3.5585,21.0174,6.3988,2.2264,-2101.2171,1,0,1,0,340,0.264496,0.263461,0.047113,1,1,,,,0,0,-0.00059,0.002865,0.003395,-0.001299,0.002636,-0.00232,-0.00602,-0.003756,340,1,25.3927,84.5067,0,6.629951,,,QUALIFIED,,,1.382622,1.880121,,TRUE,FALSE,CPR_ONLY,normal_low,0.313666837,,0.313667,CPR_ONLY,0,0.159583,0,0.194231,0.14544,3,MODERATE_CONVERGENCE,2,79,29
8408,262,0.16375,0.6895,1.05,1321.396947,2734.446565,22885.66412,12440.57634,26.0486,1312,2725,1331,2745,5.6155,2.5018,11.7149,4.6796,1.6915,-1946.5942,1,0,0.1507,0.3186,262,0.274191,0.266347,0.047874,1,1,,,,0,0,0.002309,0.004441,0.002214,-0.000232,0.001428,-0.001228,-0.001619,-0.00342,262,1,33.5851,91.8903,0,5.067852,,,QUALIFIED,,-0.923343,1.104788,1.859944,,TRUE,FALSE,CPR_ONLY,normal_low,0.327168231,,0.327168,CPR_ONLY,0,0.157871,0,0.155201,0.145245,3,MODERATE_CONVERGENCE,3,80,30
4300,463,0.289375,0.393,1.23,851.7213823,1305.555076,-12836.62311,24182.46544,27.3776,836,1288,867,1326,7.3529,3.0573,19.9446,6.5267,2.7267,-3594.4883,1,0,1,0,463,0.48723,0.468734,0.174191,0.794816,0.794816,0.070405,0.061164,0.027179,1,1,0.001235,-0.002906,0.003544,0.000798,0.000471,0.001694,-0.000108,0.003325,463,1,-19.4926,68.1002,0,22.933055,,,QUALIFIED,,3.353036,0.774831,,,TRUE,TRUE,BOTH,normal_low,0.623849352,0.103798177,0.363824,BOTH,0,0,0.235097,0.108848,0.143542,3,MODERATE_CONVERGENCE,2,84,31
8118,290,0.18125,0.4394,1.65,1292.927586,1299.57931,-12986.01724,13152.31034,18.4823,1283,1284,1303,1317,10.6092,3.6348,19.3899,9.2785,2.4738,-1848.8374,1,0,0.944,0.1878,290,,,,0,0,0.126704,0.125911,0.019596,1,1,0.002792,0.002444,0.003004,0.001259,0.002625,-0.002265,0.001608,-0.003728,290,1,0.5626,56.8385,0,18.815751,,,QUALIFIED,,0.124642,0.580892,1.862857,3.318408,FALSE,TRUE,S1_ONLY,no_data,,0.190433616,0.190434,S1_ONLY,0.149485,0.158118,0.008739,0.081604,0.142634,3,MODERATE_CONVERGENCE,4,85,32
9481,3022,1.88875,0.4254,1.73,1413.545665,2833.150563,25353.26406,10136.85837,27.3049,1356,2800,1467,2864,10.9341,3.4174,21.67,9.3969,2.6673,-1828.0048,1,0,0.1123,0.283,3022,0.223792,0.218071,0.082256,1,1,,,,0,0,0.001294,0.000729,0.001849,-0.000542,0.001728,-0.00247,-0.004301,-0.005536,3017,0.9983,25.3927,84.5067,0,4.162706,,,QUALIFIED,,0.436631,1.293131,2.429398,,TRUE,FALSE,CPR_ONLY,normal_low,0.256981871,,0.256982,CPR_ONLY,0,0.206206,0.030614,0.181659,0.139563,3,MODERATE_CONVERGENCE,3,91,33
9546,309,0.193125,0.4478,1.3,1432.119741,2745.226537,23155.16343,9672.506472,25.0945,1418,2734,1448,2757,4.7401,2.7554,16.6776,3.6153,1.4606,-1753.8261,1,0,0.2035,0.353,309,0.215833,0.212384,0.04678,1,1,,,,0,0,-0.001643,0.001523,0.001206,-0.001497,0.002702,-0.002438,-0.003363,-0.0036,302,0.9773,33.5851,91.8903,0,3.062372,,,QUALIFIED,,,2.241294,1.902295,,TRUE,FALSE,CPR_ONLY,normal_low,0.245898055,,0.245898,CPR_ONLY,0,0.161466,0,0.314857,0.137548,3,MODERATE_CONVERGENCE,2,95,34
5641,282,0.17625,0.4172,1,1016.730496,1250.468085,-14213.79787,20057.23759,24.5823,1006,1241,1032,1267,5.2292,2.6162,13.842,4.0035,1.3578,-2405.1301,1,0,0.6013,0.4632,282,0.241253,0.237441,0.054853,1,1,,,,0,0,-0.002009,-0.001339,0.001118,-0.000993,0.003584,-0.001656,-0.005646,-0.003226,282,1,-19.4926,68.1002,0,22.566748,,,QUALIFIED,,,1.888193,1.462054,,TRUE,FALSE,CPR_ONLY,normal_low,0.281298306,,0.281298,CPR_ONLY,0,0.124098,0,0.265253,0.135734,3,MODERATE_CONVERGENCE,2,97,35
6601,1178,0.73625,0.5864,1.2,1141.431239,1639.621392,-4484.965195,16939.71902,17.5228,1120,1621,1169,1662,6.818,3.4385,20.1043,5.7338,2.3509,-2018.2298,1,0,0.4862,0.4624,1178,0.211811,0.2056,0.04491,1,1,,,,0,0,0.006919,0.003966,0.001804,-0.000347,0.001608,-0.002546,-0.00801,-0.006412,1178,1,33.7027,75.9158,0,12.205147,,,QUALIFIED,,0.426796,1.19235,2.583333,,TRUE,FALSE,CPR_ONLY,normal_low,0.240296961,,0.240297,CPR_ONLY,0,0.219272,0.029925,0.167501,0.135686,3,MODERATE_CONVERGENCE,3,98,36
7556,176,0.11,0.5641,1.85,1232.352273,2719.340909,22508.02273,14666.69318,26.865,1226,2707,1239,2731,3.1775,1.1665,5.5893,2.6622,0.5988,-2044.5977,1,0,0.478,0.4211,176,0.266749,0.265352,0.043141,1,1,,,,0,0,0.017373,0.004529,0.00286,0.003701,0.005925,-0.006009,-0.000593,-0.003182,176,1,33.5851,91.8903,0,6.8,,,QUALIFIED,,0.739308,-0.294056,2.014177,,TRUE,FALSE,CPR_ONLY,normal_low,0.316804396,,0.316804,CPR_ONLY,0,0.170962,0.051836,0,0.134417,3,MODERATE_CONVERGENCE,3,103,37
4587,201,0.125625,0.335,1.04,882.039801,1115.273632,-17593.6592,23424.50498,29.2951,872,1106,896,1131,9.3204,4.7262,19.3715,8.2258,4.1962,-2481,1,0,0.9425,0.2117,201,,,,0,0,0.038674,0.038788,0.002346,1,1,0.002393,-0.003095,0.001253,-0.001818,0.001495,-0.004398,-0.000561,-0.003741,201,1,-14.3965,65.3367,0,24.172104,,,QUALIFIED,,2.293356,2.450918,3.941806,,FALSE,TRUE,S1_ONLY,no_data,,0.054969085,0.054969,S1_ONLY,0,0.334578,0.160798,0.344305,0.133917,3,MODERATE_CONVERGENCE,3,104,38
9306,258,0.16125,0.4128,1,1403.290698,2992.073643,29326.34109,10393.23256,31.1139,1391,2979,1416,3004,7.1693,2.7513,15.8539,6.5261,2.3836,-1957.3732,1,0,0.8909,0.2737,258,0.230462,0.22582,0.030767,1,1,,,,0,0,0.001101,-0.002561,0.004429,-0.000706,0.003603,0.000759,-0.004432,-0.001802,258,1,25.3927,84.5067,0,5.914442,,,QUALIFIED,,3.326067,1.159404,0.789342,,TRUE,FALSE,CPR_ONLY,normal_low,0.266270607,,0.266271,CPR_ONLY,0,0.066999,0.233206,0.162873,0.132889,3,MODERATE_CONVERGENCE,3,108,39
14298,265,0.165625,0.6023,1.1,1995.935849,154.6566038,-41609.08491,-4422.896226,41.843,1986,146,2008,166,6.1113,3.4163,20.9782,5.5605,2.7077,-2456.4563,1,0,1,0,265,0.286971,0.263001,0.099635,1,1,,,,0,0,0.003985,0.002817,0.005183,0.003129,0.006404,0.002847,0.004634,0.000784,265,1,35.5577,101.3636,0,1.171804,,,QUALIFIED,,0.293099,0.396296,0.555434,0.830816,TRUE,FALSE,CPR_ONLY,normal_low,0.344965839,,0.344966,CPR_ONLY,0.037426,0.047145,0.020551,0.055672,0.131769,3,MODERATE_CONVERGENCE,4,109,40
6955,1508,0.9425,0.4787,1.56,1171.984085,1412.651857,-10159.20358,16175.89788,19.1009,1153,1381,1198,1451,7.2009,4.4788,28.9604,5.8466,3.0774,-2283.6517,1,0.0086,0.4815,0.463,1508,0.214352,0.207736,0.049803,0.982095,0.982095,,,,0,0,0.002178,0.001171,0.002097,4.50E-05,0.001765,-0.002242,-0.003449,-0.006773,1508,1,-19.4926,68.1002,0,16.903125,,,QUALIFIED,,0.462351,0.978541,2.270255,,TRUE,FALSE,CPR_ONLY,normal_low,0.243835594,,0.243836,CPR_ONLY,0,0.192698,0.032418,0.137465,0.128679,3,MODERATE_CONVERGENCE,3,119,41
7654,758,0.47375,0.5853,1.06,1254.502639,3107.872032,32221.30079,14112.93404,35.1768,1236,3092,1273,3127,7.2182,3.2794,20.1026,6.2981,2.7227,-1393.1034,1,0,0.1671,0.33,758,0.235949,0.221674,0.059804,1,1,,,,0,0,0.005861,0.004803,0.0044,0.00437,0.005837,-0.004205,0.005156,-0.000687,758,1,25.3927,84.5067,0,2.311926,,,QUALIFIED,,0.180515,0.006818,1.720404,1.133243,TRUE,FALSE,CPR_ONLY,normal_low,0.273911881,,0.273912,CPR_ONLY,0.05105,0.146027,0.012657,0.000958,0.128056,3,MODERATE_CONVERGENCE,4,121,42
6227,540,0.3375,0.4651,1.59,1084,1522.522222,-7412.444444,18375.5,19.8136,1065,1509,1108,1536,8.9865,4.7542,24.5373,7.5037,3.9869,-2181.1762,1,0,0.1344,0.3072,540,0.195996,0.194387,0.036471,1,1,,,,0,0,0.007282,0.007339,0.006168,0.003542,0.006724,0.001614,0.001676,-0.003682,540,1,-19.4926,68.1002,0,15.618999,,,QUALIFIED,,-0.007828,0.425746,0.759964,3.196897,TRUE,FALSE,CPR_ONLY,normal_low,0.218272769,,0.218273,CPR_ONLY,0.144012,0.064505,0,0.059809,0.127567,3,MODERATE_CONVERGENCE,4,122,43
9078,827,0.516875,0.4808,1.08,1391.860943,3246.712213,35692.30532,10678.97642,37.256,1371,3226,1414,3266,8.5267,3.8894,17.2738,7.2105,2.8536,-1385.1098,1,0,0.4066,0.4611,827,0.201983,0.195238,0.059982,1,1,,,,0,0,-0.001221,0.000544,0.002744,-0.000885,0.002367,-0.003167,-0.005027,-0.004035,827,1,31.5436,77.8519,0,1.686157,,,QUALIFIED,,,1.322522,2.337981,,TRUE,FALSE,CPR_ONLY,normal_low,0.226610349,,0.22661,CPR_ONLY,0,0.198446,0,0.185788,0.126251,3,MODERATE_CONVERGENCE,2,125,44
4164,148,0.0925,0.6167,1.07,831.1283784,1309.804054,-12730.39865,24697.29054,27.7846,824,1302,839,1318,7.019,2.6736,14.3287,6.3942,1.4063,-3659.7268,1,0,1,0,148,0.197206,0.197206,0.00686,0.013514,0.013514,0.054052,0.054878,0.003463,1,1,0.00366,0.001376,0.002597,-0.000448,0.001682,-0.005944,-0.002974,0.007382,148,1,-19.4926,68.1002,0,23.473416,,,QUALIFIED,,0.624044,1.172507,4.533888,,FALSE,TRUE,S1_ONLY,normal_low,,0.078633444,0.078633,S1_ONLY,0,0.384833,0.043755,0.164714,0.121403,3,MODERATE_CONVERGENCE,3,139,45
8876,1244,0.7775,0.2679,1.59,1381.301447,1405.990354,-10325.74116,10942.96383,15.0449,1336,1384,1422,1438,8.672,4.7206,21.3091,7.4484,4.0303,-2031.0011,1,0,0.6011,0.4733,1244,,,,0,0,0.069743,0.066128,0.01591,1,1,0.002355,-0.000336,0.00144,0.00041,0.001972,-0.006323,-0.004623,-0.006859,1244,1,0.5626,56.8385,0,14.781111,,,QUALIFIED,,1.142675,0.715278,4.206389,,FALSE,TRUE,S1_ONLY,no_data,,0.102779462,0.102779,S1_ONLY,0,0.357036,0.080118,0.100482,0.120301,3,MODERATE_CONVERGENCE,3,141,46
5365,936,0.585,0.4647,1.39,968.0117521,2002.738248,4592.956197,21275.2062,21.7649,941,1984,994,2022,8.0731,3.4332,24.5047,6.4421,2.1573,-1129.4815,1,0,0.3054,0.4035,936,0.262197,0.260648,0.045811,1,1,,,,0,0,0.004874,0.000918,0.001873,0.000294,0.005022,0.002687,0.000475,0.0011,936,1,53.7768,91.9349,0,9.156009,,,QUALIFIED,,0.811654,0.843033,0.464954,,TRUE,FALSE,CPR_ONLY,normal_low,0.310465217,,0.310465,CPR_ONLY,0,0.039465,0.056909,0.118429,0.118566,3,MODERATE_CONVERGENCE,3,146,47
2786,155,0.096875,0.6078,1.13,642.7290323,2119.967742,7523.693548,29407.27419,30.3541,636,2112,651,2129,5.9714,2.7412,17.4207,5.1142,1.7017,-2157.4857,1,0,1,0,155,,,,0,0,0.067552,0.066338,0.006707,1,1,0.003764,0.0019,0.001069,0.000299,0.002344,-0.0026,0.001519,-0.002816,155,1,40.2924,84.9679,0,17.350018,,,QUALIFIED,,0.495218,0.720299,2.109215,2.853851,FALSE,TRUE,S1_ONLY,no_data,,0.099407852,0.099408,S1_ONLY,0.128558,0.179029,0.034722,0.101188,0.117787,3,MODERATE_CONVERGENCE,4,149,48
6728,189,0.118125,0.63,1.33,1137.455026,2788.767196,24243.67989,17039.12434,29.6327,1129,2781,1149,2796,4.2764,2.2079,10.3319,3.8618,1.9273,-2099.4874,1,0,1,0,189,0.154667,0.153897,0.018206,1,1,,,,0,0,0.001225,6.70E-05,0.002586,-0.001657,0.006341,-0.008287,-0.008044,-0.015591,189,1,33.734,87.2227,0,8.63731,,,QUALIFIED,,0.945306,1.640758,2.306892,,TRUE,FALSE,CPR_ONLY,normal_low,0.160717419,,0.160717,CPR_ONLY,0,0.195807,0.06628,0.230494,0.117054,3,MODERATE_CONVERGENCE,3,152,49
9300,872,0.545,0.425,1.42,1405.066514,2957.018349,28449.95872,10348.83716,30.274,1386,2929,1424,2983,9.3871,4.056,24.1473,8.3276,3.2256,-2077.9367,1,0,1,0,872,0.201974,0.184058,0.062757,1,1,,,,0,0,0.000675,0.001661,0.003957,-0.001549,0.002324,-0.001624,-0.003462,-0.002143,872,1,25.3927,84.5067,0,6.298115,,,QUALIFIED,,,1.391458,1.698795,,TRUE,FALSE,CPR_ONLY,normal_low,0.226597816,,0.226598,CPR_ONLY,0,0.144193,0,0.195472,0.116365,3,MODERATE_CONVERGENCE,2,154,50
8687,915,0.571875,0.4085,1.4,1362.259016,2725.446995,22660.67486,11419.02459,25.3754,1338,2708,1394,2748,7.8709,3.4255,21.613,6.7548,2.572,-1941.1586,1,0,0.5681,0.4725,915,0.256431,0.256228,0.057282,1,1,,,,0,0,0.002062,0.004708,0.004095,0.002179,0.001818,-0.000128,-0.001758,-0.004815,915,1,33.5851,91.8903,0,3.621119,,,QUALIFIED,,-1.28322,0.467888,1.070407,,TRUE,FALSE,CPR_ONLY,normal_low,0.302435404,,0.302435,CPR_ONLY,0,0.090855,0,0.065729,0.115474,3,MODERATE_CONVERGENCE,3,159,51
6397,2755,1.721875,0.5679,1.22,1099.556443,1365.783303,-11330.91742,17986.58893,21.2574,1060,1333,1137,1396,9.7277,3.6956,22.1186,8.5191,2.9933,-2217.6905,1,0,0.1458,0.337,2755,0.235883,0.226315,0.064887,1,1,,,,0,0,0.003214,0.000689,0.000605,0.00221,0.002738,-0.001661,-0.002192,-0.008915,2755,1,-19.4926,68.1002,0,18.886007,,,QUALIFIED,,0.785625,,1.606647,,TRUE,FALSE,CPR_ONLY,normal_low,0.273819968,,0.27382,CPR_ONLY,0,0.136371,0.055084,0,0.114929,3,MODERATE_CONVERGENCE,2,161,52
6206,433,0.270625,0.4898,1.31,1086.145497,1597.926097,-5527.347575,18321.86259,19.1368,1074,1581,1100,1615,5.5714,2.3957,18.2182,4.6925,1.313,-2082.454,1,0,0.0291,0.1363,433,0.192561,0.186757,0.0378,1,1,,,,0,0,0.011179,0.003994,0.001119,-0.00047,0.004437,-0.002103,0.000869,0.001423,433,1,-19.4926,68.1002,0,13.938615,,,QUALIFIED,,0.642723,1.420018,1.473969,,TRUE,FALSE,CPR_ONLY,normal_low,0.213489139,,0.213489,CPR_ONLY,0,0.12511,0.045064,0.199484,0.113524,3,MODERATE_CONVERGENCE,3,166,53
9482,658,0.41125,0.4281,1.83,1420.955927,2903.773556,27118.83891,9951.601824,28.8874,1400,2889,1453,2918,5.6695,2.8059,23.5003,4.6659,1.5138,-2057.941,1,0,0.7352,0.3993,658,0.222985,0.21289,0.063483,1,1,,,,0,0,0.001708,0.002849,0.003741,-0.00025,0.002755,-0.000549,-0.003303,-0.003773,658,1,25.3927,84.5067,0,5.905982,,,QUALIFIED,,-0.668033,1.066827,1.199274,,TRUE,FALSE,CPR_ONLY,normal_low,0.255858031,,0.255858,CPR_ONLY,0,0.101794,0,0.149868,0.112103,3,MODERATE_CONVERGENCE,3,172,54
1777,954,0.59625,0.645,1.76,483.1415094,675.615304,-28585.1174,33396.96226,43.9591,470,651,499,702,7.7144,4.3188,25.4894,6.2136,2.7529,-1311.5736,1,0.001,0.2013,0.3544,954,0.273774,0.25768,0.068463,1,1,0.074632,0.074421,0.008762,1,1,0.002675,0.008794,0.00893,0.009088,0.009579,-0.006708,0.008645,-0.001998,954,1,80.591,99.4056,0,20.128167,,,QUALIFIED,,-2.287477,-0.017693,1.700282,1.231116,TRUE,TRUE,BOTH,normal_low,0.32658751,0.110302875,0.218445,BOTH,0.055458,0.144319,0,0,0.111035,3,MODERATE_CONVERGENCE,4,179,55
7930,1399,0.874375,0.456,1.13,1263.692638,3068.665475,31241.13688,13883.18406,34.1873,1241,3038,1293,3097,10.3754,4.0331,26.5261,8.6782,2.8319,-1483.9011,1,0.0007,0.3134,0.4303,1399,0.227467,0.212099,0.067598,1,1,,,,0,0,0.009516,0.00323,0.00272,0.003161,0.004076,-0.002421,-0.001239,-0.004193,1399,1,25.3927,84.5067,0,2.899353,,,QUALIFIED,,0.660572,-0.162132,1.593965,,TRUE,FALSE,CPR_ONLY,normal_low,0.262099728,,0.2621,CPR_ONLY,0,0.135295,0.046316,0,0.110321,3,MODERATE_CONVERGENCE,3,183,56
7502,305,0.190625,0.51,1.13,1231.340984,2670.2,21279.5,14691.97541,25.8588,1218,2658,1241,2684,3.8773,2.5532,13.1162,2.7745,1.1786,-2073.461,1,0,0.8887,0.2642,305,0.224678,0.214428,0.044689,1,1,,,,0,0,0.016425,0.006232,0.005124,0.003604,0.005207,-0.00222,-0.002206,0.000968,305,1,33.5851,91.8903,0,6.008848,,,QUALIFIED,,0.620578,0.296643,1.426349,,TRUE,FALSE,CPR_ONLY,normal_low,0.258215727,,0.258216,CPR_ONLY,0,0.121068,0.043512,0.041672,0.110197,3,MODERATE_CONVERGENCE,3,184,57
1979,218,0.13625,0.6412,1.18,523.2706422,795.4770642,-25588.57339,32393.73394,41.2804,515,787,532,807,9.7144,3.8667,19.3758,7.1259,1.6067,-1221.9338,1,0,0.8369,0.3353,218,0.286938,0.279883,0.074475,1,1,0.122069,0.122475,0.014186,1,1,0.007468,0.00093,0.00591,0.007223,0.007343,0.010219,0.00434,-0.003611,218,1,80.591,99.4056,0,21.692582,,,QUALIFIED,,0.875469,-0.222166,-0.391666,1.832028,TRUE,TRUE,BOTH,normal_low,0.344919883,0.183301069,0.26411,BOTH,0.082528,0,0.061383,0,0.11013,3,MODERATE_CONVERGENCE,4,185,58
22123,2013,1.258125,0.5509,1.09,2923.592151,2485.275708,16656.3927,-27614.30378,32.2495,2888,2461,2951,2519,6.1443,3.8487,19.7821,4.7175,2.6396,-572.4748,1,0,1,0,2013,0.269288,0.247314,0.079461,0.15996,0.15996,0.082866,0.080636,0.020586,1,1,0.005567,0.000451,0.001965,0.001781,0.0014,-0.00154,-0.007963,-0.008604,2013,1,121.4255,96.4448,0,1.449353,,,QUALIFIED,,0.918987,0.093639,2.1,,TRUE,TRUE,BOTH,normal_low,0.320340243,0.122973726,0.221657,BOTH,0,0.178247,0.064434,0.013154,0.109905,3,MODERATE_CONVERGENCE,3,188,59
7063,435,0.271875,0.4252,1.06,1170.921839,2207.737931,9717.948276,16202.45402,18.8932,1154,2189,1185,2222,9.3926,3.9512,21.5507,8.1851,2.4117,-1202.11,1,0,0.3803,0.4154,435,0.236907,0.233985,0.040265,1,1,,,,0,0,0.002637,0.000232,-0.000516,0.001964,0.002856,-0.000566,-0.000295,-0.00098,435,1,53.7768,91.9349,0,4.031129,,,QUALIFIED,,0.912021,,1.198179,,TRUE,FALSE,CPR_ONLY,normal_low,0.275246005,,0.275246,CPR_ONLY,0,0.101701,0.063946,0,0.109309,3,MODERATE_CONVERGENCE,2,190,60
3456,170,0.10625,0.6641,1,744.4470588,1382.647059,-10909.32353,26864.32353,28.9943,736,1375,752,1391,7.1935,3.1417,19.6112,6.1634,1.4164,-3536.6181,1,0,1,0,170,0.247423,0.238389,0.057303,1,1,0.118786,0.12117,0.013591,1,1,0.002843,0.006545,0.001432,0.000388,0.004425,0.001209,0.007473,-0.00047,170,1,-31.9971,79.6277,0,23.232319,,,QUALIFIED,,-1.302146,0.72905,0.72678,1.062893,TRUE,TRUE,BOTH,normal_low,0.289890735,0.178249041,0.23407,BOTH,0.04788,0.061689,0,0.102417,0.107164,3,MODERATE_CONVERGENCE,4,200,61
6499,870,0.54375,0.5344,1.19,1120.975862,1402.977011,-10401.07471,17451.10345,20.3149,1102,1381,1139,1425,5.6587,2.615,21.4869,4.6872,1.5243,-2261.9585,1,0,0.9777,0.1342,870,0.169121,0.163975,0.038447,1,1,,,,0,0,0.012915,0.000271,0.00467,0.001772,0.002505,-0.002963,-0.000433,-0.003194,870,1,-19.4926,68.1002,0,17.911676,,,QUALIFIED,,0.979017,0.620557,2.182834,,TRUE,FALSE,CPR_ONLY,normal_low,0.180846264,,0.180846,CPR_ONLY,0,0.185278,0.068643,0.087176,0.106891,3,MODERATE_CONVERGENCE,3,203,62
1757,1027,0.641875,0.5187,1.02,503.7322298,904.9104187,-22852.73953,32882.19426,40.0429,480,881,525,925,9.3756,4.5497,23.5373,7.4687,2.812,-1200.8258,1,0,0.1214,0.2709,1027,0.324305,0.31353,0.080457,0.359299,0.359299,0.091673,0.087879,0.014782,1,1,0.008184,0.000145,0.003875,0.005677,0.007075,0.005724,0.006691,-0.001146,1027,1,35.9271,86.4979,0,23.837274,,,QUALIFIED,,0.982283,-0.465032,0.190954,1.171275,TRUE,TRUE,BOTH,normal_low,0.396957695,0.136526334,0.266742,BOTH,0.052763,0.016208,0.068872,0,0.10598,3,MODERATE_CONVERGENCE,4,211,63
8835,204,0.1275,0.5795,1.38,1359.171569,3381.426471,39060.16176,11496.21078,40.7172,1352,3371,1368,3393,7.5209,4.7119,19.7127,5.716,2.5162,-917.582,1,0,0.2461,0.4047,204,0.195155,0.181387,0.045698,1,1,,,,0,0,0.00187,-0.001488,0.000803,-0.001803,0.001294,-0.00084,-0.001762,0.001099,204,1,31.5436,77.8519,0,0.626997,,,QUALIFIED,,1.795722,,1.64915,,TRUE,FALSE,CPR_ONLY,normal_low,0.21710158,,0.217102,CPR_ONLY,0,0.139979,0.125906,0,0.105717,3,MODERATE_CONVERGENCE,2,213,64
6551,169,0.105625,0.5748,1.5,1128.733728,1054.508876,-19112.77811,17257.1568,25.7502,1122,1045,1136,1066,5.1629,1.5506,10.5497,4.9083,0.7186,-2831.9539,1,0,1,0,169,0.201486,0.19764,0.022495,1,1,,,,0,0,0.011868,0.006229,0.01006,0.002082,0.005601,-0.001303,0.000223,-0.005577,169,1,-14.3965,65.3367,0,20.974419,,,QUALIFIED,,0.475143,0.793042,1.232637,,TRUE,FALSE,CPR_ONLY,normal_low,0.22591822,,0.225918,CPR_ONLY,0,0.104625,0.033314,0.111406,0.103172,3,MODERATE_CONVERGENCE,3,232,65
22566,217,0.135625,0.4822,1.39,2974.442396,2489.852535,16770.81336,-28885.55991,33.4018,2965,2477,2983,2502,3.5123,1.7113,8.1659,3.0047,1.0101,-557.1342,1,0,1,0,217,0.29585,0.289695,0.055252,1,1,0.151741,0.157365,0.048058,1,1,0.003679,0.00069,0.001417,0.00052,0.000598,-0.001011,-0.003306,0.001232,217,1,121.4255,96.4448,0,2.358495,,,QUALIFIED,,0.812449,0.633028,,,TRUE,TRUE,BOTH,normal_low,0.35733086,0.22896168,0.293146,BOTH,0,0,0.056965,0.088928,0.102533,3,MODERATE_CONVERGENCE,2,237,66
7308,387,0.241875,0.5316,1.08,1210.170543,2780.651163,24040.77907,15221.23643,28.4544,1199,2767,1225,2795,7.2288,4.2182,21.4121,5.9949,2.861,-2060.3674,1,0,0.6822,0.4201,387,0.235307,0.225451,0.037686,1,1,,,,0,0,0.001726,0.000594,0.003804,-0.00052,0.0001,-0.011913,7.50E-05,-0.003584,387,1,33.5851,91.8903,0,8.061793,,,QUALIFIED,,0.655852,1.136698,,,TRUE,FALSE,CPR_ONLY,normal_low,0.273017823,,0.273018,CPR_ONLY,0,0,0.045985,0.159683,0.102472,3,MODERATE_CONVERGENCE,2,238,67
6066,2083,1.301875,0.4286,1.67,1062.783005,1680.074892,-3473.6277,18905.92487,19.2218,1015,1655,1105,1709,7.5788,4.4554,25.5089,6.1537,3.2706,-2145.5939,1,0.0005,0.7042,0.4255,2083,0.230893,0.212283,0.08392,1,1,,,,0,0,0.004513,0.001802,0.000346,0.001113,0.002848,-0.000173,-0.000765,-0.010331,2083,1,33.7027,75.9158,0,11.988797,,,QUALIFIED,,0.600709,,1.060744,,TRUE,FALSE,CPR_ONLY,normal_low,0.266870824,,0.266871,CPR_ONLY,0,0.090035,0.042119,0,0.10228,3,MODERATE_CONVERGENCE,2,241,68
23628,220,0.1375,0.4622,1.65,3112.013636,2500.55,17038.25,-32324.84091,36.541,3102,2489,3119,2517,5.1212,2.5457,12.0277,4.6527,2.2714,4.7405,1,0,0.0935,0.2546,220,0.295356,0.278234,0.06662,0.790909,0.790909,0.123187,0.119425,0.020241,1,1,0.001768,-0.001194,0.002941,0.001193,-0.001768,-0.005503,-0.002657,-0.00067,220,1,121.4255,96.4448,0,3.319356,,,QUALIFIED,,1.675339,0.594356,,,TRUE,TRUE,BOTH,normal_low,0.356642909,0.185021498,0.270832,BOTH,0,0,0.117466,0.083495,0.101346,3,MODERATE_CONVERGENCE,2,246,69
7589,986,0.61625,0.6162,1,1246.646045,1585.19574,-5845.606491,14309.34888,15.4567,1225,1568,1265,1608,6.8622,3.0126,16.7038,5.9022,2.2941,-1972.4174,1,0,0.0867,0.2517,986,0.212076,0.205788,0.043046,0.60142,0.60142,,,,0,0,0.013581,0.002082,0.004335,0.002947,0.004524,0.003341,0.002663,-7.00E-06,986,1,0.5626,56.8385,0,12.446511,,,QUALIFIED,,0.846698,0.320185,0.261494,1.002629,TRUE,FALSE,CPR_ONLY,normal_low,0.240666004,,0.240666,CPR_ONLY,0.045166,0.022195,0.059366,0.04498,0.100623,3,MODERATE_CONVERGENCE,4,254,70
11833,194,0.12125,0.6783,1.69,1650.350515,3465.891753,41171.79381,4216.737113,41.3876,1645,3456,1658,3478,6.483,2.5858,13.6382,5.9054,2.005,-1244.8534,1,0,1,0,194,0.197714,0.185203,0.061375,1,1,,,,0,0,0.001879,0.000471,-0.00545,0.001301,0.002661,-0.001858,-0.002254,-0.026999,194,1,63.3495,86.7715,0,8.185658,,,QUALIFIED,,0.749335,,1.698234,,TRUE,FALSE,CPR_ONLY,normal_low,0.22066528,,0.220665,CPR_ONLY,0,0.144145,0.052539,0,0.100282,3,MODERATE_CONVERGENCE,2,258,71
7090,1864,1.165,0.3923,1.09,1180.782725,1487.425429,-8289.86427,15955.93187,17.9802,1150,1451,1216,1523,8.6568,4.4457,22.5408,7.335,3.409,-2188.6208,1,0,0.0939,0.2517,1864,0.238848,0.209554,0.105773,1,1,,,,0,0,0.013182,0.002752,0.002337,0.000881,-0.000552,-0.001092,-0.006019,-0.011006,1864,1,-19.4926,68.1002,0,15.213522,,,QUALIFIED,,0.79123,0.623021,,,TRUE,FALSE,CPR_ONLY,normal_low,0.277949069,,0.277949,CPR_ONLY,0,0,0.055477,0.087522,0.097685,3,MODERATE_CONVERGENCE,2,276,72
7385,163,0.101875,0.5327,1.06,1215.803681,2674.435583,21385.38957,15080.40798,26.1679,1208,2666,1226,2683,2.7109,1.5685,7.7009,2.2398,1.0655,-2067.336,1,0,0.9652,0.1548,163,0.210801,0.207384,0.031621,1,1,,,,0,0,0.003125,0.001259,0.001795,-0.000678,7.90E-05,-0.005975,-0.00235,-0.007199,163,1,33.5851,91.8903,0,6.543699,,,QUALIFIED,,0.59712,1.377716,,,TRUE,FALSE,CPR_ONLY,normal_low,0.238890421,,0.23889,CPR_ONLY,0,0,0.041867,0.193541,0.095208,3,MODERATE_CONVERGENCE,2,301,73
5792,1209,0.755625,0.4737,1.32,1026.254756,1204.83871,-15354.53226,19819.1311,25.0704,1003,1175,1047,1233,10.0391,3.3244,25.7734,8.5567,2.1924,-2502.4333,1,0.0008,1,0,1209,0.198404,0.195213,0.03523,1,1,,,,0,0,0.003752,0.000399,0.001568,-1.40E-05,0.002613,0.001511,-0.004452,-0.002664,1209,1,-19.4926,68.1002,0,23.129864,,,QUALIFIED,,0.893657,1.008929,0.421737,,TRUE,FALSE,CPR_ONLY,normal_low,0.221626183,,0.221626,CPR_ONLY,0,0.035797,0.062658,0.141734,0.094086,3,MODERATE_CONVERGENCE,3,313,74
20458,354,0.22125,0.5438,1.48,2747.087571,1886.621469,1690.036723,-23201.68927,23.2637,2731,1876,2762,1897,6.2132,3.8266,19.7584,4.9424,1.8318,168.2614,1,0,0.7304,0.3897,354,0.279619,0.266587,0.06606,1,1,0.081217,0.080029,0.011678,1,1,0.001429,-0.000715,0.001458,-8.00E-06,-0.001499,-0.005869,-0.010642,-0.009984,354,1,147.9055,80.9548,0.497175,0,0.001869,0.000798,QUALIFIED,,1.50035,1.005487,,,TRUE,TRUE,BOTH,normal_low,0.33472734,0.12043617,0.227582,BOTH,0,0,0.105197,0.141251,0.092919,3,MODERATE_CONVERGENCE,2,324,75
7144,431,0.269375,0.5071,1.36,1186.00232,1443.071926,-9398.701856,15825.442,18.4053,1175,1425,1200,1459,8.3076,4.487,25.6262,6.7971,2.8284,-2277.3421,1,0.0023,0.1797,0.3532,431,0.226321,0.209693,0.076327,1,1,,,,0,0,0.010319,0.003021,0.003183,0.00097,0.000527,-0.001489,-0.005253,-0.016979,431,1,-19.4926,68.1002,0,16.542313,,,QUALIFIED,,0.707239,0.695256,,,TRUE,FALSE,CPR_ONLY,normal_low,0.260503792,,0.260504,CPR_ONLY,0,0,0.049588,0.09767,0.092877,3,MODERATE_CONVERGENCE,2,325,76
6170,279,0.174375,0.6341,1.1,1080.903226,1741.082437,-1948.439068,18452.91935,18.555,1070,1731,1092,1751,5.303,3.27,19.6807,4.0909,1.5386,-2207.6972,1,0,0.7135,0.4,279,0.2008,0.196129,0.03512,1,1,,,,0,0,0.015503,0.00054,0.004656,-0.001374,-0.000553,-0.006296,-0.00182,-0.008183,279,1,33.7027,75.9158,0,10.965771,,,QUALIFIED,,0.965168,1.295103,,,TRUE,FALSE,CPR_ONLY,normal_low,0.224962887,,0.224963,CPR_ONLY,0,0,0.067672,0.181936,0.09245,3,MODERATE_CONVERGENCE,2,330,77
1484,516,0.3225,0.3576,1.05,434.2810078,872.6182171,-23660.04457,34618.47481,41.9306,418,860,455,899,7.8066,3.7356,18.9041,6.776,2.9425,-1389.4171,1,0,0.3268,0.4153,516,0.246466,0.236039,0.077698,1,1,0.112637,0.109319,0.018288,1,1,0.00097,0.003174,0.00669,0.003506,0.003801,-4.00E-05,-0.006723,-0.007493,516,1,35.9271,86.4979,0,24.396824,,,QUALIFIED,,,0.475934,1.010524,,TRUE,TRUE,BOTH,normal_low,0.288558004,0.168786682,0.228672,BOTH,0,0.085773,0,0.066859,0.092442,3,MODERATE_CONVERGENCE,2,331,78
6675,2231,1.394375,0.4638,1.14,1136.195876,1060.270282,-18968.74294,17070.60309,25.5183,1096,1023,1170,1088,7.6535,3.3024,21.8295,6.4082,2.1874,-2805.443,1,0,0.9988,0.0296,2231,0.195677,0.191627,0.035526,1,1,0.062444,0.049553,0.028561,0.103093,0.103093,0.008557,0.002146,0.007426,0.002762,0.002706,-0.002324,-0.001164,-0.002415,2231,1,-14.3965,65.3367,0,20.19296,,,QUALIFIED,,0.749211,0.628064,1.858832,,TRUE,TRUE,BOTH,normal_low,0.217828525,0.091547432,0.154688,BOTH,0,0.157776,0.052531,0.08823,0.092038,3,MODERATE_CONVERGENCE,3,336,79
7288,441,0.275625,0.6108,2,1219.52381,2687.331066,21707.77664,14987.40476,26.3791,1199,2678,1237,2697,2.7366,2.1412,17.0982,2.1927,0.9266,-2064.7227,1,0,0.9235,0.2247,441,0.221664,0.215152,0.042337,1,1,,,,0,0,0.004379,0.001562,0.002761,0.00059,0.000217,-0.007928,-0.001926,-0.004603,441,1,33.5851,91.8903,0,6.415703,,,QUALIFIED,,0.643298,0.786309,,,TRUE,FALSE,CPR_ONLY,normal_low,0.254018388,,0.254018,CPR_ONLY,0,0,0.045105,0.110461,0.091762,3,MODERATE_CONVERGENCE,2,339,80
22491,569,0.355625,0.3919,1.33,2959.212654,2498.938489,16997.96221,-28504.81634,33.1889,2946,2480,2979,2524,6.7077,3.4379,21.1966,5.2906,2.9626,-559.9899,1,0,1,0,569,0.247237,0.242828,0.051443,1,1,0.107424,0.101297,0.028373,1,1,0.003151,-0.000403,0.00102,-0.000153,0.000419,0.001365,-0.002799,0.002112,569,1,121.4255,96.4448,0,2.208082,,,QUALIFIED,,1.127896,1.15,,,TRUE,TRUE,BOTH,normal_low,0.289631709,0.160764683,0.225198,BOTH,0,0,0.079082,0.161552,0.091623,3,MODERATE_CONVERGENCE,2,342,81
886,930,0.58125,0.6151,1.17,307.4462366,2248.948387,10748.20968,37789.34409,39.2878,286,2232,328,2268,8.3474,4.0858,27.6607,6.8689,2.4265,-260.4191,1,0.0032,0.0154,0.1041,930,0.165595,0.16042,0.026706,0.069892,0.069892,0.083289,0.07806,0.023163,1,1,0.002685,-0.001651,0.008423,0.000729,0.003138,-0.001696,-0.003324,0.001929,930,1,67.2511,77.9602,0,18.984615,,,QUALIFIED,,1.614898,0.913451,1.540472,,FALSE,TRUE,S1_ONLY,normal_low,,0.123624657,0.123625,S1_ONLY,0,0.130754,0.113228,0.128322,0.087393,3,MODERATE_CONVERGENCE,3,380,82
5897,1263,0.789375,0.4511,1.75,1057.38559,2622.023753,20075.09382,19040.86025,27.6688,1040,2587,1080,2657,8.9399,4.0281,19.874,7.4659,3.2573,-1797.2841,1,0,0.9841,0.1044,1263,,,,0,0,0.03226,0.031097,0.007493,1,1,-0.002971,-0.001441,0.001075,0.000593,0.002029,-1.90E-05,0.001183,-0.002598,1263,1,33.734,87.2227,0,9.015681,,,QUALIFIED,,,0.448372,1.009364,3.196112,FALSE,TRUE,S1_ONLY,no_data,,0.045098932,0.045099,S1_ONLY,0.143976,0.085674,0,0.062987,0.080156,3,MODERATE_CONVERGENCE,3,452,83
7120,160,0.1,0.5333,1.33,1186.59375,1399.6,-10485.5,15810.65625,18.9709,1179,1389,1194,1409,3.4915,2.1922,12.8563,3.328,2.0315,-2266.5635,1,0,0.6617,0.3872,160,0.199511,0.196389,0.034346,0.6625,0.6625,,,,0,0,0.00617,0.000746,0.002357,0.001308,-0.000573,-0.000874,-0.003707,-0.012088,160,1,-19.4926,68.1002,0,17.644493,,,QUALIFIED,,0.879092,0.445057,,,TRUE,FALSE,CPR_ONLY,normal_low,0.223167807,,0.223168,CPR_ONLY,0,0,0.061637,0.062522,0.079366,3,MODERATE_CONVERGENCE,2,466,84
8266,393,0.245625,0.3211,1.06,1297.819338,1415.338422,-10092.03944,13030.01654,16.4805,1278,1397,1314,1431,4.182,1.5122,9.1836,3.3509,0.8048,-2051.8251,1,0,0.8825,0.3083,393,,,,0,0,0.073065,0.072341,0.010161,1,1,0.002828,-0.000397,0.001178,0.000233,0.000872,0.002516,0.002135,-0.001139,393,1,0.5626,56.8385,0,16.309449,,,QUALIFIED,,1.140382,0.802207,,1.533489,FALSE,TRUE,S1_ONLY,no_data,,0.107891505,0.107892,S1_ONLY,0.06908,0,0.079957,0.112694,0.072357,3,MODERATE_CONVERGENCE,3,580,85
8181,289,0.180625,0.5971,1,1293.681661,1434.67474,-9608.631488,13133.45848,16.2724,1282,1423,1304,1445,3.912,2.1234,10.1393,3.1223,1.1674,-2049.1563,1,0,0.6101,0.4247,289,,,,0,0,0.070008,0.069863,0.010067,1,1,0.00411,-0.001229,0.002854,0.000231,0.000522,0.002578,0.005498,0.00083,289,1,0.5626,56.8385,0,15.835265,,,QUALIFIED,,1.299027,0.919061,,0.849036,FALSE,TRUE,S1_ONLY,no_data,,0.103187256,0.103187,S1_ONLY,0.038247,0,0.091081,0.12911,0.064449,3,MODERATE_CONVERGENCE,3,724,86
4657,1173,0.733125,0.5426,1.02,900.8934356,922.4697357,-22413.75661,22953.16411,32.0808,879,898,926,944,7.5604,3.4507,25.2419,6.073,2.1608,-2806.61,1,0.0009,1,0,1173,,,,0,0,0.032699,0.032866,0.002578,1,1,0.002361,0.000685,0.002093,0.000459,0.001945,0.002241,0.001562,0.000649,1173,1,-14.3965,65.3367,0,19.036971,,,QUALIFIED,,0.709869,0.780698,-0.152185,0.584507,FALSE,TRUE,S1_ONLY,no_data,,0.045774485,0.045774,S1_ONLY,0.02633,0,0.049772,0.109672,0.037576,3,MODERATE_CONVERGENCE,4,1150,87
12269,175,0.109375,0.4861,1.11,1706.171429,1648.828571,-4254.785714,2821.214286,5.1044,1696,1640,1716,1658,8.0304,3.7084,19.6118,7.0076,2.5319,-626.9291,1,0,0.152,0.3236,175,,,,0,0,0.059682,0.055112,0.014579,1,1,0.008471,0.002374,0.003323,0.003467,0.009024,0.009638,0.001604,-0.034003,175,1,87.7915,75.1252,0,7.726011,,,QUALIFIED,,0.71975,-0.043334,-0.068041,22.198878,FALSE,TRUE,S1_ONLY,no_data,,0.087297142,0.087297,S1_ONLY,1,0,0.050465,0,0.331236,2,MODERATE_CONVERGENCE,4,1,88
12537,184,0.115,0.4792,1.5,1738.081522,2353.521739,13362.54348,2023.461957,13.5153,1732,2341,1748,2365,7.8465,4.5887,25.3474,7.4766,4.6669,1995.4524,1,0.0054,0.1385,0.2801,184,,,,0,0,0.652791,0.675089,0.521214,1,1,0.000113,0.001709,0.001614,-0.00047,-0.00053,-0.003167,-0.003497,-0.006388,184,1,115.8281,80.8172,0,0.035355,0.002657,0.001045,QUALIFIED,,,1.291202,,,FALSE,TRUE,S1_ONLY,no_data,,1,1,S1_ONLY,0,0,0,0.181388,0.318139,2,MODERATE_CONVERGENCE,1,2,89
3982,135,0.084375,0.6429,1.07,804.3259259,1300.37037,-12966.24074,25367.35185,28.4884,798,1294,813,1308,3.9035,2.4317,10.8798,3.1794,1.0048,-3704.9147,1,0,1,0,135,,,,0,0,0.054482,0.053949,0.003244,1,1,0.001271,-0.002501,0.002375,0.002029,-0.00161,-0.008892,0.001714,-0.02987,135,1,-19.4926,68.1002,0,24.060445,,,QUALIFIED,,2.967742,0.145684,,18.427071,FALSE,TRUE,S1_ONLY,no_data,,0.079295147,0.079295,S1_ONLY,0.83009,0,0.208082,0.020466,0.29567,2,MODERATE_CONVERGENCE,3,3,90
15895,281,0.175625,0.5916,1.32,2199.896797,3268.537367,36237.93416,-9521.919929,37.4687,2191,3257,2210,3282,5.9522,2.9599,13.4334,5.0929,1.9698,-539.9219,1,0,0.4164,0.4534,281,0.314983,0.307162,0.050189,1,1,0.069599,0.068187,0.013357,1,1,0.005058,0.003376,0.000856,-0.000769,0.001724,-0.016526,-0.004558,-0.006639,281,1,71.5812,82.9217,0,17.262966,,,QUALIFIED,,0.332543,,10.585847,,TRUE,TRUE,BOTH,normal_low,0.383975746,0.102557868,0.243267,BOTH,0,0.89852,0.023316,0,0.255016,2,MODERATE_CONVERGENCE,2,4,91
12317,586,0.36625,0.5232,1.09,1702.571672,2283.901024,11622.0256,2911.208191,11.9815,1685,2270,1720,2302,9,4.6287,27.4318,8.2481,4.4475,1846.8916,1,0.0051,0.0824,0.2271,586,,,,0,0,0.424973,0.330106,0.285733,1,1,-0.000675,-0.002944,0.000508,0.000915,0.001237,-0.002129,-0.012786,-0.010211,471,0.8038,115.8281,80.8172,0.472696,0,0.001621,0.000589,QUALIFIED,,,,2.721099,,FALSE,TRUE,S1_ONLY,no_data,,0.649423395,0.649423,S1_ONLY,0,0.230965,0,0,0.24102,2,MODERATE_CONVERGENCE,1,5,92
8957,2234,1.39625,0.5002,1.33,1357.994628,1439.641898,-9484.452551,11525.63429,14.9256,1329,1405,1387,1482,6.418,3.1759,21.7628,5.3872,2.3648,-2009.3161,1,0,0.2128,0.3695,2234,,,,0,0,0.068669,0.067218,0.01285,1,1,0.001236,0.000436,0.001212,0.00111,0.001217,-0.013121,-0.004443,-0.001792,2234,1,0.5626,56.8385,0,14.189124,,,QUALIFIED,,0.647249,0.084158,11.78143,,FALSE,TRUE,S1_ONLY,no_data,,0.101126742,0.101127,S1_ONLY,0,1,0.045382,0.011823,0.236059,2,MODERATE_CONVERGENCE,3,6,93
11258,559,0.349375,0.3503,1.11,1584.230769,3073.631485,31365.28712,5869.730769,31.9102,1565,3052,1603,3094,5.7146,2.6602,18.553,4.6367,1.7949,-1773.9498,1,0,0.9926,0.0721,559,0.17248,0.162358,0.038985,1,1,,,,0,0,-0.00043,-0.000527,-0.000519,-7.60E-05,0.00141,-0.00463,0.00149,-0.007845,559,1,25.3927,84.5067,0,7.355143,,,QUALIFIED,,,,4.283688,6.265101,TRUE,FALSE,CPR_ONLY,normal_low,0.185524055,,0.185524,CPR_ONLY,0.282226,0.363597,0,0,0.213044,2,MODERATE_CONVERGENCE,2,10,94
1780,388,0.2425,0.4181,1.1,485.6056701,922.3479381,-22416.80155,33335.35825,40.1709,471,908,500,940,8.1669,4.4276,23.961,6.0995,2.1566,-1260.2223,1,0,0.1645,0.3217,388,0.542424,0.53353,0.104002,0.275773,0.275773,0.090069,0.087793,0.010591,1,1,0.00061,0.002134,0.00085,0.000369,0.00289,-0.011213,-0.000152,-0.004101,388,1,35.9271,86.4979,0,24.673531,,,QUALIFIED,,,,4.879931,,TRUE,TRUE,BOTH,typical,0.700713297,0.134058027,0.417386,BOTH,0,0.414205,0,0,0.208057,2,MODERATE_CONVERGENCE,1,12,95
2686,395,0.246875,0.5878,1.17,618.3721519,2199.989873,9524.246835,30016.1962,31.4907,608,2187,632,2215,8.3764,4.286,25.7687,6.3201,1.9333,-2084.4564,1,0.0025,1,0,395,,,,0,0,0.145203,0.146867,0.040891,1,1,-0.000597,-0.000918,-0.000478,-5.70E-05,0.001128,-0.007137,0.001602,0.001839,395,1,40.2924,84.9679,0,17.827121,,,QUALIFIED,,,,7.327128,-0.14794,FALSE,TRUE,S1_ONLY,no_data,,0.218900711,0.218901,S1_ONLY,0,0.621922,0,0,0.190055,2,MODERATE_CONVERGENCE,2,20,96
15869,180,0.1125,0.5357,1.31,2194.972222,3368.855556,38745.88889,-9398.805556,39.8702,2185,3361,2206,3377,6.3068,2.4423,11.6374,5.2373,1.4889,-698.684,1,0,0.1073,0.2641,180,0.206131,0.203687,0.031969,1,1,0.066932,0.064741,0.010486,1,1,-0.003093,0.003729,0.001656,-0.000104,0.001114,-0.00689,-0.000462,-0.000175,180,1,71.5812,82.9217,0,19.317479,,,QUALIFIED,,,1.062802,7.184919,,TRUE,TRUE,BOTH,normal_low,0.232386913,0.098453768,0.16542,BOTH,0,0.609851,0,0.149302,0.186526,2,MODERATE_CONVERGENCE,2,22,97
15641,321,0.200625,0.4756,1.08,2162.76947,3213.5919,34864.29751,-8593.73676,35.9084,2149,3202,2176,3227,6.8616,3.6647,14.7724,5.8863,2.5164,-445.9639,1,0,0.0259,0.1177,321,0.663331,0.651825,0.149976,1,1,0.08497,0.077512,0.021316,1,1,-0.001816,0.000281,-0.001924,0.001131,0.006413,0.000132,0.002786,-0.001246,321,1,71.5812,82.9217,0,15.665587,,,QUALIFIED,,,,0.979417,1.447236,TRUE,TRUE,BOTH,typical,0.869090094,0.126211456,0.497651,BOTH,0.065194,0.083132,0,0,0.18548,2,MODERATE_CONVERGENCE,2,24,98
8247,1798,1.12375,0.4913,1.02,1322.68465,2501.533927,17062.84816,12408.38376,21.0977,1294,2471,1354,2532,7.0096,3.337,23.6009,5.696,2.0702,-1856.8047,1,0,0.1096,0.264,1798,0.360028,0.349264,0.079817,1,1,,,,0,0,0.002586,0.002185,0.00066,-0.000448,0.001237,-0.001647,-0.003976,-0.006785,1631,0.9071,33.5851,91.8903,0,1.402007,,,QUALIFIED,,0.155066,,2.331447,,TRUE,FALSE,CPR_ONLY,normal_low,0.44670605,,0.446706,CPR_ONLY,0,0.197892,0.010872,0,0.174677,2,MODERATE_CONVERGENCE,2,31,99
8754,515,0.321875,0.561,1.26,1353.009709,2498.932039,16997.80097,11650.25728,20.6073,1336,2486,1370,2513,6.6736,2.9043,16.9159,5.4785,1.7209,-1840.1361,1,0,0.1488,0.306,515,0.383868,0.36001,0.095183,1,1,,,,0,0,0.001736,0.002126,0.000311,-0.001669,0.002052,-0.001414,-0.003021,-0.001237,492,0.9553,33.5851,91.8903,0,1.237942,,,QUALIFIED,,-0.224654,,1.689084,,TRUE,FALSE,CPR_ONLY,normal_low,0.479905971,,0.479906,CPR_ONLY,0,0.143368,0,0,0.172645,2,MODERATE_CONVERGENCE,2,33,100
8639,569,0.355625,0.5211,1.62,1348.769772,2520.237258,17530.43146,11756.25571,21.1076,1326,2507,1368,2533,7.6429,3.9294,18.8096,5.5228,2.2432,-1872.9873,1,0,0.1798,0.3425,569,0.410929,0.394974,0.111667,1,1,,,,0,0,0.000299,0.003545,0.001889,-0.000353,0.000254,-0.004018,-0.00453,-0.007319,569,1,33.5851,91.8903,0,1.465009,,,QUALIFIED,,,1.186871,,,TRUE,FALSE,CPR_ONLY,normal_low,0.517591502,,0.517592,CPR_ONLY,0,0,0,0.166732,0.171951,2,MODERATE_CONVERGENCE,1,35,101
8384,136,0.085,0.5812,1.38,1321.088235,561.2720588,-31443.69853,12448.29412,33.8175,1314,552,1327,570,6.1921,4.5029,19.6857,5.5872,3.2441,1558.9541,1,0,1,0,136,,,,0,0,0.316816,0.206833,0.2416,1,1,0.011737,0.005895,0.004293,0.005402,0.00621,0.004763,0.007498,0.001011,136,1,162.995,83.983,0,8.096373,,,QUALIFIED,,0.497742,-0.258328,0.233011,0.865164,FALSE,TRUE,S1_ONLY,no_data,,0.482986529,0.482987,S1_ONLY,0.038973,0.019778,0.034899,0,0.164034,2,MODERATE_CONVERGENCE,4,42,102
17851,696,0.435,0.4353,1.05,2450.602011,1486.168103,-8321.297414,-15789.55029,17.8483,2428,1464,2469,1503,11.3514,4.1287,27.9642,9.8896,3.0673,3012.6664,1,0.0014,0.0209,0.1146,696,0.418918,0.413669,0.072803,1,1,,,,0,0,0.002788,0.000927,0.001265,0.001433,-0.000748,-0.01268,-0.005373,-0.0091,696,1,170.0244,80.4071,0,8.836041,,,QUALIFIED,,0.667504,-0.132806,,,TRUE,FALSE,CPR_ONLY,normal_low,0.528717096,,0.528717,CPR_ONLY,0,0,0.046802,0,0.163295,2,MODERATE_CONVERGENCE,2,43,103
11333,279,0.174375,0.6039,1.05,1599.831541,3525.311828,42657.2957,5479.71147,43.0082,1591,3515,1612,3537,6.5432,2.8746,13.239,5.502,1.9276,-1006.4725,1,0,0.0278,0.1436,279,0.245442,0.239165,0.055335,1,1,,,,0,0,0.00011,0.00178,-1.30E-05,-0.00125,0.003167,-0.011069,-0.006026,-0.010611,279,1,63.3495,86.7715,0,7.379024,,,QUALIFIED,,,,4.495106,,TRUE,FALSE,CPR_ONLY,normal_low,0.287131967,,0.287132,CPR_ONLY,0,0.381542,0,0,0.162448,2,MODERATE_CONVERGENCE,1,44,104
8148,268,0.1675,0.536,1.25,1296.593284,2442.869403,15596.23507,13060.66791,20.3427,1289,2430,1309,2455,5.623,2.4126,13.0209,4.9068,1.5887,-1827.8267,1,0,0.137,0.2931,268,0.362963,0.341127,0.090931,1,1,,,,0,0,0.004146,-0.000816,0.002911,0.002413,0.00991,0.000446,0.002727,0.005008,268,1,33.5851,91.8903,0,2.01634,,,QUALIFIED,,1.196816,0.171075,0.954995,-0.83645,TRUE,FALSE,CPR_ONLY,normal_low,0.450793372,,0.450793,CPR_ONLY,0,0.081059,0.083914,0.024033,0.162244,2,MODERATE_CONVERGENCE,4,46,105
11929,345,0.215625,0.5111,1.08,1667.710145,1472.571014,-8661.224638,3782.746377,9.4506,1657,1460,1682,1487,10.8359,4.9149,25.5346,9.6975,4.1151,-964.9002,1,0.0029,0.3831,0.4376,345,,,,0,0,0.189766,0.195829,0.066642,1,1,0.000543,0.001071,-0.002951,0.000497,0.001527,-0.005279,-0.008158,-0.009774,345,1,121.4156,78.1985,0,12.011479,,,QUALIFIED,,,,4.457105,,FALSE,TRUE,S1_ONLY,no_data,,0.287476263,0.287476,S1_ONLY,0,0.378316,0,0,0.161906,2,MODERATE_CONVERGENCE,1,47,106
18135,389,0.243125,0.4862,1.28,2503.293059,1390.724936,-10707.37661,-17106.82648,20.1816,2491,1372,2516,1404,11.3333,4.5872,27.0059,9.5602,2.7961,2911.9116,1,0.0026,0.0362,0.158,389,0.404161,0.398415,0.081013,1,1,0.095743,0.10791,0.021229,0.061697,0.061697,0.007208,-0.000807,-0.000478,-0.00104,-0.013651,-0.003717,-0.01541,-0.017125,389,1,170.0244,80.4071,0,11.224666,,,QUALIFIED,,1.111959,,,,TRUE,FALSE,CPR_ONLY,normal_low,0.508166289,,0.508166,CPR_ONLY,0,0,0.077965,0,0.160246,2,MODERATE_CONVERGENCE,1,51,107
926,245,0.153125,0.3062,1.28,312.844898,2409.232653,14755.31633,37654.37755,40.4419,302,2395,327,2427,8.1953,3.7695,21.2391,8.3905,3.1279,-52.206,1,0,0.3146,0.4217,245,0.487878,0.372818,0.272066,1,1,0.107709,0.10606,0.020338,1,1,-0.003459,0.000166,0.001195,-0.002308,-0.002827,-0.003737,-0.009997,-0.01643,245,1,-57.4093,73.0638,0,14.959048,,,QUALIFIED,,,2.931381,,,TRUE,TRUE,BOTH,normal_low,0.624751766,0.161203254,0.392978,BOTH,0,0,0,0.4118,0.159073,2,MODERATE_CONVERGENCE,1,53,108
6216,925,0.578125,0.4371,1,1072.934054,1623.629189,-4884.77027,18652.14865,19.2806,1053,1595,1099,1641,6.8895,3.2001,20.8607,5.5866,2.2745,-2089.6633,1,0,0.1067,0.2869,925,0.193695,0.190025,0.034424,1,1,,,,0,0,0.00635,0.00036,-0.003449,-0.003654,0.001288,-0.005358,-0.006135,-0.008205,925,1,33.7027,75.9158,0,13.306624,,,QUALIFIED,,0.943307,,5.159938,,TRUE,FALSE,CPR_ONLY,normal_low,0.215068363,,0.215068,CPR_ONLY,0,0.437972,0.06614,0,0.158729,2,MODERATE_CONVERGENCE,2,54,109
7482,1077,0.673125,0.5178,1.3,1199.150418,2198.669452,9491.236305,15496.73955,18.1721,1176,2180,1228,2220,9.8682,4.544,25.285,8.3515,3.1235,-1141.186,1,0.0019,0.1117,0.2755,1077,0.293489,0.285424,0.053453,1,1,,,,0,0,-0.000568,0.000157,-0.000378,0.000604,0.001015,-0.001966,-0.003063,-0.001737,1077,1,53.7768,91.9349,0,2.928844,,,QUALIFIED,,,,2.936946,,TRUE,FALSE,CPR_ONLY,normal_low,0.354042898,,0.354043,CPR_ONLY,0,0.249286,0,0,0.15607,2,MODERATE_CONVERGENCE,1,59,110
15285,2171,1.356875,0.4907,1.41,2111.994012,2834.368033,25383.70083,-7324.350299,26.4199,2088,2791,2144,2870,10.3315,4.2953,26.3569,8.6385,2.8226,257.7058,1,0.0023,0.0676,0.2286,2171,0.419017,0.406373,0.1086,1,1,0.034299,0.030879,0.011824,1,1,-0.002961,0.001868,-0.001968,-0.000782,0.001294,-0.003997,-0.005896,-0.001923,2171,1,127.1508,86.7202,0,6.26124,,,QUALIFIED,,,,4.088872,,TRUE,TRUE,BOTH,normal_low,0.528854965,0.048236637,0.288546,BOTH,0,0.347061,0,0,0.155976,2,MODERATE_CONVERGENCE,1,60,111
12139,2070,1.29375,0.5947,1,1714.219324,3417.781643,39969.04106,2620.016908,40.0553,1685,3389,1744,3448,10.122,4.7658,23.536,8.9401,3.9739,-1088.8347,1,0,0.0312,0.1455,2070,0.202492,0.171876,0.103167,1,1,,,,0,0,0.002185,0.00142,0.001159,-0.005833,0.000841,-0.001359,-0.006881,0.009838,2070,1,63.3495,86.7715,0,9.005693,,,QUALIFIED,,0.350114,6.032787,,,TRUE,FALSE,CPR_ONLY,normal_low,0.22731919,,0.227319,CPR_ONLY,0,0,0.024548,0.847485,0.155399,2,MODERATE_CONVERGENCE,2,61,112
766,147,0.091875,0.5087,1,264.0340136,1043.70068,-19382.98299,38874.64966,43.4382,256,1035,273,1052,7.7229,4.0602,21.251,7.2059,2.393,-1773.0318,1,0,1,0,147,0.437006,0.391114,0.156066,1,1,0.130964,0.11772,0.048531,1,1,-0.006603,-0.002225,-0.000955,0.003094,0.004168,-0.005657,0.000656,-0.007418,147,1,46.1389,95.783,0,30.759145,,,QUALIFIED,,,,2.357246,,TRUE,TRUE,BOTH,normal_low,0.5539067,0.196989096,0.375448,BOTH,0,0.200081,0,0,0.152651,2,MODERATE_CONVERGENCE,1,63,113
5133,1179,0.736875,0.6408,1.15,947.4274809,2169.375742,8758.893554,21789.81298,23.4841,927,2148,967,2194,11.0466,4.7533,27.0294,9.4473,3.244,-997.6749,1,0.0059,0.1967,0.3687,1179,0.355917,0.350048,0.064042,0.268872,0.268872,,,,0,0,-0.002717,0.000462,0.000181,0.001706,0.003358,-0.000503,-4.40E-05,0.003531,1179,1,53.7768,91.9349,0,9.454761,,,QUALIFIED,,,,1.149792,,TRUE,FALSE,CPR_ONLY,normal_low,0.440981013,,0.440981,CPR_ONLY,0,0.097594,0,0,0.151813,2,MODERATE_CONVERGENCE,1,64,114
7339,138,0.08625,0.697,1.64,1210.731884,3127.173913,32703.84783,15207.2029,36.0669,1205,3119,1216,3137,5.5601,3.028,15.7651,5.0428,2.7489,-1502.2872,1,0,0.0916,0.2291,138,0.283213,0.27759,0.055211,1,1,,,,0,0,0.000956,0.001585,0.000483,0.002753,0.002052,-0.003975,-0.007206,-0.004869,138,1,25.3927,84.5067,0,2.636878,,,QUALIFIED,,,,2.937135,,TRUE,FALSE,CPR_ONLY,normal_low,0.339732395,,0.339732,CPR_ONLY,0,0.249302,0,0,0.15178,2,MODERATE_CONVERGENCE,1,65,115
8482,194,0.12125,0.5105,1.05,1326.902062,2823.448454,25110.71134,12302.94845,27.9629,1318,2815,1337,2835,10.0586,1.9793,16.3945,9.462,1.2662,-1861.4753,1,0,0.0008,0.0115,194,0.279595,0.263961,0.054284,1,1,,,,0,0,0.001194,0.003086,0.001652,0.001126,0.003177,-0.005395,-0.004401,-0.007351,194,1,25.3927,84.5067,0,6.411318,,,QUALIFIED,,-1.58459,0.318402,2.698143,,TRUE,FALSE,CPR_ONLY,normal_low,0.334693917,,0.334694,CPR_ONLY,0,0.229017,0,0.044729,0.150684,2,MODERATE_CONVERGENCE,3,66,116
8908,552,0.345,0.4881,1.34,1374.083333,2540.231884,18030.2971,11123.41667,21.1856,1360,2521,1389,2560,6.861,3.0962,19.0732,5.9411,1.7108,-1855.9241,1,0,0.0646,0.2079,552,0.345415,0.351304,0.079459,1,1,,,,0,0,0.01388,0.013434,0.010831,0.009555,0.010283,0.01247,0.013271,-0.004199,552,1,33.5851,91.8903,0,1.2612,,,QUALIFIED,,0.032133,0.11781,-0.212681,1.316404,TRUE,FALSE,CPR_ONLY,normal_low,0.426355779,,0.426356,CPR_ONLY,0.0593,0,0.002253,0.01655,0.147577,2,MODERATE_CONVERGENCE,4,72,117
8420,208,0.13,0.644,1.12,1326.490385,2468.350962,16233.27404,12313.24038,20.375,1318,2460,1337,2477,7.1875,2.9031,17.9953,6.7088,1.9773,-1761.8613,1,0,0.0506,0.1832,208,0.362676,0.351517,0.073257,1,1,,,,0,0,0.003247,0.002325,0.0013,0.000464,-0.000904,-0.000342,-0.002026,-0.003916,208,1,33.5851,91.8903,0,1.574206,,,QUALIFIED,,0.283954,0.643077,,,TRUE,FALSE,CPR_ONLY,normal_low,0.450393692,,0.450394,CPR_ONLY,0,0,0.019909,0.090339,0.146143,2,MODERATE_CONVERGENCE,2,75,118
3655,441,0.275625,0.5326,1.57,771.0544218,1357.650794,-11534.23016,26199.13946,28.6251,760,1342,783,1378,8.0891,2.7277,17.7915,6.8776,1.5553,-3646.2912,1,0,1,0,441,0.252676,0.246641,0.047321,1,1,0.090353,0.083023,0.030611,1,1,-0.000438,-0.00036,0.001638,-0.000418,0.002636,-0.0072,-0.006606,-0.009241,441,1,-31.9971,79.6277,0,23.246465,,,QUALIFIED,,,1.255189,3.731411,,TRUE,TRUE,BOTH,normal_low,0.297206137,0.134495059,0.215851,BOTH,0,0.31672,0,0.176329,0.145732,2,MODERATE_CONVERGENCE,2,77,119
2298,1045,0.653125,0.5332,1.23,575.2641148,795.3636364,-25591.40909,31093.89713,40.2703,556,770,596,819,10.9836,4.5445,27.6721,9.0287,2.8812,-1328.837,1,0.001,0.994,0.0626,1045,0.34409,0.328188,0.086264,1,1,0.155258,0.159228,0.027879,1,1,0.000694,0.002504,0.005671,0.009828,0.002709,-0.004752,-0.009048,-0.020906,1045,1,80.591,99.4056,0,20.648017,,,QUALIFIED,,,-0.733028,2.754153,,TRUE,TRUE,BOTH,normal_low,0.424510566,0.234373798,0.329442,BOTH,0,0.233771,0,0,0.145587,2,MODERATE_CONVERGENCE,2,78,120
8504,139,0.086875,0.4826,1.12,1334.302158,1500.870504,-7953.73741,12117.94604,14.4944,1327,1494,1345,1510,5.5805,2.398,12.2662,4.803,1.0766,-1920.0394,1,0,0.2506,0.3671,139,,,,0,0,0.062813,0.061562,0.010694,1,1,0.003578,0.000503,0.002084,0.001912,0.001297,-0.007121,-0.005375,-0.001534,139,1,0.5626,56.8385,0,14.024844,,,QUALIFIED,,0.859419,0.082534,6.490362,,FALSE,TRUE,S1_ONLY,no_data,,0.092115266,0.092115,S1_ONLY,0,0.550898,0.060258,0.011594,0.144999,2,MODERATE_CONVERGENCE,3,81,121
8508,170,0.10625,0.5903,1.12,1338.4,2405.241176,14655.52941,12015.5,18.9515,1330,2398,1348,2414,5.9165,2.888,13.1921,4.5922,1.1134,-1610.0009,1,0,0.0762,0.2327,170,0.360501,0.345191,0.0767,1,1,,,,0,0,0.002539,-0.001233,-0.003925,0.000133,-0.000293,-0.00573,-0.009109,-0.019653,170,1,33.5851,91.8903,0,0.784618,,,QUALIFIED,,1.485624,,,,TRUE,FALSE,CPR_ONLY,normal_low,0.447364756,,0.447365,CPR_ONLY,0,0,0.104164,0,0.144626,2,MODERATE_CONVERGENCE,1,82,122
11461,135,0.084375,0.4167,1,1604.703704,3535.555556,42913.38889,5357.907407,43.247,1596,3527,1614,3545,4.3313,2.2392,12.8886,3.2162,0.966,-1018.8999,1,0,0.3899,0.4317,135,0.241582,0.215972,0.079602,1,1,,,,0,0,0.001935,0.002173,0.000844,0.002019,0.003327,-0.008314,-0.005162,-0.011587,135,1,63.3495,86.7715,0,7.736682,,,QUALIFIED,,-0.122997,,3.498948,,TRUE,FALSE,CPR_ONLY,normal_low,0.281756476,,0.281756,CPR_ONLY,0,0.296988,0,0,0.143924,2,MODERATE_CONVERGENCE,2,83,123
12550,239,0.149375,0.4527,1.09,1745.615063,3074.150628,31378.26569,1835.123431,31.4324,1734,3062,1758,3084,5.6362,3.1475,15.206,4.9504,2.5274,-1471.353,1,0,0.0562,0.1913,239,0.162537,0.16111,0.032014,1,1,0.056788,0.060061,0.012691,1,1,0.001051,0.000332,0.002008,-0.012162,-0.000436,0.000328,-0.001802,-0.00064,239,1,66.0189,90.6798,0,7.787209,,,QUALIFIED,,0.68411,7.056773,,,TRUE,TRUE,BOTH,normal_low,0.171677292,0.082843724,0.127261,BOTH,0,0,0.047966,0.991335,0.142108,2,MODERATE_CONVERGENCE,2,87,124
6360,193,0.120625,0.4874,1.22,1117.34715,1122.445596,-17414.3601,17541.82124,24.7172,1105,1115,1127,1133,7.9351,2.5433,16.0224,7.2478,1.2037,-2671.1826,1,0,1,0,193,0.161644,0.15631,0.026328,1,1,,,,0,0,0.005613,0.005515,0.002723,0.003772,0.004289,-0.000105,0.001305,-0.00577,193,1,-14.3965,65.3367,0,22.565917,,,QUALIFIED,,0.017459,-0.385237,1.024481,5.421456,TRUE,FALSE,CPR_ONLY,normal_low,0.170433688,,0.170434,CPR_ONLY,0.244222,0.086957,0.001224,0,0.141911,2,MODERATE_CONVERGENCE,4,88,125
9920,1146,0.71625,0.5301,1.02,1464.746946,2767.735602,23717.89005,8856.826353,25.3179,1446,2742,1492,2789,7.6773,3.1955,27.461,6.7152,2.496,-1741.1597,1,0.0017,0.1155,0.2919,1146,0.231477,0.225846,0.051913,1,1,,,,0,0,0.000929,0.002087,-0.001209,0.002135,0.001414,-0.003669,-0.00376,-0.000822,1086,0.9476,33.5851,91.8903,0,2.740552,,,QUALIFIED,,,,3.594767,,TRUE,FALSE,CPR_ONLY,normal_low,0.267684111,,0.267684,CPR_ONLY,0,0.305121,0,0,0.141329,2,MODERATE_CONVERGENCE,1,89,126
7365,323,0.201875,0.4449,1.5,1217.337461,2368.123839,13727.59598,15042.06347,20.3644,1206,2351,1228,2384,4.4559,2.0262,11.149,3.7764,1.4257,-1811.2424,1,0,0.8196,0.323,323,0.298808,0.277234,0.076586,1,1,,,,0,0,-0.001217,-0.00023,0.001473,0.001886,0.001487,0.002326,0.002517,-0.003399,323,1,86.6499,88.4185,0,3.496069,,,QUALIFIED,,,-0.28038,-0.564223,2.350417,TRUE,FALSE,CPR_ONLY,normal_low,0.361450213,,0.36145,CPR_ONLY,0.10588,0,0,0,0.140199,2,MODERATE_CONVERGENCE,3,90,127
8233,1045,0.653125,0.6273,1.44,1318.622967,2540.347368,18033.18421,12509.92584,21.9477,1293,2524,1342,2558,5.9749,2.758,18.0338,4.8796,1.4991,-1928.963,1,0,0.0583,0.1942,1045,0.316077,0.304453,0.069873,1,1,,,,0,0,0.003527,0.003864,0.002071,-0.001288,0.000644,-0.000785,-0.00174,-0.006602,1045,1,33.5851,91.8903,0,2.202555,,,QUALIFIED,,-0.095549,1.621922,,,TRUE,FALSE,CPR_ONLY,normal_low,0.385499266,,0.385499,CPR_ONLY,0,0,0,0.227847,0.138434,2,MODERATE_CONVERGENCE,2,92,128
7568,161,0.100625,0.4879,1.47,1236.118012,3049.459627,30760.99068,14572.54969,34.0384,1223,3042,1245,3057,5.4826,2.7899,15.269,4.818,1.7095,-1512.2711,1,0,0.6152,0.4425,161,0.252062,0.25357,0.060122,1,1,,,,0,0,0.013829,0.005807,0.003576,0.006514,0.010554,0.007539,0.004824,-0.009539,161,1,25.3927,84.5067,0,4.049228,,,QUALIFIED,,0.580085,-0.821588,0.285674,2.977405,TRUE,FALSE,CPR_ONLY,normal_low,0.296351072,,0.296351,CPR_ONLY,0.134124,0.024248,0.040672,0,0.138059,2,MODERATE_CONVERGENCE,4,93,129
3276,154,0.09625,0.4314,1.24,713.6428571,2272.5,11337,27634.42857,29.8693,704,2265,725,2282,8.1509,4.7378,24.7244,5.4281,1.4842,-2146.4717,1,0,1,0,154,,,,0,0,0.071063,0.071589,0.007122,1,1,0.00419,-0.001913,8.00E-06,-0.001413,0.001972,-0.009177,-0.012405,-0.011635,154,1,40.2924,84.9679,0,15.641611,,,QUALIFIED,,1.456563,,5.653651,,FALSE,TRUE,S1_ONLY,no_data,,0.104810737,0.104811,S1_ONLY,0,0.479878,0.102126,0,0.137632,2,MODERATE_CONVERGENCE,2,94,130
8035,669,0.418125,0.3477,1.41,1270.977578,2677.801196,21469.5299,13701.06054,25.469,1253,2654,1290,2706,4.5248,2.6823,14.8595,3.4928,1.6772,-2062.0214,1,0,0.1633,0.3275,669,0.207474,0.200263,0.03924,1,1,,,,0,0,0.010428,0.006718,0.004869,0.003388,0.004782,-0.012034,-0.001368,-0.001242,669,1,33.5851,91.8903,0,4.957633,,,QUALIFIED,,0.355773,0.304169,3.51652,,TRUE,FALSE,CPR_ONLY,normal_low,0.234257194,,0.234257,CPR_ONLY,0,0.29848,0.024945,0.04273,0.136741,2,MODERATE_CONVERGENCE,3,96,131
14404,166,0.10375,0.6917,1.07,2018.771084,248.6024096,-39260.43976,-4993.777108,39.5763,2011,242,2027,257,5.5118,2.662,16.1947,4.7655,1.6928,-2383.1776,1,0,1,0,166,0.317143,0.319579,0.052926,1,1,,,,0,0,-0.004953,0.00632,0.00495,0.007078,0.007546,-0.000608,-0.006052,-0.010799,166,1,57.7818,98.3332,0,3.625345,,,QUALIFIED,,,-0.429899,1.080572,,TRUE,FALSE,CPR_ONLY,normal_low,0.386983793,,0.386984,CPR_ONLY,0,0.091718,0,0,0.134439,2,MODERATE_CONVERGENCE,2,102,132
8470,870,0.54375,0.4703,1.35,1351.602299,1484.885057,-8353.373563,11685.44253,14.3634,1327,1468,1377,1505,6.6895,2.7192,15.7987,5.5666,1.6307,-1925.6628,1,0,0.0406,0.1541,870,,,,0,0,0.060016,0.058809,0.009552,1,1,0.00383,0.000383,0.000826,0.002575,0.001973,-0.00971,-0.002489,0.00205,870,1,0.5626,56.8385,0,13.930721,,,QUALIFIED,,0.9,,5.921439,,FALSE,TRUE,S1_ONLY,no_data,,0.087811116,0.087811,S1_ONLY,0,0.502608,0.063103,0,0.133175,2,MODERATE_CONVERGENCE,2,106,133
7985,486,0.30375,0.4559,1.58,1276.236626,3052.436214,30835.40535,13569.58436,33.6894,1257,3040,1298,3066,5.8328,2.5582,14.6519,4.9437,1.423,-1528.2529,1,0,0.3502,0.4334,486,0.224809,0.21989,0.040895,1,1,,,,0,0,0.013526,0.00552,0.003312,0.005435,0.008242,0.000151,0.003469,-0.005418,486,1,25.3927,84.5067,0,3.650086,,,QUALIFIED,,0.591897,-0.641002,0.981679,2.561833,TRUE,FALSE,CPR_ONLY,normal_low,0.258398159,,0.258398,CPR_ONLY,0.115404,0.083324,0.041501,0,0.132956,2,MODERATE_CONVERGENCE,4,107,134
9433,349,0.218125,0.5419,1.22,1419.094556,179.5988539,-40985.52865,9998.136103,42.1868,1410,166,1433,194,7.6518,4.557,27.613,6.7562,3.0208,-303.4104,1,0.0086,0.0223,0.1388,349,0.286473,0.275777,0.079156,1,1,,,,0,0,0.009189,0.005508,0.002107,0.002903,0.008071,0.000146,0.002937,0.001077,349,1,124.8132,107.6433,0,2.415057,0.004039,0.001384,QUALIFIED,,0.400588,-0.377788,0.981911,0.633299,TRUE,FALSE,CPR_ONLY,normal_low,0.344272317,,0.344272,CPR_ONLY,0.028528,0.083344,0.028087,0,0.131318,2,MODERATE_CONVERGENCE,4,110,135
7555,415,0.259375,0.4632,1.14,1234.484337,2482.944578,16598.11446,14613.39157,22.1145,1222,2467,1254,2495,10.1522,4.0752,22.657,7.713,2.4603,-1985.8043,1,0,0.5023,0.4525,415,0.292319,0.288358,0.068022,1,1,,,,0,0,0.013068,0.006933,0.005149,0.006948,0.010388,0.003415,0.005132,0.001135,415,1,33.5851,91.8903,0,3.71189,,,QUALIFIED,,0.469467,-0.349388,0.671255,0.778839,TRUE,FALSE,CPR_ONLY,normal_low,0.35241354,,0.352414,CPR_ONLY,0.035085,0.056976,0.032917,0,0.130937,2,MODERATE_CONVERGENCE,4,112,136
8059,591,0.369375,0.5117,1.06,1290.081218,2743.49577,23111.89425,13223.46954,26.6276,1273,2727,1306,2762,7.147,2.8344,19.7609,6.1068,1.8894,-1983.7615,1,0,0.6479,0.4507,591,0.315228,0.298121,0.098539,1,1,,,,0,0,0.022982,0.016025,0.01659,0.021301,0.022378,0.018422,0.019143,0.005313,591,1,33.5851,91.8903,0,5.614713,,,QUALIFIED,,0.302715,-0.283966,0.176781,0.722457,TRUE,FALSE,CPR_ONLY,normal_low,0.384316937,,0.384317,CPR_ONLY,0.032545,0.015005,0.021225,0,0.130182,2,MODERATE_CONVERGENCE,4,115,137
15536,163,0.101875,0.5362,1.19,2157.662577,3120.190184,32529.2546,-8466.064417,33.6135,2151,3111,2167,3130,11.5884,3.862,24.8099,9.7813,1.9468,-310.9634,1,0,0.0775,0.2444,163,0.242815,0.227906,0.056144,1,1,0.055781,0.056223,0.008465,1,1,0.001852,-0.003224,-0.0021,-0.000769,0.002612,-0.005911,-1.00E-05,0.000104,163,1,127.1508,86.7202,0,13.523706,,,QUALIFIED,,2.740821,,3.263017,,TRUE,TRUE,BOTH,normal_low,0.28347357,0.081294107,0.182384,BOTH,0,0.276963,0.192172,0,0.129325,2,MODERATE_CONVERGENCE,2,117,138
9066,200,0.125,0.5682,1.38,1382.165,3212.805,34844.625,10921.375,36.5164,1373,3206,1395,3222,6.2424,4.96,21.5886,5.3776,3.462,-1452.7998,1,0,0.7916,0.3727,200,0.290932,0.25863,0.088095,1,1,,,,0,0,0.000115,-0.001253,0.003971,-0.002742,9.10E-05,-0.001758,-0.000504,-0.003914,200,1,31.5436,77.8519,0,1.908042,,,QUALIFIED,,,1.690506,,,TRUE,FALSE,CPR_ONLY,normal_low,0.350481984,,0.350482,CPR_ONLY,0,0,0,0.237482,0.128893,2,MODERATE_CONVERGENCE,1,118,139
6768,963,0.601875,0.4011,1,1174.104881,1337.967809,-12026.30478,16122.87799,20.1135,1148,1311,1197,1360,8.5464,3.9438,25.0717,7.5731,3.0974,-2054.993,1,0.001,0.0336,0.1458,963,0.321887,0.282721,0.110789,0.169263,0.169263,,,,0,0,-0.001016,0.001539,0.001894,0.000509,-5.20E-05,-0.00445,-0.005205,-0.008636,963,1,-19.4926,68.1002,0,18.809871,,,QUALIFIED,,,0.731257,,,TRUE,FALSE,CPR_ONLY,normal_low,0.393590354,,0.39359,CPR_ONLY,0,0,0,0.102727,0.12835,2,MODERATE_CONVERGENCE,1,120,140
902,270,0.16875,0.5114,1.09,307.4962963,1046.681481,-19308.46296,37788.09259,42.4347,296,1033,318,1057,6.8499,4.0584,21.7667,5.864,3.6745,-1797.0701,1,0,1,0,270,0.344166,0.313112,0.14374,0.985185,0.985185,0.160857,0.158263,0.020213,1,1,-0.004463,0.003741,0.001938,-0.001783,0.000417,-0.020038,-0.025427,-0.043189,270,1,46.1389,95.783,0,29.972414,,,QUALIFIED,,,1.920021,,,TRUE,TRUE,BOTH,normal_low,0.424616404,0.242989791,0.333803,BOTH,0,0,0,0.269724,0.127113,2,MODERATE_CONVERGENCE,1,123,141
10371,374,0.23375,0.487,1.33,1491.959893,3137.473262,32961.33155,8176.502674,33.9607,1480,3120,1504,3152,8.1287,3.3631,19.6098,7.1534,2.9865,-1554.8963,1,0,0.3181,0.4244,374,0.322402,0.306034,0.097274,1,1,,,,0,0,0.009264,0.002486,0.001617,0.001724,0.00191,0.001528,-0.001654,-0.001529,374,1,25.3927,84.5067,0,5.092703,,,QUALIFIED,,0.731649,-0.066172,0.2,,TRUE,FALSE,CPR_ONLY,normal_low,0.39430755,,0.394308,CPR_ONLY,0,0.016976,0.051299,0,0.126818,2,MODERATE_CONVERGENCE,3,124,142
3202,927,0.579375,0.5303,1.21,703.0809061,2164.629989,8640.24973,27898.47735,29.2055,682,2142,720,2188,6.8323,4.1577,22.723,5.0764,2.5661,-2129.9257,1,0,1,0,927,,,,0,0,0.085671,0.082636,0.020314,1,1,0.005099,0.002092,0.002424,0.001086,0.001834,-0.006127,-0.006718,-0.012135,927,1,40.2924,84.9679,0,15.636516,,,QUALIFIED,,0.589723,0.55198,4.340785,,FALSE,TRUE,S1_ONLY,no_data,,0.127290186,0.12729,S1_ONLY,0,0.368443,0.041348,0.077542,0.123765,2,MODERATE_CONVERGENCE,3,132,143
7291,184,0.115,0.5974,1.57,1200.902174,2951.516304,28312.40761,15452.94565,32.2552,1194,2940,1208,2962,9.4025,4.8412,23.6678,8.6409,4.1984,-1700.8739,1,0,0.2107,0.3856,184,0.309899,0.263833,0.124677,1,1,,,,0,0,0.004676,-0.002294,-0.000938,-0.000133,-0.002324,-0.007681,-0.005904,0.009559,184,1,25.3927,84.5067,0,6.609179,,,QUALIFIED,,1.49059,,,,TRUE,FALSE,CPR_ONLY,normal_low,0.376895696,,0.376896,CPR_ONLY,0,0,0.104512,0,0.12352,2,MODERATE_CONVERGENCE,1,133,144
3520,682,0.42625,0.5116,1.39,746.1935484,1429.633431,-9734.664223,26820.66129,28.532,731,1412,762,1455,5.2865,4.3992,29.7657,4.0346,2.3426,-3526.4591,1,0.0015,1,0,682,0.203895,0.192466,0.047866,1,1,0.084922,0.082628,0.012294,1,1,0.006368,0.003265,0.002759,0.001505,0.00265,0.001933,0.001104,-0.003436,682,1,-31.9971,79.6277,0,22.119251,,,QUALIFIED,,0.48728,0.454513,0.270566,4.112319,TRUE,TRUE,BOTH,normal_low,0.229273028,0.126137591,0.177705,BOTH,0.185249,0.022965,0.034165,0.06385,0.123281,2,MODERATE_CONVERGENCE,4,134,145
5078,506,0.31625,0.5163,1.25,939.3517787,2119.286561,7506.664032,21991.70553,23.2373,922,2103,950,2138,9.1,4.1425,23.0357,7.6896,2.4294,-877.3634,1,0,0.2729,0.3828,506,0.274989,0.2671,0.049549,0.369565,0.369565,,,,0,0,-0.001103,0.001812,0.000169,0.002091,0.003302,-0.00116,-0.005072,0.007601,506,1,53.7768,91.9349,0,9.875791,,,QUALIFIED,,,,1.351302,,TRUE,FALSE,CPR_ONLY,normal_low,0.328279537,,0.32828,CPR_ONLY,0,0.114698,0,0,0.121424,2,MODERATE_CONVERGENCE,1,138,146
17418,285,0.178125,0.4766,1.13,2410.796491,2578.466667,18986.16667,-14794.41228,24.0704,2399,2567,2422,2593,5.7957,3.0317,17.7078,4.6772,1.5372,2168.2998,1,0,0.0929,0.2344,285,0.349157,0.338796,0.086467,1,1,0.109392,0.103657,0.023989,1,1,-0.002048,-0.000835,0.00256,-0.000909,0.002872,0.000918,-0.003421,-0.000747,285,1,206.9462,82.5201,0,3.096974,,,QUALIFIED,,,1.355078,0.680362,,TRUE,TRUE,BOTH,normal_low,0.431566942,0.16379313,0.29768,BOTH,0,0.057749,0,0.190361,0.11989,2,MODERATE_CONVERGENCE,2,143,147
8961,2351,1.469375,0.3769,1.05,1350.678009,2613.53977,19862.99426,11708.54977,23.0573,1313,2567,1390,2648,5.9976,2.2289,15.3493,4.8134,1.262,-1974.2357,1,0,0.0457,0.1867,2351,0.222346,0.217988,0.04122,1,1,,,,0,0,0.001484,0.005158,0.002485,0.002293,0.001287,-0.001852,-0.001388,-0.006047,2351,1,33.5851,91.8903,0,2.45204,,,QUALIFIED,,-2.475741,0.077264,2.439005,,TRUE,FALSE,CPR_ONLY,normal_low,0.254968151,,0.254968,CPR_ONLY,0,0.207021,0,0.010854,0.11898,2,MODERATE_CONVERGENCE,3,145,148
20143,213,0.133125,0.5605,1.05,2714.384977,684.7042254,-28357.89437,-22384.12441,36.1277,2705,674,2725,693,7.5554,3.184,19.6372,6.9643,2.0626,-4419.5632,1,0,0.1474,0.2847,213,0.504656,0.488188,0.118352,1,1,0.025513,0.024264,0.00318,1,1,0.000727,0.002079,0.002992,0.001727,0.004671,0.002041,-0.01046,-0.010881,213,1,-42.3675,82.1954,0,0.175,,,QUALIFIED,,,0.422794,0.563049,,TRUE,TRUE,BOTH,typical,0.648117046,0.034716345,0.341417,BOTH,0,0.047791,0,0.059394,0.117923,2,MODERATE_CONVERGENCE,2,147,149
8544,233,0.145625,0.5201,1.75,1346.527897,2384.16309,14128.57725,11812.30258,18.416,1334,2377,1362,2393,5.2817,3.4874,22.6431,4.0122,1.6711,-1581.6452,1,0,0.2474,0.369,233,0.405276,0.38534,0.119971,1,1,0.042547,0.040346,0.004368,0.103004,0.103004,0.0028,0.001827,-0.000605,-0.002376,0.001241,-0.000908,-0.007084,-0.008882,233,1,86.6499,88.4185,0,0.328824,,,QUALIFIED,,0.3475,,1.731668,,TRUE,TRUE,BOTH,normal_low,0.509719054,0.060929032,0.285324,BOTH,0,0.146983,0.024365,0,0.11743,2,MODERATE_CONVERGENCE,2,150,150
8312,862,0.53875,0.5282,1.41,1301.924594,2563.923434,18622.58585,12927.38515,22.6699,1288,2541,1322,2589,6.1404,3.2859,19.8407,4.9706,2.2318,-1979.7014,1,0,0.0668,0.2022,862,0.2626,0.257235,0.04877,1,1,,,,0,0,0.013901,0.005633,0.00596,0.00498,0.005728,0.005221,0.004163,-0.000767,862,1,33.5851,91.8903,0,2.907426,,,QUALIFIED,,0.594777,0.16443,0.088513,1.184242,TRUE,FALSE,CPR_ONLY,normal_low,0.31102644,,0.311026,CPR_ONLY,0.053347,0.007513,0.041703,0.023099,0.117295,2,MODERATE_CONVERGENCE,4,151,151
9247,300,0.1875,0.5929,1.05,1393.856667,2550.333333,18282.83333,10629.08333,21.1482,1384,2539,1406,2562,7.6424,3.2726,17.1351,6.8499,2.0435,-1863.5165,1,0,0.0123,0.0793,300,0.257553,0.248151,0.05519,1,1,0.029448,0.030161,0.00505,0.38,0.38,0.001147,-0.001759,0.002199,-0.005124,-0.002383,-0.002097,-0.005744,-0.009158,300,1,33.5851,91.8903,0,1.02774,,,QUALIFIED,,2.533566,3.33015,,,TRUE,TRUE,BOTH,normal_low,0.303997917,0.0407717,0.172385,BOTH,0,0,0.17764,0.467819,0.116261,2,MODERATE_CONVERGENCE,2,155,152
7543,465,0.290625,0.4286,1.13,1217.04086,3102.63871,32090.46774,15049.47849,35.4444,1204,3085,1235,3120,10.2481,3.2559,18.7243,8.7595,2.249,-1436.9388,1,0,0,0,465,0.256426,0.253089,0.036682,1,1,,,,0,0,0.002096,0.001027,0.001384,0.003287,0.007033,-0.001889,-0.002485,-0.003101,465,1,25.3927,84.5067,0,2.910004,,,QUALIFIED,,0.510019,-1.375,1.268591,,TRUE,FALSE,CPR_ONLY,normal_low,0.30242844,,0.302428,CPR_ONLY,0,0.107677,0.03576,0,0.11584,2,MODERATE_CONVERGENCE,3,157,153
7459,768,0.48,0.6019,1.52,1220.729167,2556.799479,18444.48698,14957.27083,23.7471,1200,2542,1244,2571,5.144,4.2043,25.143,3.9672,2.5471,-2030.54,1,0.0013,0.726,0.3922,768,0.278449,0.273597,0.048161,1,1,,,,0,0,0.005235,0.000948,0.002014,0.001644,0.001692,0.001189,-0.00373,0.000578,768,1,33.5851,91.8903,0,4.533555,,,QUALIFIED,,0.818911,0.183714,0.297281,,TRUE,FALSE,CPR_ONLY,normal_low,0.333097981,,0.333098,CPR_ONLY,0,0.025233,0.057418,0.025808,0.113299,2,MODERATE_CONVERGENCE,3,168,154
16797,163,0.101875,0.6128,1.36,2330.147239,352.4846626,-36663.38344,-12778.18098,38.826,2321,347,2340,361,11.6876,3.4193,24.0204,9.6349,1.4391,183.1838,1,0,0.0282,0.1235,163,0.261932,0.240132,0.079808,1,1,0.056303,0.055959,0.008141,1,1,0.003818,-2.30E-05,-0.002492,-0.001344,0.002917,-0.00514,-0.00065,-0.004235,163,1,57.7818,98.3332,0,6.759068,,,QUALIFIED,,1.006024,,2.762084,,TRUE,TRUE,BOTH,normal_low,0.310096174,0.082097384,0.196097,BOTH,0,0.234444,0.070537,0,0.112772,2,MODERATE_CONVERGENCE,2,170,155
15357,478,0.29875,0.5207,1.26,2139.901674,3210.675732,34791.39331,-8022.041841,35.7049,2122,3198,2156,3225,6.5621,3.3552,20.7361,5.2207,1.7504,-426.9688,1,0,0.1185,0.2797,478,0.378751,0.383956,0.102199,1,1,0.059537,0.056776,0.01607,1,1,0.000516,-0.003158,-0.001637,0.000936,0.000313,-0.003789,0.001603,-0.001759,478,1,71.5812,82.9217,0,15.03024,,,QUALIFIED,,,,,2.097318,TRUE,TRUE,BOTH,normal_low,0.472779964,0.087074009,0.279927,BOTH,0.094479,0,0,0,0.112322,2,MODERATE_CONVERGENCE,1,171,156
7472,956,0.5975,0.5085,1.18,1214.996862,2749.920502,23272.51255,15100.57845,27.7425,1195,2725,1235,2772,5.6437,3.1048,16.8505,4.6794,2.2624,-2052.9447,1,0,0.4658,0.4306,956,0.272811,0.269528,0.042199,1,1,,,,0,0,0.000741,0.002449,0.001396,-4.40E-05,-0.000687,-0.011648,-0.002012,-0.003321,956,1,33.5851,91.8903,0,7.088591,,,QUALIFIED,,,1.031519,,,TRUE,FALSE,CPR_ONLY,normal_low,0.325246423,,0.325246,CPR_ONLY,0,0,0,0.144908,0.112065,2,MODERATE_CONVERGENCE,1,173,157
12265,402,0.25125,0.4351,1.18,1709.726368,3365.604478,38664.61194,2732.340796,38.7615,1693,3352,1726,3380,5.2147,2.8608,13.0721,4.8107,2.3123,-1034.3977,1,0,0.0665,0.2189,402,0.186663,0.17764,0.047666,1,1,,,,0,0,0.001844,0.000329,0.002352,-0.004271,0.003737,0.002692,-0.007568,0.021299,402,1,63.3495,86.7715,0,9.173058,,,QUALIFIED,,0.821584,2.815901,0.279636,,TRUE,FALSE,CPR_ONLY,normal_low,0.205275501,,0.205276,CPR_ONLY,0,0.023735,0.057605,0.395578,0.111648,2,MODERATE_CONVERGENCE,3,175,158
9250,443,0.276875,0.6204,1.62,1404.566591,175.8465011,-41079.33747,10361.33521,42.3653,1394,162,1415,196,8.7874,3.491,24.6647,7.8578,2.7457,-274.7752,1,0,0.01,0.0662,443,0.231849,0.215036,0.094841,1,1,,,,0,0,0.009488,0.00967,0.003081,0.004683,0.005922,-0.004812,0.001093,0.005481,443,1,124.8132,107.6433,0,2.435416,0.003919,0.001689,QUALIFIED,,-0.019182,-0.519961,1.812563,-4.014639,TRUE,FALSE,CPR_ONLY,normal_low,0.268202163,,0.268202,CPR_ONLY,0,0.153849,0,0,0.11123,2,MODERATE_CONVERGENCE,4,177,159
6750,295,0.184375,0.439,1.17,1153.525424,1913.911864,2372.29661,16637.36441,16.8052,1140,1903,1168,1927,5.2935,3.1127,16.85,4.7551,2.3508,-851.874,1,0,0.3287,0.4013,295,0.252555,0.241078,0.055311,1,1,,,,0,0,0.013485,0.007639,0.003849,0.004291,0.001993,-0.000174,-0.006329,-0.010713,295,1,33.7027,75.9158,0,6.452955,,,QUALIFIED,,0.433519,-0.114835,1.087306,,TRUE,FALSE,CPR_ONLY,normal_low,0.297037631,,0.297038,CPR_ONLY,0,0.09229,0.030396,0,0.110609,2,MODERATE_CONVERGENCE,3,182,160
9720,229,0.143125,0.5783,1.22,1432.755459,2945.310044,28157.25109,9656.613537,29.7674,1423,2937,1445,2955,8.243,3.9477,19.2514,6.9285,2.6026,-2107.041,1,0,1,0,229,0.24346,0.258017,0.079015,1,1,,,,0,0,0.00377,0.003094,0.002524,0.002585,0.003993,-0.001523,-0.002329,0.006058,229,1,25.3927,84.5067,0,6.756895,,,QUALIFIED,,0.17931,-0.024168,1.381417,,TRUE,FALSE,CPR_ONLY,normal_low,0.284371806,,0.284372,CPR_ONLY,0,0.117254,0.012572,0,0.11002,2,MODERATE_CONVERGENCE,3,186,161
270,290,0.18125,0.3699,1,114.7344828,2273.055172,11350.87931,42607.13793,44.0928,101,2258,129,2286,6.2766,3.4999,20.6046,5.4607,2.6566,-310.3623,1,0,0.0052,0.0575,290,0.423646,0.443276,0.201196,1,1,0.069227,0.065707,0.011444,1,1,0.00066,0.002018,0.002152,-5.70E-05,-0.000127,0.001497,-0.005731,-0.005618,290,1,67.2511,77.9602,0,19.995031,,,QUALIFIED,,,1.026487,,,TRUE,TRUE,BOTH,normal_low,0.535301376,0.101985418,0.318643,BOTH,0,0,0,0.144201,0.110013,2,MODERATE_CONVERGENCE,1,187,162
292,803,0.501875,0.4499,1.46,106.7484433,2281.43213,11560.30324,42806.78892,44.3399,92,2254,127,2305,9.1139,2.8238,21.5889,8.0967,1.8137,-343.9464,1,0,0.0053,0.0566,803,0.388239,0.36768,0.16521,1,1,0.07619,0.072744,0.015314,1,1,0.001171,0.001841,0.001418,-0.000501,-0.002405,0.001188,-0.007835,-0.012449,803,1,67.2511,77.9602,0,19.519381,,,QUALIFIED,,-0.572161,1.353315,,,TRUE,TRUE,BOTH,normal_low,0.485993087,0.112700396,0.299347,BOTH,0,0,0,0.190114,0.108815,2,MODERATE_CONVERGENCE,2,192,163
7306,1027,0.641875,0.3224,1.33,1186.616358,2351.411879,13309.79698,15810.09104,20.6666,1151,2326,1216,2375,8.2604,3.0117,19.543,6.9798,1.8796,-1840.7608,1,0,0.621,0.4422,1027,0.237728,0.234704,0.046716,1,1,,,,0,0,0.000284,-0.00033,-0.000682,0.001191,0.002248,-0.001061,-0.000795,0.000773,1027,1,53.7768,91.9349,0,3.702026,,,QUALIFIED,,,,1.471975,,TRUE,FALSE,CPR_ONLY,normal_low,0.276389341,,0.276389,CPR_ONLY,0,0.12494,0,0,0.107905,2,MODERATE_CONVERGENCE,1,195,164
19946,323,0.201875,0.5176,1.08,2690.659443,2716.287926,22431.69814,-21790.98607,31.2741,2680,2706,2704,2732,9.712,4.331,21.7033,8.6774,2.9986,2339.8388,1,0,0.0903,0.2607,323,0.26242,0.255098,0.049837,1,1,0.107971,0.103703,0.023636,1,1,-0.000885,-0.001397,0.000238,-0.002285,0.001929,-0.002247,-0.005396,-0.003136,323,1,206.9462,82.5201,0,7.915531,,,QUALIFIED,,,,2.164852,,TRUE,TRUE,BOTH,normal_low,0.31077577,0.161606431,0.236191,BOTH,0,0.183751,0,0,0.107608,2,MODERATE_CONVERGENCE,1,196,165
11110,1381,0.863125,0.5384,1.27,1583.150615,2879.773353,26518.83382,5896.734613,27.1669,1560,2856,1605,2913,5.5559,2.8697,24.5609,4.4709,1.8654,-1919.4093,1,0,0.1564,0.3262,1381,0.191528,0.190082,0.042099,0.233888,0.233888,,,,0,0,0.001459,-0.00149,0.001245,-0.001368,0.000112,0.001366,-0.001734,0.001347,1381,1,25.3927,84.5067,0,2.784107,,,QUALIFIED,,2.021247,2.098795,,,TRUE,FALSE,CPR_ONLY,normal_low,0.212050569,,0.212051,CPR_ONLY,0,0,0.141719,0.294839,0.107271,2,MODERATE_CONVERGENCE,2,198,166
5540,531,0.331875,0.5175,1.41,1015.693032,1237.220339,-14544.99153,20083.1742,24.7963,998,1227,1036,1254,5.2636,3.406,19.3275,4.5519,2.4063,-2412.4025,1,0,0.638,0.4523,531,0.21829,0.203809,0.07146,1,1,,,,0,0,-0.000746,-0.000462,0.00186,-0.000467,0.005017,0.000806,-0.00172,-0.00341,531,1,-19.4926,68.1002,0,22.796847,,,QUALIFIED,,,1.251075,0.839346,,TRUE,FALSE,CPR_ONLY,normal_low,0.249319708,,0.24932,CPR_ONLY,0,0.071243,0,0.175751,0.10662,2,MODERATE_CONVERGENCE,2,205,167
8592,1160,0.725,0.4158,1.38,1338.098276,2655.575862,20913.89655,12023.0431,24.1237,1308,2637,1370,2682,4.342,1.7656,12.9219,3.6346,1.0533,-1998.9813,1,0,0.0788,0.2276,1160,0.206063,0.202622,0.033097,1,1,,,,0,0,0.001907,0.005321,0.002193,0.001465,0.002405,-0.002156,-0.002754,-0.011857,1160,1,33.5851,91.8903,0,3.110567,,,QUALIFIED,,-1.790246,0.331965,1.896466,,TRUE,FALSE,CPR_ONLY,normal_low,0.232292215,,0.232292,CPR_ONLY,0,0.160971,0,0.046634,0.106545,2,MODERATE_CONVERGENCE,3,206,168
15527,264,0.165,0.5029,1.19,2148.310606,2818.045455,24975.63636,-8232.265152,26.298,2138,2806,2159,2831,5.659,4.1252,21.2407,4.3728,2.0689,335.9362,1,0,0.0668,0.2077,264,0.398781,0.385161,0.086725,1,1,0.002953,0.002878,0.000569,0.901515,0.901515,-0.002336,-0.000199,0.001743,-0.002143,-0.001948,-0.003991,-0.004846,-0.007786,264,1,127.1508,86.7202,0,6.966437,,,QUALIFIED,,,2.229489,,,TRUE,TRUE,BOTH,normal_low,0.500674025,0,0.250337,BOTH,0,0,0,0.313198,0.106421,2,MODERATE_CONVERGENCE,1,208,169
15777,144,0.09,0.5275,1.62,2185.597222,1160.388889,-16465.77778,-9164.430556,18.8441,2175,1154,2196,1167,8.548,4.0693,23.223,8.2349,2.9803,2754.1628,1,0,0.0739,0.2086,144,0.367226,0.364195,0.067508,1,1,0.026259,0.026445,0.002676,1,1,0.013281,0.00698,0.002434,0.005057,0.009671,0.007534,0.00357,-0.003057,144,1,202.389,88.4478,0,16.225982,,,QUALIFIED,,0.474437,-1.07765,0.22097,1.856303,TRUE,TRUE,BOTH,normal_low,0.456730086,0.035864323,0.246297,BOTH,0.083621,0.018756,0.033265,0,0.106053,2,MODERATE_CONVERGENCE,4,210,170
7521,144,0.09,0.5414,1.36,1223.423611,2320.611111,12539.77778,14889.90972,19.4667,1215,2313,1234,2327,11.3614,4.6049,29.1674,9.3391,2.1073,-1693.6075,1,0.0208,0.2067,0.3495,144,0.267269,0.264929,0.070246,1,1,,,,0,0,0.004636,0.007443,0.01023,0.008675,0.011971,0.013017,0.01055,0.004212,144,1,86.6499,88.4185,0,3.05655,,,QUALIFIED,,-0.605479,0.152004,-0.087378,0.600758,TRUE,FALSE,CPR_ONLY,normal_low,0.317528556,,0.317529,CPR_ONLY,0.027063,0,0,0.021354,0.105513,2,MODERATE_CONVERGENCE,4,214,171
6837,261,0.163125,0.4531,2.25,1160.544061,1380.97318,-10951.1705,16461.89847,19.7711,1144,1374,1180,1390,8.2695,3.6784,17.103,7.24,2.6369,-2255.5402,1,0,0.9261,0.2309,261,0.196162,0.193376,0.041693,0.996169,0.996169,,,,0,0,-0.001306,0.002415,0.001973,-0.003595,0.00018,-0.004231,-0.005782,-0.011607,261,1,-19.4926,68.1002,0,18.314014,,,QUALIFIED,,,2.822098,,,TRUE,FALSE,CPR_ONLY,normal_low,0.218503942,,0.218504,CPR_ONLY,0,0,0,0.396448,0.105196,2,MODERATE_CONVERGENCE,1,218,172
3248,912,0.57,0.4833,1.38,714.5723684,2299.123904,12002.59759,27611.19079,30.1069,689,2280,740,2317,7.3865,4.3686,24.0292,5.0587,1.8564,-2151.1568,1,0,1,0,912,,,,0,0,0.067948,0.067183,0.010618,1,1,0.004137,-0.001555,0.001147,0.001773,0.002384,-0.006798,-0.009534,-0.011147,912,1,40.2924,84.9679,0,15.302471,,,QUALIFIED,,1.375876,-0.545772,3.85151,,FALSE,TRUE,S1_ONLY,no_data,,0.100017235,0.100017,S1_ONLY,0,0.326914,0.096469,0,0.105035,2,MODERATE_CONVERGENCE,3,221,173
8664,2167,1.354375,0.3803,1.04,1351.130595,2565.875404,18671.38509,11697.23512,22.033,1314,2528,1388,2605,6.4451,3.1173,20.4035,5.2082,1.9805,-1929.8689,1,0,0.0452,0.1738,2167,0.264316,0.250887,0.07034,1,1,,,,0,0,0.002189,0.002952,0.00401,0.000906,0.000383,-0.003121,-0.001695,-0.003876,2167,1,33.5851,91.8903,0,1.60507,,,QUALIFIED,,-0.348561,0.774065,,,TRUE,FALSE,CPR_ONLY,normal_low,0.313416166,,0.313416,CPR_ONLY,0,0,0,0.108741,0.104899,2,MODERATE_CONVERGENCE,2,222,174
7039,431,0.269375,0.5308,1.04,1182.607889,2164.656613,8640.915313,15910.30278,18.1051,1171,2152,1199,2181,5.9919,3.4121,19.5096,5.1,2.1356,-1107.2923,1,0,0.144,0.3136,431,0.238745,0.231205,0.045653,1,1,,,,0,0,0.00084,-0.001108,7.80E-05,0,0.00594,-0.001566,0.001264,0.003668,431,1,53.7768,91.9349,0,3.726258,,,QUALIFIED,,,,1.263636,-1.901899,TRUE,FALSE,CPR_ONLY,normal_low,0.27780563,,0.277806,CPR_ONLY,0,0.107257,0,0,0.104793,2,MODERATE_CONVERGENCE,2,224,175
6676,210,0.13125,0.56,1.67,1142.695238,1502.195238,-7920.619048,16908.11905,18.6707,1131,1496,1156,1511,6.4302,2.3274,12.9479,5.6388,2.0807,-2157.4206,1,0,0.0933,0.2366,210,0.194879,0.182701,0.054078,1,1,,,,0,0,0.005714,0.002628,-0.000485,-0.003949,0.002111,-0.002275,-0.004577,-0.005841,210,1,-19.4926,68.1002,0,15.637975,,,QUALIFIED,,0.540077,,2.077688,,TRUE,FALSE,CPR_ONLY,normal_low,0.216717219,,0.216717,CPR_ONLY,0,0.176353,0.037867,0,0.104072,2,MODERATE_CONVERGENCE,2,228,176
6590,875,0.546875,0.5227,2.3,1143.806857,2342.523429,13087.58571,16880.32857,21.3595,1115,2328,1177,2355,9.1852,3.4237,26.1204,7.6557,2.1075,-1829.9774,1,0.0034,0.4001,0.4425,875,0.237398,0.233141,0.043256,1,1,0.045712,0.045712,0,0.002286,0.002286,0.005972,0.001351,0.001057,0.00249,0.004067,0.000605,-0.006349,-0.002201,875,1,53.7768,91.9349,0,4.604142,,,QUALIFIED,,0.773778,-1.355724,0.851242,,TRUE,FALSE,CPR_ONLY,normal_low,0.275929779,,0.27593,CPR_ONLY,0,0.072253,0.054253,0,0.102655,2,MODERATE_CONVERGENCE,3,235,177
6437,4090,2.55625,0.4821,1.2,1110.792176,1485.506112,-8337.847188,17705.6956,19.57,1060,1444,1161,1528,8.3022,4.3449,28.8073,6.967,3.3385,-2230.1276,1,0.0049,0.0821,0.237,4090,0.190981,0.1783,0.055598,1,1,,,,0,0,0.005148,0.00373,0.00265,0.000791,0.002987,-0.001838,-0.000482,-0.005595,4090,1,-19.4926,68.1002,0,15.426033,,,QUALIFIED,,0.275447,0.701509,1.615333,,TRUE,FALSE,CPR_ONLY,normal_low,0.211288809,,0.211289,CPR_ONLY,0,0.137108,0.019313,0.098548,0.102594,2,MODERATE_CONVERGENCE,3,236,178
10113,608,0.38,0.5714,1.36,1471.685855,2913.470395,27361.25987,8683.353618,28.7064,1458,2896,1486,2934,6.0996,3.0798,14.9156,4.9443,2.1173,-2060.0578,1,0,0.7782,0.3891,608,0.233697,0.228476,0.04985,1,1,,,,0,0,-0.000378,0.003619,3.30E-05,-0.000329,0.001376,-0.000337,-0.003786,3.90E-05,608,1,25.3927,84.5067,0,5.321713,,,QUALIFIED,,,,1.244913,,TRUE,FALSE,CPR_ONLY,normal_low,0.270775714,,0.270776,CPR_ONLY,0,0.105667,0,0,0.102366,2,MODERATE_CONVERGENCE,1,240,179
9174,194,0.12125,0.7132,1.06,1391.206186,2629.701031,20267.02577,10695.34536,22.9162,1384,2623,1401,2639,3.8163,1.677,8.5024,3.4585,0.7343,-1931.9986,1,0,0.0507,0.1714,194,0.248465,0.25231,0.045385,1,1,,,,0,0,-0.000721,0.000198,0.001613,-5.90E-05,-0.000794,-0.004206,-0.005818,-0.005218,194,1,33.5851,91.8903,0,2.191603,,,QUALIFIED,,,1.036578,,,TRUE,FALSE,CPR_ONLY,normal_low,0.291341839,,0.291342,CPR_ONLY,0,0,0,0.145618,0.101964,2,MODERATE_CONVERGENCE,1,242,180
9221,2751,1.719375,0.3541,1.42,1417.26972,2558.533988,18487.84969,10043.757,21.0401,1379,2503,1453,2608,8.7458,3.5283,26.9163,7.3667,2.6652,-1828.2598,1,0.0011,0.0282,0.1443,2751,0.28683,0.27254,0.081264,1,1,0.027146,0.025605,0.006627,0.810978,0.810978,0.001384,0.000147,0.001189,-0.00206,-9.80E-05,-0.002949,-0.007473,-0.008298,2728,0.9916,33.5851,91.8903,0,0.035355,0.00444,0.00444,QUALIFIED,,0.893786,2.732548,,,TRUE,TRUE,BOTH,normal_low,0.344769481,0.037229279,0.190999,BOTH,0,0,0.062667,0.383868,0.101953,2,MODERATE_CONVERGENCE,2,243,181
23149,310,0.19375,0.6526,1.32,3049.164516,1542.832258,-6904.693548,-30753.6129,31.5196,3041,1532,3060,1557,7.6939,3.5486,17.109,7.0849,2.2502,-1708.2741,1,0,0.0308,0.1339,310,0.225396,0.223663,0.03309,1,1,0.090047,0.06119,0.077495,1,1,0.002224,-4.50E-05,0.000579,0.002351,0.001329,-0.001462,-0.00112,-0.003086,310,1,62.9466,93.772,0,5.728274,,,QUALIFIED,,1.020234,,2.100075,,TRUE,TRUE,BOTH,normal_low,0.259215624,0.134024172,0.19662,BOTH,0,0.178253,0.071533,0,0.10179,2,MODERATE_CONVERGENCE,2,244,182
6839,453,0.283125,0.5968,1.43,1165.260486,2361.247241,13555.68102,16343.98786,21.2339,1150,2352,1183,2375,5.1351,2.3915,12.1572,4.5326,1.7606,-1882.5522,1,0,0.9276,0.2216,453,0.237633,0.219638,0.071925,1,1,,,,0,0,0.000768,0.000571,-0.000388,0.000143,0.007423,-0.000643,-0.007406,0.005997,453,1,53.7768,91.9349,0,4.487831,,,QUALIFIED,,,,1.086623,,TRUE,FALSE,CPR_ONLY,normal_low,0.276257043,,0.276257,CPR_ONLY,0,0.092232,0,0,0.101324,2,MODERATE_CONVERGENCE,1,247,183
7098,581,0.363125,0.4932,1.23,1181.592083,1520.709122,-7457.771945,15935.69793,17.5938,1164,1507,1202,1538,5.4237,2.4771,14.5297,4.3633,1.3466,-2133.9128,1,0,0.0887,0.2352,581,0.169527,0.167786,0.024437,1,1,,,,0,0,0.020045,0.00335,0.00311,0.004618,0.000915,0.004373,0.001818,-0.003697,581,1,-19.4926,68.1002,0,14.760166,,,QUALIFIED,,0.832876,-0.484887,,3.033553,TRUE,FALSE,CPR_ONLY,normal_low,0.181411665,,0.181412,CPR_ONLY,0.136653,0,0.058397,0,0.101259,2,MODERATE_CONVERGENCE,3,248,184
6687,769,0.480625,0.3715,1.02,1147.053316,1337.751625,-12031.70936,16799.1671,20.6627,1130,1317,1175,1363,7.2646,2.1795,14.6386,6.2603,1.5947,-2100.3352,1,0,0.2018,0.3688,769,0.248917,0.231416,0.079168,0.806242,0.806242,,,,0,0,-0.000499,-0.002161,0.001512,4.70E-05,0.000562,-0.00217,-0.00452,-0.005839,769,1,-19.4926,68.1002,0,19.138508,,,QUALIFIED,,,0.968915,,,TRUE,FALSE,CPR_ONLY,normal_low,0.291971301,,0.291971,CPR_ONLY,0,0,0,0.136113,0.101203,2,MODERATE_CONVERGENCE,1,249,185
9803,474,0.29625,0.5097,1.03,1448.327004,2893.567511,26863.68776,9267.324895,28.4176,1433,2878,1463,2909,3.824,1.9939,13.9372,3.2907,1.3309,-2035.3625,1,0,0.6412,0.4158,474,0.209076,0.209201,0.052754,1,1,,,,0,0,0.003224,0.00217,0.00015,0.000714,0.003309,-0.002137,-0.003063,-0.003904,474,1,25.3927,84.5067,0,5.249762,,,QUALIFIED,,0.326923,,1.645814,,TRUE,FALSE,CPR_ONLY,normal_low,0.236488161,,0.236488,CPR_ONLY,0,0.139696,0.022922,0,0.101178,2,MODERATE_CONVERGENCE,2,250,186
11301,660,0.4125,0.5729,1.12,1587.889394,3386.092424,39176.81061,5778.265152,39.6011,1572,3366,1604,3402,5.3969,3.0728,16.2816,4.4833,2.0696,-1172.6301,1,0,0.0393,0.1644,660,0.221285,0.194047,0.089386,1,1,,,,0,0,0.002747,0.004178,0.005064,0.004636,0.004222,0.004143,0.002499,-0.001819,660,1,31.5436,77.8519,0,6.136469,,,QUALIFIED,,-0.520932,0.084518,0.018712,1.727891,TRUE,FALSE,CPR_ONLY,normal_low,0.253490587,,0.253491,CPR_ONLY,0.077837,0.001588,0,0.011873,0.100903,2,MODERATE_CONVERGENCE,4,253,187
5041,357,0.223125,0.5758,1.55,940.8319328,2050.859944,5795.998599,21954.70168,22.7065,932,2034,952,2065,10.4285,4.6298,23.5361,8.9584,2.9888,-1049.9295,1,0,0.5616,0.4458,357,0.218844,0.208101,0.050639,1,1,,,,0,0,-0.000971,0.001605,0.001227,0.004132,0.003138,-0.001536,-0.00054,0.005068,357,1,53.7768,91.9349,0,9.941737,,,QUALIFIED,,,-2.367563,1.489484,,TRUE,FALSE,CPR_ONLY,normal_low,0.250091216,,0.250091,CPR_ONLY,0,0.126426,0,0,0.100313,2,MODERATE_CONVERGENCE,2,257,188
15474,252,0.1575,0.4565,1.04,2142.880952,2985.428571,29160.21429,-8096.52381,30.264,2132,2975,2156,2998,8.0011,3.5607,18.49,6.2003,1.7404,86.4222,1,0,0.1149,0.2829,252,0.273597,0.267877,0.039207,0.384921,0.384921,0.02731,0.026917,0.004331,1,1,0.001182,-0.001325,0.001613,-0.00182,-0.001426,-0.003443,-0.003824,-0.005609,252,1,127.1508,86.7202,0,10.486181,,,QUALIFIED,,2.120981,2.128332,,,TRUE,TRUE,BOTH,normal_low,0.326341018,0.037481649,0.181911,BOTH,0,0,0.148712,0.298988,0.099343,2,MODERATE_CONVERGENCE,2,263,189
5099,1154,0.72125,0.419,1.06,948.2512998,2663.172444,21103.81109,21769.2175,30.3194,925,2636,979,2687,8.7098,4.1064,23.3542,7.1639,2.7527,-1497.4021,1,0,0.1205,0.2818,1154,0.222646,0.217151,0.050179,0.891681,0.891681,0.032466,0.031953,0.007143,1,1,0.001586,-0.001577,0.001464,-0.001221,0.004728,0.000717,-0.005489,-0.002144,1154,1,33.734,87.2227,0,10.119412,,,QUALIFIED,,1.994325,1.834016,0.84835,,TRUE,TRUE,BOTH,normal_low,0.255385935,0.045415934,0.150401,BOTH,0,0.072007,0.139831,0.257642,0.099269,2,MODERATE_CONVERGENCE,3,265,190
8858,407,0.254375,0.5848,1.21,1367.773956,2890.095823,26776.89558,11281.15111,29.0565,1355,2876,1379,2905,9.9064,3.873,22.9064,8.6266,2.9866,-1981.8834,1,0,0.7456,0.4124,407,0.24518,0.239941,0.055861,1,1,,,,0,0,0.011594,0.005796,0.004419,0.001701,0.003501,0.003664,-0.002526,-0.006424,407,1,25.3927,84.5067,0,6.689731,,,QUALIFIED,,0.500086,0.615071,-0.046558,,TRUE,FALSE,CPR_ONLY,normal_low,0.286767102,,0.286767,CPR_ONLY,0,0,0.035063,0.086405,0.098177,2,MODERATE_CONVERGENCE,3,269,191
8984,284,0.1775,0.4733,1.04,1382.549296,3389.369718,39258.74296,10911.76761,40.7473,1369,3376,1394,3400,6.5526,3.4416,19.6188,5.0342,1.8826,-934.3593,1,0,0.1862,0.3526,284,0.195674,0.193318,0.037925,1,1,,,,0,0,-0.00224,-0.000564,0.001849,-0.00246,-0.001048,5.10E-05,-0.003181,-0.003676,284,1,31.5436,77.8519,0,1.050298,,,QUALIFIED,,,2.330449,,,TRUE,FALSE,CPR_ONLY,normal_low,0.217824347,,0.217824,CPR_ONLY,0,0,0,0.327381,0.098085,2,MODERATE_CONVERGENCE,1,271,192
8223,545,0.340625,0.3993,1.11,1309.765138,2670.229358,21280.23394,12731.37156,24.7981,1287,2653,1326,2688,4.4576,2.6058,16.3882,3.5514,1.6269,-2038.86,1,0,0.2355,0.3736,545,0.201625,0.198647,0.041129,1,1,,,,0,0,0.008177,0.004154,0.00128,0.001032,0.00159,-0.000658,-0.004205,-0.006084,545,1,33.5851,91.8903,0,4.282085,,,QUALIFIED,,0.49199,0.19375,1.413836,,TRUE,FALSE,CPR_ONLY,normal_low,0.226111793,,0.226112,CPR_ONLY,0,0.120005,0.034496,0.027218,0.098006,2,MODERATE_CONVERGENCE,3,272,193
9148,2435,1.521875,0.4712,1.12,1390.664066,2510.570431,17288.76078,10708.89836,20.3369,1359,2468,1427,2544,9.2583,3.944,29.5243,7.7441,2.5072,-1769.5993,1,0.0053,0.03,0.1527,2435,0.420642,0.404798,0.101697,1,1,0.040381,0.038048,0.01461,0.621355,0.621355,0.002327,0.004234,0.003309,0.001034,-0.000394,-0.00036,-0.004068,-0.01485,2435,1,33.5851,91.8903,0,0.223607,,,QUALIFIED,,-0.81951,0.687519,,,TRUE,TRUE,BOTH,normal_low,0.531117963,0.057595893,0.294357,BOTH,0,0,0,0.096583,0.097965,2,MODERATE_CONVERGENCE,2,273,194
5519,2468,1.5425,0.6275,1.21,1013.509724,1032.253647,-19669.15883,20137.75689,28.149,988,1001,1045,1070,6.2591,3.4709,28.0931,5.2649,2.7459,-2935.6748,1,0.0012,1,0,2468,0.253628,0.221204,0.092593,0.825365,0.825365,,,,0,0,0.002333,0.002129,0.002433,0.001216,0.000624,0.00031,-0.002527,-0.003685,2468,1,-14.3965,65.3367,0,20.895125,,,QUALIFIED,,0.087441,0.500206,,,TRUE,FALSE,CPR_ONLY,normal_low,0.298531906,,0.298532,CPR_ONLY,0,0,0.006131,0.070269,0.0972,2,MODERATE_CONVERGENCE,2,282,195
12073,134,0.08375,0.5255,1.13,1688.268657,3486.507463,41687.18657,3268.783582,41.8156,1680,3481,1697,3496,9.4364,2.8386,17.7719,8.6272,1.8318,-1052.5263,1,0,0.2654,0.3676,134,0.228787,0.217289,0.042694,1,1,,,,0,0,0.003913,0.004787,0.003015,-0.000756,-0.002373,0.003058,-0.004261,0.016793,134,1,63.3495,86.7715,0,9.172275,,,QUALIFIED,,-0.223358,1.250746,,,TRUE,FALSE,CPR_ONLY,normal_low,0.263937979,,0.263938,CPR_ONLY,0,0,0,0.175705,0.096752,2,MODERATE_CONVERGENCE,2,284,196
5941,424,0.265,0.3687,1.84,1059.610849,2516.037736,17425.4434,18985.22877,25.7698,1047,2493,1072,2539,6.2717,3.3665,17.3151,4.5574,2.0233,-1934.5656,1,0,1,0,424,0.245574,0.245872,0.02718,0.431604,0.431604,0.042427,0.04103,0.007056,1,1,-0.000713,-0.002692,0.001268,0.001394,0.002274,-0.001413,0.004948,-0.001252,424,1,33.734,87.2227,0,8.063808,,,QUALIFIED,,,-0.099369,1.621372,1.253032,TRUE,TRUE,BOTH,normal_low,0.287315792,0.06074437,0.17403,BOTH,0.056446,0.137621,0,0,0.096667,2,MODERATE_CONVERGENCE,3,285,197
7984,2002,1.25125,0.4376,1.23,1271.254246,2638.888611,20496.71528,13694.14386,24.6506,1245,2601,1306,2676,4.1495,2.919,16.5085,3.3377,2.24,-2049.9662,1,0,0.2143,0.3674,2002,0.21778,0.206843,0.053267,1,1,,,,0,0,0.020179,0.008941,0.00728,0.007595,0.008935,-0.000631,0.001202,0.001536,2002,1,33.5851,91.8903,0,4.265047,,,QUALIFIED,,0.556916,-0.043269,1.070621,-0.27787,TRUE,FALSE,CPR_ONLY,normal_low,0.248609475,,0.248609,CPR_ONLY,0,0.090874,0.039048,0,0.096662,2,MODERATE_CONVERGENCE,4,286,198
16012,363,0.226875,0.5817,1.08,2205.853994,2835.374656,25408.86639,-9670.849862,27.1877,2195,2825,2219,2851,11.2268,3.64,27.7637,9.7125,2.4528,544.4548,1,0.0028,0.0525,0.1917,363,0.455323,0.442528,0.137922,1,1,0.024214,0.018768,0.012052,1,1,0.002423,0.000948,0.000379,0.001596,-0.001736,0.002907,-0.007379,-0.012657,363,1,127.1508,86.7202,0,7.660369,,,QUALIFIED,,0.608749,,,,TRUE,TRUE,BOTH,normal_low,0.579415213,0.032717385,0.306066,BOTH,0,0,0.042682,0,0.096088,2,MODERATE_CONVERGENCE,1,290,199
8173,1266,0.79125,0.5429,1.2,1293.064771,3099.181675,32004.04186,13148.88073,34.6002,1268,3077,1321,3121,5.8069,3.1115,19.1145,4.8546,2.3561,-1443.0685,1,0,0.2542,0.3985,1266,0.226138,0.22132,0.043557,1,1,,,,0,0,0.006248,0.003921,0.00459,0.002186,0.005302,0.002889,-0.000405,-0.000609,1266,1,25.3927,84.5067,0,2.27994,,,QUALIFIED,,0.372439,0.523747,0.455111,,TRUE,FALSE,CPR_ONLY,normal_low,0.260248944,,0.260249,CPR_ONLY,0,0.03863,0.026113,0.073576,0.09577,2,MODERATE_CONVERGENCE,3,293,200
6355,622,0.38875,0.5107,1.45,1107.29582,1591.959807,-5676.504823,17793.1045,18.676,1088,1577,1130,1606,5.1654,2.0693,19.1592,4.4555,1.3166,-2059.7233,1,0,0.0518,0.1752,622,0.164676,0.162279,0.024201,1,1,,,,0,0,0.017183,0.002658,0.00209,0.00281,0.001802,-0.002149,-0.000796,0.001952,622,1,-19.4926,68.1002,0,13.713679,,,QUALIFIED,,0.845312,-0.344498,2.192564,,TRUE,FALSE,CPR_ONLY,normal_low,0.174656094,,0.174656,CPR_ONLY,0,0.186103,0.059269,0,0.095544,2,MODERATE_CONVERGENCE,3,297,201
5728,1237,0.773125,0.4956,1.64,1036.625707,1147.880356,-16778.49111,19559.85732,25.7695,1009,1129,1073,1168,8.0555,3.3158,28.1745,6.6198,1.6713,-2665.5046,1,0.0049,0.9502,0.191,1237,0.190245,0.1842,0.037025,1,1,,,,0,0,0.002414,0.000615,0.001043,-0.000813,0.003022,0.002653,-0.002469,-0.00302,1237,1,-14.3965,65.3367,0,23.752816,,,QUALIFIED,,0.745236,1.779482,0.122105,,TRUE,FALSE,CPR_ONLY,normal_low,0.210263845,,0.210264,CPR_ONLY,0,0.010364,0.052252,0.249981,0.095375,2,MODERATE_CONVERGENCE,3,300,202
24081,177,0.110625,0.6705,2.18,3186.497175,1799.327684,-492.3079096,-34186.92938,34.191,3175,1795,3199,1806,4.889,2.2894,13.0616,4.1199,1.1738,-1800.0165,1,0,0.6179,0.4189,177,,,,0,0,0.042971,0.036017,0.013266,1,1,-0.000249,4.00E-06,0.0029,0.0011,0.001262,-0.003784,-0.00159,0.004656,177,1,73.237,102.5391,0.028249,0,0.003601,0.000552,QUALIFIED,,,0.62069,3.998415,,FALSE,TRUE,S1_ONLY,no_data,,0.061581502,0.061582,S1_ONLY,0,0.339383,0,0.087194,0.095071,2,MODERATE_CONVERGENCE,2,302,203
7583,388,0.2425,0.3109,1.22,1232.966495,1598.564433,-5511.389175,14651.33763,15.653,1215,1585,1254,1617,7.9647,3.4609,18.9514,6.5249,2.153,-1993.2304,1,0,0.1679,0.335,388,0.191822,0.189033,0.039788,1,1,,,,0,0,0.012445,0.001472,0.005034,0.001613,0.005227,0.000444,0.000415,-0.002283,388,1,0.5626,56.8385,0,12.316655,,,QUALIFIED,,0.88172,0.679579,0.915056,,TRUE,FALSE,CPR_ONLY,normal_low,0.212459997,,0.21246,CPR_ONLY,0,0.077669,0.061821,0.095467,0.095001,2,MODERATE_CONVERGENCE,3,303,204
15599,1054,0.65875,0.3764,1.12,2159.61575,127.0341556,-42299.64611,-8514.893738,43.1478,2132,95,2182,151,8.779,4.4012,23.1419,7.4608,3.3687,-2381.8817,1,0,1,0,1054,0.252966,0.20787,0.116573,1,1,0.007448,0.007259,0.000596,0.063567,0.063567,0.004878,0.001066,0.001555,0.005103,-7.40E-05,0.000215,0.001984,0.002195,1054,1,57.7818,98.3332,0,2.391783,,,QUALIFIED,,0.781468,-2.281672,,-0.106351,TRUE,FALSE,CPR_ONLY,normal_low,0.297609996,,0.29761,CPR_ONLY,0,0,0.054792,0,0.094762,2,MODERATE_CONVERGENCE,3,306,205
5594,369,0.230625,0.615,1.04,1020.0271,1733.314363,-2142.640921,19974.82249,20.0889,1009,1721,1033,1746,7.1144,4.8973,26.2099,5.0447,2.2377,-2183.9119,1,0.0027,0.9851,0.1121,369,0.226196,0.204378,0.054976,1,1,,,,0,0,0.004952,0.002426,0.004015,0.002359,0.003435,0.00199,-0.001858,0.003145,369,1,33.7027,75.9158,0,11.93786,,,QUALIFIED,,0.510097,0.412453,0.42067,,TRUE,FALSE,CPR_ONLY,normal_low,0.260329715,,0.26033,CPR_ONLY,0,0.035706,0.035765,0.057941,0.094611,2,MODERATE_CONVERGENCE,3,307,206
9036,1438,0.89875,0.4779,1.16,1358.424896,2692.589013,21839.22531,11514.87761,24.6892,1338,2658,1389,2717,4.7705,2.2916,15.6442,3.9056,1.5458,-1932.3881,1,0,0.1245,0.277,1438,0.242654,0.233746,0.047142,1,1,,,,0,0,0.00048,0.004013,0.002371,0.00079,-0.000508,-0.00429,-0.003319,-0.005486,1438,1,33.5851,91.8903,0,3.369811,,,QUALIFIED,,,0.666807,,,TRUE,FALSE,CPR_ONLY,normal_low,0.283249359,,0.283249,CPR_ONLY,0,0,0,0.093673,0.094342,2,MODERATE_CONVERGENCE,1,308,207
21846,962,0.60125,0.52,1.35,2880.985447,2421.928274,15072.70686,-26549.13617,30.5301,2856,2401,2906,2438,7.7634,4.4386,28.7914,6.0593,3.0994,-587.1499,1,0.0042,1,0,962,,,,0,0,0.069513,0.066258,0.012886,1,1,0.001497,-0.00118,-0.00053,-0.005935,0.001273,-0.002555,-0.002536,-0.005238,962,1,121.4255,96.4448,0.031185,0,0.000609,0.000523,QUALIFIED,,1.788243,,3.00707,,FALSE,TRUE,S1_ONLY,no_data,,0.102425528,0.102426,S1_ONLY,0,0.255238,0.125382,0,0.094314,2,MODERATE_CONVERGENCE,2,309,208
20227,269,0.168125,0.4804,1.4,2713.286245,699.3085502,-27992.78625,-22356.65613,35.8247,2701,691,2729,711,8.6971,3.3401,19.8343,7.8078,2.2436,-4376.1689,1,0,0.248,0.3713,269,0.362774,0.31709,0.12131,1,1,0.028328,0.024948,0.006754,1,1,0.00046,0.001303,0.002508,-0.000289,0.00961,0.006667,-0.000958,-0.002297,269,1,-42.3675,82.1954,0,0.075,,,QUALIFIED,,,1.115231,0.306243,,TRUE,TRUE,BOTH,normal_low,0.450530168,0.039048194,0.244789,BOTH,0,0.025994,0,0.156668,0.094302,2,MODERATE_CONVERGENCE,2,310,209
9629,164,0.1025,0.5395,1.19,1428.987805,2891.713415,26817.33537,9750.804878,28.5353,1420,2884,1439,2900,5.9354,2.6407,15.9854,4.7725,1.2379,-2042.5,1,0,0.4529,0.4188,164,0.180904,0.180221,0.030843,1,1,,,,0,0,0.010444,0.004346,0.0039,0.000896,0.004278,-0.000778,-0.010507,-0.015111,164,1,25.3927,84.5067,0,5.80097,,,QUALIFIED,,0.583876,0.770256,1.181861,,TRUE,FALSE,CPR_ONLY,normal_low,0.197255436,,0.197255,CPR_ONLY,0,0.100316,0.040938,0.108206,0.094154,2,MODERATE_CONVERGENCE,3,312,210
8995,290,0.18125,0.3699,1,1378.662069,2909.610345,27264.75862,11008.94828,29.4037,1367,2897,1395,2925,6.7101,2.6264,13.7743,5.7783,1.4927,-2041.7881,1,0,1,0,290,0.179951,0.176508,0.022106,1,1,,,,0,0,0.006209,0.007563,0.003858,0.002065,0.004643,0.002793,0.001711,-0.001051,290,1,25.3927,84.5067,0,6.876818,,,QUALIFIED,,-0.218071,0.464749,0.398449,1.614261,TRUE,FALSE,CPR_ONLY,normal_low,0.195928275,,0.195928,CPR_ONLY,0.072718,0.03382,0,0.065288,0.093887,2,MODERATE_CONVERGENCE,4,314,211
5967,522,0.32625,0.4293,1.19,1059.256705,1731.44636,-2189.340996,18994.08238,19.1193,1043,1711,1075,1749,5.1617,3.5701,24.9138,4.0596,3.1253,-2191.724,1,0,0.7945,0.3564,522,0.221484,0.204864,0.066634,1,1,,,,0,0,0.001221,0.000298,-0.001141,-0.000962,0.006065,0.001709,-0.001288,-0.011872,522,1,33.7027,75.9158,0,11.211072,,,QUALIFIED,,0.755938,,0.718219,,TRUE,FALSE,CPR_ONLY,normal_low,0.253767717,,0.253768,CPR_ONLY,0,0.060962,0.053002,0,0.093623,2,MODERATE_CONVERGENCE,2,315,212
7492,844,0.5275,0.5015,1.55,1215.731043,2341.10782,13052.1955,15082.22393,19.9457,1189,2326,1240,2359,7.1558,2.8286,16.097,6.139,1.9623,-1779.3182,1,0,0.4085,0.4197,844,0.236078,0.23457,0.043939,1,1,,,,0,0,0.002567,0.003711,0.003806,0.004748,0.004598,0.005183,0.004512,0.000844,844,1,86.6499,88.4185,0,3.031914,,,QUALIFIED,,-0.445656,-0.247504,-0.127229,0.812943,TRUE,FALSE,CPR_ONLY,normal_low,0.274091528,,0.274092,CPR_ONLY,0.036621,0,0,0,0.093214,2,MODERATE_CONVERGENCE,4,321,213
17327,318,0.19875,0.4768,1.26,2404.128931,2558.540881,18488.02201,-14627.72327,23.5756,2393,2544,2416,2573,3.9855,2.119,10.63,3.1504,1.1796,2155.8162,1,0,0.0761,0.2081,318,0.3308,0.312802,0.087066,1,1,0.068036,0.062499,0.017241,1,1,-0.003009,-0.003729,0.000185,-0.002245,0.003251,-5.80E-05,-0.001812,0.000256,318,1,206.9462,82.5201,0,2.549142,,,QUALIFIED,,,,1.017841,,TRUE,TRUE,BOTH,normal_low,0.406002724,0.100152653,0.253078,BOTH,0,0.086394,0,0,0.093202,2,MODERATE_CONVERGENCE,1,323,214
6709,148,0.0925,0.5564,1.36,1145.047297,1541.878378,-6928.540541,16849.31757,18.2176,1139,1531,1153,1550,7.2383,4.4012,21.6973,5.6114,1.884,-2129.3668,1,0,0.1722,0.3315,148,0.20416,0.202915,0.038766,1,1,,,,0,0,0.008843,0.005523,-0.001259,-0.00315,0.00427,-0.001051,-0.004612,-0.00705,148,1,-19.4926,68.1002,0,14.699596,,,QUALIFIED,,0.375438,,1.246136,,TRUE,FALSE,CPR_ONLY,normal_low,0.22964207,,0.229642,CPR_ONLY,0,0.105771,0.026324,0,0.092679,2,MODERATE_CONVERGENCE,2,326,215
8707,1598,0.99875,0.438,1.12,1345.489987,3438.206508,40479.6627,11838.25031,42.1755,1314,3407,1371,3471,6.214,3.5135,19.553,5.1583,2.7487,-865.7169,1,0,0.089,0.2567,1598,0.217909,0.21431,0.053501,1,1,,,,0,0,-0.000189,0.00415,0.000858,-0.00078,0.001364,-8.50E-05,-0.003821,-0.003999,1598,1,31.5436,77.8519,0,0.763217,,,QUALIFIED,,,,1.062317,,TRUE,FALSE,CPR_ONLY,normal_low,0.248789122,,0.248789,CPR_ONLY,0,0.090169,0,0,0.09267,2,MODERATE_CONVERGENCE,1,327,216
5840,272,0.17,0.5667,1.88,1035.595588,1586.091912,-5823.202206,19585.61029,20.4323,1021,1580,1051,1596,4.518,2.279,11.7318,3.735,1.4509,-2127.0978,1,0,0.2356,0.3629,272,0.217218,0.205777,0.049307,1,1,,,,0,0,0.012204,0.003812,0.000385,0.004004,0.00477,0.001012,0.000229,-0.002828,272,1,-19.4926,68.1002,0,14.835431,,,QUALIFIED,,0.687643,,0.787841,,TRUE,FALSE,CPR_ONLY,normal_low,0.247826826,,0.247827,CPR_ONLY,0,0.066871,0.048214,0,0.092544,2,MODERATE_CONVERGENCE,2,329,217
8464,850,0.53125,0.5886,1,1317.082353,2632.147059,20328.17647,12548.44118,23.8895,1300,2612,1338,2650,5.5686,3.7524,17.8118,4.3795,2.4166,-2024.3177,1,0,0.3274,0.4168,850,0.232453,0.221507,0.053649,1,1,,,,0,0,0.002025,0.002049,0.0013,0.000242,0.000529,-0.001264,-0.003248,-0.007276,850,1,33.5851,91.8903,0,3.503302,,,QUALIFIED,,-0.011852,0.813846,,,TRUE,FALSE,CPR_ONLY,normal_low,0.269043302,,0.269043,CPR_ONLY,0,0,0,0.114329,0.092146,2,MODERATE_CONVERGENCE,2,333,218
8356,377,0.235625,0.5464,1.3,1312.427056,3303.228117,37105.20292,12664.82361,39.2074,1298,3293,1328,3316,6.3102,3.3172,15.6727,5.1554,2.097,-1105.8459,1,0,0.2887,0.4186,377,0.205241,0.203374,0.038034,1,1,,,,0,0,0.002914,0.009183,0.007023,0.004628,0.009717,0.00468,0.004598,0.001482,377,1,31.5436,77.8519,0.071618,0,0.002845,0.000497,QUALIFIED,,-2.151338,0.341022,0.51837,0.677686,TRUE,FALSE,CPR_ONLY,normal_low,0.231147486,,0.231147,CPR_ONLY,0.030528,0.043999,0,0.047907,0.092093,2,MODERATE_CONVERGENCE,4,335,219
5948,301,0.188125,0.5867,1.42,1056.009967,2459.694352,16016.8588,19075.25083,24.9079,1046,2446,1065,2473,4.6845,2.2558,12.4787,3.7838,1.1636,-1935.1818,1,0,1,0,301,0.223798,0.218818,0.029541,0.920266,0.920266,0.054914,0.053715,0.008951,1,1,0.007597,-0.002027,-0.000302,-0.000856,0.002488,-0.002239,-0.000178,-0.001284,301,1,33.734,87.2227,0,7.918846,,,QUALIFIED,,1.266816,,1.89992,,TRUE,TRUE,BOTH,normal_low,0.256990227,0.079959928,0.168475,BOTH,0,0.161264,0.088822,0,0.091678,2,MODERATE_CONVERGENCE,2,340,220
7756,616,0.385,0.3954,1.08,1247.862013,2704.50487,22137.12175,14278.94968,26.3429,1228,2687,1266,2728,2.7347,1.566,16.2357,2.2483,0.8152,-2063.2016,1,0,0.5386,0.4414,616,0.205611,0.201943,0.038224,1,1,,,,0,0,0.015015,0.003552,0.004628,0.004136,0.009557,0.00095,0.000881,-0.000385,616,1,33.5851,91.8903,0,6.027956,,,QUALIFIED,,0.763437,0.106309,0.900596,,TRUE,FALSE,CPR_ONLY,normal_low,0.231662753,,0.231663,CPR_ONLY,0,0.076442,0.053528,0.014934,0.091634,2,MODERATE_CONVERGENCE,3,341,221
7653,190,0.11875,0.5758,1.47,1242.157895,2682.236842,21580.42105,14421.55263,25.9558,1235,2672,1250,2694,2.7025,1.2484,6.4755,2.2678,0.8818,-2062.308,1,0,0.4539,0.4161,190,0.20791,0.205957,0.041737,1,1,,,,0,0,0.0144,0.004331,0.005774,0.004436,0.008566,0.002228,0.001719,0.001786,190,1,33.5851,91.8903,0,6.116576,,,QUALIFIED,,0.699236,0.231728,0.739902,-0.038976,TRUE,FALSE,CPR_ONLY,normal_low,0.234864373,,0.234864,CPR_ONLY,0,0.062802,0.049027,0.032553,0.091178,2,MODERATE_CONVERGENCE,4,345,222
5396,311,0.194375,0.5981,1.3,999,1732.041801,-2174.454984,20500.5,20.6149,986,1722,1012,1742,7.0308,4.9458,23.2508,5.3441,2.9136,-2178.5788,1,0,1,0,311,0.244307,0.234444,0.06461,1,1,,,,0,0,0.004212,0.001462,0.00208,0.002583,0.005296,0.005058,-0.001201,0.00428,311,1,33.7027,75.9158,0,12.437971,,,QUALIFIED,,0.652896,-0.241827,0.04494,,TRUE,FALSE,CPR_ONLY,normal_low,0.28555135,,0.285551,CPR_ONLY,0,0.003814,0.045778,0,0.091006,2,MODERATE_CONVERGENCE,3,347,223
6474,367,0.229375,0.6383,1.09,1112.899183,1053.550409,-19136.73978,17653.02044,26.0347,1101,1042,1124,1067,5.6379,2.4552,12.9282,4.727,1.5045,-2859.0114,1,0,1,0,367,0.213883,0.21072,0.035969,1,1,,,,0,0,0.000964,0.002405,0.001757,0.00697,0.003837,-0.00021,-0.001605,-0.009325,367,1,-14.3965,65.3367,0,20.991427,,,QUALIFIED,,,-2.966989,1.05473,,TRUE,FALSE,CPR_ONLY,normal_low,0.243182457,,0.243182,CPR_ONLY,0,0.089525,0,0,0.09086,2,MODERATE_CONVERGENCE,2,349,224
8945,255,0.159375,0.5903,1.33,1374.192157,3377.580392,38964.0098,11120.69608,40.5203,1364,3369,1388,3387,4.143,2.2208,14.1213,3.3453,0.941,-924.3057,1,0,0.0946,0.2434,255,0.204054,0.197968,0.041911,1,1,,,,0,0,-0.001519,-0.001673,0.004437,-0.002504,-0.000408,-0.002772,-0.001854,-0.004544,255,1,31.5436,77.8519,0,0.95,,,QUALIFIED,,,1.564345,,,TRUE,FALSE,CPR_ONLY,normal_low,0.229494453,,0.229494,CPR_ONLY,0,0,0,0.219759,0.090824,2,MODERATE_CONVERGENCE,1,350,225
7887,1449,0.905625,0.4848,1.24,1275.717046,2577.2657,18956.14251,13582.57384,23.3201,1247,2548,1296,2609,5.1366,2.4119,15.9332,4.2609,1.501,-2026.6888,1,0,0.3154,0.4228,1449,0.218027,0.211613,0.049722,1,1,,,,0,0,0.018631,0.007368,0.0089,0.007253,0.00966,0.0054,0.00705,0.006142,1449,1,33.5851,91.8903,0,3.555366,,,QUALIFIED,,0.60453,0.185056,0.440994,0.128794,TRUE,FALSE,CPR_ONLY,normal_low,0.24895345,,0.248953,CPR_ONLY,0.005802,0.037431,0.042386,0.025997,0.090751,2,MODERATE_CONVERGENCE,4,351,226
7099,2111,1.319375,0.4835,1.25,1193.568451,1618.888678,-5003.283041,15636.28873,16.4166,1163,1589,1237,1648,8.8014,3.3692,21.4871,7.2634,2.3045,-1975.4959,1,0,0.1217,0.3009,2111,0.185926,0.180648,0.046691,1,1,,,,0,0,0.016956,0.005335,0.003083,0.003614,0.003251,0.002878,0.003923,-0.002586,2111,1,33.7027,75.9158,0,11.89204,,,QUALIFIED,,0.685362,-0.172235,0.114734,1.659189,TRUE,FALSE,CPR_ONLY,normal_low,0.204249144,,0.204249,CPR_ONLY,0.074742,0.009739,0.048054,0,0.09045,2,MODERATE_CONVERGENCE,4,352,227
22231,443,0.276875,0.5212,1.36,2932.679458,2454.731377,15892.78442,-27841.48646,32.0589,2915,2443,2949,2468,5.1903,2.7072,15.8918,3.8114,1.556,-580.9813,1,0,1,0,443,0.241408,0.239444,0.03569,0.162528,0.162528,0.07979,0.078012,0.012114,1,1,0.005096,0.000296,0.000763,0.001675,0.001262,-0.000507,-0.009262,-0.008793,443,1,121.4255,96.4448,0,1.212693,,,QUALIFIED,,0.941915,,1.401743,,TRUE,TRUE,BOTH,normal_low,0.281514161,0.118240238,0.199877,BOTH,0,0.118979,0.066042,0,0.090363,2,MODERATE_CONVERGENCE,2,353,228
14720,188,0.1175,0.6104,1.57,2050.898936,2867.553191,26213.32979,-5796.973404,26.8473,2044,2858,2058,2880,7.3329,2.3577,14.1654,6.7171,1.1733,73.6249,1,0,0.0317,0.1352,188,0.400854,0.378242,0.13563,1,1,0.036194,0.033641,0.006962,1,1,0.00833,-0.000132,-0.000833,-0.001024,0.000663,-0.000258,-0.003769,-0.003024,188,1,127.1508,86.7202,0,6.74041,,,QUALIFIED,,1.015846,,,,TRUE,TRUE,BOTH,normal_low,0.503560914,0.051152749,0.277357,BOTH,0,0,0.071226,0,0.09033,2,MODERATE_CONVERGENCE,1,354,229
5882,485,0.303125,0.5922,1.86,1044.164948,1210.45567,-15214.10825,19371.37629,24.631,1034,1190,1055,1229,5.9902,2.1855,17.0732,5.0945,1.1145,-2513.1517,1,0,1,0,485,0.205656,0.200064,0.031209,1,1,,,,0,0,0.004897,0.003546,0.002224,-0.000691,0.003069,0.002987,-0.000878,0.000609,485,1,-19.4926,68.1002,0,23.18751,,,QUALIFIED,,0.275883,1.310701,0.026719,,TRUE,FALSE,CPR_ONLY,normal_low,0.231725421,,0.231725,CPR_ONLY,0,0.002268,0.019343,0.184127,0.090318,2,MODERATE_CONVERGENCE,3,355,230
8933,508,0.3175,0.5492,1.48,1377.472441,2661.100394,21052.00984,11038.68898,23.7708,1365,2644,1390,2681,3.642,1.6304,9.1767,3.103,1.1619,-1943.3302,1,0,0.1739,0.3237,508,0.214576,0.212892,0.034545,1,1,,,,0,0,0.006139,0.008389,0.009253,0.006695,0.006937,0.008878,0.007476,0.000355,508,1,33.5851,91.8903,0,2.825442,,,QUALIFIED,,-0.366509,0.276451,-0.279804,0.952515,TRUE,FALSE,CPR_ONLY,normal_low,0.244147539,,0.244148,CPR_ONLY,0.042908,0,0,0.038836,0.09,2,MODERATE_CONVERGENCE,4,360,231
15491,219,0.136875,0.5951,1.44,2143.977169,2834.593607,25389.34018,-8123.929224,26.658,2137,2823,2153,2846,5.0851,4.0678,20.6333,4.1618,1.9287,318.2725,1,0,0.1416,0.3052,219,0.350203,0.341339,0.088294,1,1,0.00848,0.00292,0.008474,0.593607,0.593607,-0.002066,0.001381,0.002322,-0.001476,-0.002679,-0.004506,-0.009245,-0.005986,219,1,127.1508,86.7202,0,7.350383,,,QUALIFIED,,,1.635659,,,TRUE,TRUE,BOTH,normal_low,0.433023616,0.008505197,0.220764,BOTH,0,0,0,0.229777,0.089207,2,MODERATE_CONVERGENCE,1,365,232
9064,222,0.13875,0.4494,1.37,1390.175676,3043.954955,30623.37387,10721.10811,32.4462,1382,3033,1401,3059,7.7851,2.9429,15.3907,6.3696,1.285,-1915.0414,1,0,1,0,222,0.198098,0.193965,0.023018,1,1,,,,0,0,-0.001157,-0.001532,0.003244,-0.001988,-0.000101,-0.003151,-0.002126,-0.003029,222,1,25.3927,84.5067,0,4.569532,,,QUALIFIED,,,1.612824,,,TRUE,FALSE,CPR_ONLY,normal_low,0.221200043,,0.2212,CPR_ONLY,0,0,0,0.226569,0.089017,2,MODERATE_CONVERGENCE,1,367,233
4017,542,0.33875,0.4977,1,807.5664207,700.6088561,-27960.2786,25286.33948,37.6978,792,686,825,719,7.5305,3.9195,19.4517,6.3904,2.9381,-1399.7413,1,0,0.8833,0.2878,542,0.250472,0.22977,0.07988,0.898524,0.898524,0.026146,0.01055,0.030979,1,1,0.009034,0.002926,0.001101,0.00074,0.001601,-0.001238,-0.004031,-0.009419,542,1,104.6201,87.4983,0,15.295914,,,QUALIFIED,,0.676112,0.327884,1.773267,,TRUE,TRUE,BOTH,normal_low,0.294136816,0.035690434,0.164914,BOTH,0,0.150514,0.047405,0.046061,0.088924,2,MODERATE_CONVERGENCE,3,369,234
6854,193,0.120625,0.6266,1.57,1161.108808,2581.181347,19054.03368,16447.77979,25.1712,1155,2571,1169,2593,3.9607,2.5556,15.7425,3.4295,1.4675,-2031.0392,1,0,0.9903,0.0607,193,0.240048,0.22317,0.065772,1,1,0.04716,0.044209,0.0123,1,1,0.000575,-0.003765,0.002675,-5.00E-06,0.004987,-0.001575,-0.009323,-1.00E-06,193,1,33.734,87.2227,0,6.518483,,,QUALIFIED,,,1.001869,1.315821,,TRUE,TRUE,BOTH,normal_low,0.279620206,0.068027724,0.173824,BOTH,0,0.111686,0,0.140742,0.088559,2,MODERATE_CONVERGENCE,2,373,235
5147,454,0.28375,0.6021,1.12,948.715859,2689.938326,21772.95815,21757.60352,30.7808,937,2677,963,2706,7.5643,3.8053,25.5864,6.1094,2.38,-1557.4021,1,0.0022,0.0582,0.2015,454,0.221259,0.219646,0.037073,1,1,0.023924,0.023452,0.00339,1,1,0.001818,0.000179,0.001918,-0.002021,0.005235,0.002237,-0.001999,0.003172,454,1,33.734,87.2227,0,9.572682,,,QUALIFIED,,0.90154,2.053702,0.572684,,TRUE,TRUE,BOTH,normal_low,0.253454379,0.03227112,0.142863,BOTH,0,0.048609,0.063211,0.288504,0.087752,2,MODERATE_CONVERGENCE,3,378,236
10358,231,0.144375,0.6754,1.06,1493.584416,3082.619048,31589.97619,8135.88961,32.6212,1484,3073,1503,3091,8.5032,4.0305,17.4425,6.6634,2.745,-1571.569,1,0,0.3248,0.4321,231,0.224277,0.228527,0.051715,1,1,,,,0,0,0.014044,-0.006119,-0.004523,-0.001437,-0.005499,-0.012446,-0.012456,-0.017217,231,1,25.3927,84.5067,0,5.804147,,,QUALIFIED,,1.435702,,,,TRUE,FALSE,CPR_ONLY,normal_low,0.257657289,,0.257657,CPR_ONLY,0,0,0.100664,0,0.087364,2,MODERATE_CONVERGENCE,1,381,237
6644,240,0.15,0.6818,1.38,1145.095833,2581.691667,19066.79167,16848.10417,25.4441,1135,2574,1157,2590,10.6319,3.7785,19.7095,8.2821,2.1426,-2050.4847,1,0,1,0,240,0.310521,0.275864,0.107851,1,1,0.050932,0.049905,0.007474,1,1,0.000371,-0.000828,-0.000343,-0.000937,0.007916,-0.001144,-0.009566,0.002402,240,1,33.734,87.2227,0,6.831224,,,QUALIFIED,,,,1.144517,,TRUE,TRUE,BOTH,normal_low,0.377761902,0.073832247,0.225797,BOTH,0,0.097146,0,0,0.087168,2,MODERATE_CONVERGENCE,1,384,238
6438,158,0.09875,0.5486,1.12,1107.348101,1549.443038,-6739.424051,17791.79747,19.0248,1100,1542,1116,1560,4.2562,1.8999,9.9467,3.3689,0.8598,-2132.06,1,0,0.0995,0.2329,158,0.177254,0.174324,0.02349,1,1,,,,0,0,0.021953,0.003388,0.002386,0.004084,0.0062,-0.001597,0.002671,0.002265,158,1,-19.4926,68.1002,0,14.81471,,,QUALIFIED,,0.84567,-0.711651,1.257581,0.152003,TRUE,FALSE,CPR_ONLY,normal_low,0.192172394,,0.192172,CPR_ONLY,0.006847,0.106743,0.059294,0,0.086984,2,MODERATE_CONVERGENCE,4,387,239
6329,1685,1.053125,0.5106,1.09,1084.128783,1408.290208,-10268.24481,18372.28042,21.0464,1056,1385,1116,1440,8.2121,4.1282,23.0092,7.2046,3.4519,-2274.5035,1,0,0.1384,0.3179,1685,0.206268,0.201892,0.043132,1,1,,,,0,0,-0.000425,0.001413,-0.000622,0.003175,0.005567,-7.60E-05,-0.000256,-0.007483,1685,1,-19.4926,68.1002,0,17.809057,,,QUALIFIED,,,,1.013652,,TRUE,FALSE,CPR_ONLY,normal_low,0.232577701,,0.232578,CPR_ONLY,0,0.086038,0,0,0.086981,2,MODERATE_CONVERGENCE,1,388,240
5963,2218,1.38625,0.3108,1.92,1105.802074,1206.256988,-15319.07529,17830.44815,23.5067,1052,1176,1169,1237,8.5818,3.7082,20.6453,7.2638,3.0305,-2473.5369,1,0,0.2778,0.432,2218,0.232803,0.211987,0.079171,0.587466,0.587466,,,,0,0,0.002857,0.000602,0.000791,0.001297,-0.001781,-0.001869,-0.00504,-0.012821,2218,1,-19.4926,68.1002,0,22.479227,,,QUALIFIED,,0.789289,,,,TRUE,FALSE,CPR_ONLY,normal_low,0.269530717,,0.269531,CPR_ONLY,0,0,0.055341,0,0.086393,2,MODERATE_CONVERGENCE,1,397,241
2408,839,0.524375,0.5707,1.2,578.4219309,2156.401669,8434.541716,31014.95173,32.141,561,2136,596,2178,9.7236,3.1791,23.0963,8.6925,2.2485,-2020.8572,1,0,1,0,839,,,,0,0,0.087111,0.084919,0.012037,1,1,-0.002723,0.003576,0.009627,0.000558,0.001793,-0.001794,-0.003751,0.000109,839,1,40.2924,84.9679,0,18.731024,,,QUALIFIED,,,0.942038,2.000558,,FALSE,TRUE,S1_ONLY,no_data,,0.129506123,0.129506,S1_ONLY,0,0.169806,0,0.132337,0.086047,2,MODERATE_CONVERGENCE,2,405,242
11257,534,0.33375,0.5773,1.48,1596.698502,3047.329588,30707.7397,5558.037453,31.2071,1584,3028,1609,3065,5.7307,3.1658,15.2129,4.5441,2.0651,-1792.0422,1,0,0.8245,0.3467,534,0.168208,0.1694,0.040532,1,1,,,,0,0,0.002096,0.000439,-0.000155,0.00097,0.001741,-0.000989,-0.002515,-0.010366,534,1,25.3927,84.5067,0,6.719561,,,QUALIFIED,,0.790553,,1.568064,,TRUE,FALSE,CPR_ONLY,normal_low,0.179574807,,0.179575,CPR_ONLY,0,0.133096,0.055429,0,0.086035,2,MODERATE_CONVERGENCE,2,406,243
22409,130,0.08125,0.5,1.54,2951.7,2035.015385,5399.884615,-28317,28.8279,2946,2026,2959,2046,6.8025,3.357,17.9848,6.5341,1.7406,-409.7286,1,0,0.0566,0.1771,130,0.295717,0.283629,0.06627,1,1,0.083995,0.086968,0.010359,1,1,0.002624,-0.000835,0.001713,0.001244,-0.001204,0.002844,-0.00199,-0.004052,130,1,84.0064,107.1887,0,3.069609,0.004523,0.004451,QUALIFIED,,1.318216,0.273789,,,TRUE,TRUE,BOTH,normal_low,0.357145642,0.124711082,0.240928,BOTH,0,0,0.092426,0.038462,0.085367,2,MODERATE_CONVERGENCE,2,409,244
7706,1087,0.679375,0.4492,1.25,1248.648574,1541.628335,-6934.791628,14259.28565,15.8555,1232,1516,1276,1571,5.6168,2.9363,23.0963,4.5394,2.0331,-2039.3776,1,0,0.5941,0.4471,1087,0.164334,0.156054,0.043497,0.299908,0.299908,0.065668,0.065668,0.001011,0.00184,0.00184,0.011417,0.00246,0.004154,0.003189,0.004573,0.003894,0.002227,-0.001301,1087,1,0.5626,56.8385,0,13.384623,,,QUALIFIED,,0.784532,0.232306,0.14848,1.584194,TRUE,FALSE,CPR_ONLY,normal_low,0.17417982,,0.17418,CPR_ONLY,0.071364,0.012603,0.055007,0.032634,0.084948,2,MODERATE_CONVERGENCE,4,412,245
8172,488,0.305,0.3824,1.52,1295.797131,2629.07582,20251.39549,13080.57172,24.1087,1280,2609,1309,2653,4.0605,2.2132,11.3913,3.1666,1.5472,-2037.8259,1,0,0.2011,0.3527,488,0.224313,0.220858,0.038355,1,1,,,,0,0,0.034736,0.011363,0.008553,0.009576,0.00795,0.006777,0.000541,0.000405,488,1,33.5851,91.8903,0,3.951028,,,QUALIFIED,,0.672875,-0.119607,0.147547,,TRUE,FALSE,CPR_ONLY,normal_low,0.257707423,,0.257707,CPR_ONLY,0,0.012524,0.047178,0,0.084535,2,MODERATE_CONVERGENCE,3,414,246
22547,749,0.468125,0.482,1.14,2963.181575,2473.046729,16350.66822,-28604.03939,32.9481,2943,2455,2985,2492,6.9775,4.8148,27.0812,5.1462,2.4882,-574.2635,1,0.012,1,0,749,0.260062,0.251101,0.059281,1,1,0.097626,0.09033,0.035909,1,1,0.003365,0.001473,0.00127,0.000206,0.0004,0.001724,-0.003346,0.00263,749,1,121.4255,96.4448,0,1.685415,,,QUALIFIED,,0.562259,0.837795,,,TRUE,TRUE,BOTH,normal_low,0.307491985,0.145687079,0.22659,BOTH,0,0,0.039423,0.117693,0.083689,2,MODERATE_CONVERGENCE,2,421,247
8971,627,0.391875,0.5135,1.12,1377.451356,2575.448166,18910.70415,11039.21611,21.8972,1362,2557,1399,2590,5.0888,2.4548,14.7481,4.1398,1.3963,-1926.1392,1,0,0.0755,0.2247,627,0.221172,0.214588,0.053261,1,1,,,,0,0,0.00859,0.006374,0.010194,0.005953,0.005902,0.007489,0.001607,0.005149,627,1,33.5851,91.8903,0,1.629801,,,QUALIFIED,,0.257974,0.416029,-0.268892,-2.204107,TRUE,FALSE,CPR_ONLY,normal_low,0.253333222,,0.253333,CPR_ONLY,0,0,0.018088,0.058444,0.083653,2,MODERATE_CONVERGENCE,4,422,248
24187,331,0.206875,0.7118,2.07,3187.154079,1789.601208,-735.4697885,-34203.35196,34.2117,3173,1783,3204,1798,8.9401,2.864,16.063,7.5783,2.0032,-1826.5856,1,0,0.7723,0.3853,331,,,,0,0,0.045294,0.038117,0.013013,1,1,0.000617,-4.50E-05,0.002978,0.001329,0.0021,-0.004862,-0.000793,0.008436,331,1,73.237,102.5391,0.154079,0,0.002794,0.000467,QUALIFIED,,,0.553727,3.315238,,FALSE,TRUE,S1_ONLY,no_data,,0.065156239,0.065156,S1_ONLY,0,0.281395,0,0.077788,0.083605,2,MODERATE_CONVERGENCE,2,425,249
9035,559,0.349375,0.4444,1.09,1380.155635,2685.661896,21666.04741,10971.60912,24.2859,1364,2669,1398,2706,4.3718,2.2546,16.6604,3.6598,1.5976,-1912.9665,1,0,0.1171,0.2656,559,0.210692,0.205521,0.038458,1,1,,,,0,0,0.0069,0.010875,0.011164,0.008387,0.010642,0.010978,0.005178,0.002034,559,1,33.5851,91.8903,0,3.096167,,,QUALIFIED,,-0.576087,0.248746,-0.031573,0.607184,TRUE,FALSE,CPR_ONLY,normal_low,0.238738626,,0.238739,CPR_ONLY,0.027352,0,0,0.034944,0.083322,2,MODERATE_CONVERGENCE,4,427,250
6576,198,0.12375,0.5824,1.18,1127.60101,2392.065657,14326.14141,17285.47475,22.4505,1120,2382,1137,2402,4.0093,1.9654,12.2779,3.3779,1.2097,-1906.6339,1,0,1,0,198,0.342332,0.333763,0.056652,1,1,0.047408,0.046627,0.004335,0.545455,0.545455,0.004841,0.001743,0.001797,0.001125,-0.001107,-0.000668,-0.007579,-0.00829,198,1,53.7768,91.9349,0,5.818612,,,QUALIFIED,,0.63995,0.373957,,,TRUE,TRUE,BOTH,normal_low,0.42206235,0.068409357,0.245236,BOTH,0,0,0.04487,0.052533,0.083311,2,MODERATE_CONVERGENCE,2,428,251
8631,848,0.53,0.5303,1.05,1336.764151,2328.116745,12727.41863,12056.39623,17.5312,1317,2310,1356,2351,11.3507,4.6248,29.6646,9.9054,3.6022,-1532.326,1,0.0165,0.0379,0.1584,848,0.32416,0.321278,0.075189,1,1,0.045472,0.041304,0.013479,0.365566,0.365566,0.004953,0.011483,0.002768,3.70E-05,1.20E-05,-0.000409,-0.002689,-0.004612,848,1,86.6499,88.4185,0,0.106066,,,QUALIFIED,,-1.318393,0.986633,,,TRUE,TRUE,BOTH,normal_low,0.396755766,0.065430153,0.231093,BOTH,0,0,0,0.138602,0.083188,2,MODERATE_CONVERGENCE,2,429,252
22504,320,0.2,0.4938,1.12,2969.7375,2518.740625,17493.01563,-28767.9375,33.6697,2960,2505,2984,2532,7.745,3.4821,17.7556,6.8769,2.6915,-535.7126,1,0,1,0,320,0.232594,0.224359,0.050608,1,1,0.096384,0.093849,0.01187,1,1,0.001759,0.000259,0.001556,-0.000114,-0.000192,-0.002339,-0.003332,-0.001774,320,1,121.4255,96.4448,0,2.948835,,,QUALIFIED,,0.852757,1.073265,,,TRUE,TRUE,BOTH,normal_low,0.26923966,0.143775833,0.206508,BOTH,0,0,0.059791,0.150772,0.083009,2,MODERATE_CONVERGENCE,2,431,253
17972,500,0.3125,0.6158,1.04,2470.716,2813.04,24850.5,-16292.4,29.7158,2456,2801,2485,2829,6.428,3.737,17.4897,5.4171,2.56,2314.5346,1,0,0.2247,0.3848,500,,,,0,0,0.073721,0.074048,0.01158,1,1,-0.003592,0.00192,0.002395,-0.001191,0.002139,-0.001491,-0.002145,-0.017997,500,1,224.1259,75.5495,0,8.975662,,,QUALIFIED,,,1.497286,1.697055,,FALSE,TRUE,S1_ONLY,no_data,,0.108900988,0.108901,S1_ONLY,0,0.144045,0,0.210339,0.082513,2,MODERATE_CONVERGENCE,2,433,254
14891,1446,0.90375,0.4888,1.14,2064.647994,2884.840249,26645.50622,-6140.699862,27.3445,2038,2859,2096,2910,9.6401,4.0332,24.4277,8.0692,2.965,112.3412,1,0,0.045,0.1793,1446,0.349932,0.326508,0.130129,1,1,0.044531,0.041506,0.01173,1,1,0.005743,-0.000112,-0.002499,-0.00012,-0.000164,-1.20E-05,-0.00574,-0.000659,1446,1,127.1508,86.7202,0,7.018769,,,QUALIFIED,,1.019502,,,,TRUE,TRUE,BOTH,normal_low,0.432646217,0.0639821,0.248314,BOTH,0,0,0.071482,0,0.081642,2,MODERATE_CONVERGENCE,1,436,255
7202,394,0.24625,0.5777,1.41,1195.548223,1676.373096,-3566.172589,15586.79442,15.989,1186,1661,1208,1692,7.9731,3.2526,19.7555,6.4159,1.9284,-1975.31,1,0,0.3503,0.4424,394,0.198109,0.183268,0.046455,1,1,,,,0,0,0.002928,0.001965,0.001717,0.003368,0.0039,0.005279,0.007372,0.000463,394,1,33.7027,75.9158,0,10.978616,,,QUALIFIED,,0.328893,-0.961561,-0.35359,0.937195,TRUE,FALSE,CPR_ONLY,normal_low,0.221215362,,0.221215,CPR_ONLY,0.042218,0,0.02306,0,0.081336,2,MODERATE_CONVERGENCE,4,440,256
17943,171,0.106875,0.5089,1.31,2477.818713,3085.561404,31663.53509,-16469.96784,35.6916,2471,3077,2487,3098,5.053,2.9013,17.2294,4.7468,2.1929,1995.8423,1,0,0.0288,0.1361,171,0.215123,0.200304,0.039942,0.128655,0.128655,0.140366,0.138117,0.01766,1,1,0.001196,-0.000968,-0.000468,-0.000518,-2.70E-05,0.000524,-0.00359,-0.00208,171,1,224.1259,75.5495,0,15.471688,,,QUALIFIED,,1.809365,,,,TRUE,TRUE,BOTH,normal_low,0.244909299,0.211457317,0.228183,BOTH,0,0,0.126863,0,0.081141,2,MODERATE_CONVERGENCE,1,443,257
19866,2308,1.4425,0.5377,1.28,2692.986135,2038.336222,5482.905546,-21849.15338,22.5272,2655,2012,2729,2070,11.1505,4.2237,23.4303,9.7376,3.0456,671.7626,1,0,0.0924,0.242,2308,0.297759,0.288559,0.069353,1,1,0.090977,0.081408,0.039766,1,1,0.000733,0.003219,0.004154,0.002325,0.000755,0.002431,-0.003468,-0.006167,2308,1,150.2524,84.7415,0.001733,0,0.003506,1.60E-05,QUALIFIED,,,0.440299,,,TRUE,TRUE,BOTH,normal_low,0.35998936,0.135455298,0.247722,BOTH,0,0,0,0.061853,0.080502,2,MODERATE_CONVERGENCE,1,446,258
4387,207,0.129375,0.6469,1.25,853.0144928,1492.289855,-8168.253623,24150.13768,25.4935,844,1485,864,1501,6.5539,3.5642,19.9108,5.6152,1.912,-3057.9714,1,0,0.9888,0.0791,207,0.323954,0.312546,0.087014,1,1,0.041381,0.041276,0.00272,1,1,0.007125,0.003551,0.006181,0.00608,0.007065,0.010373,0.010952,0.004509,207,1,-19.4926,68.1002,0,19.428346,,,QUALIFIED,,0.501614,0.01634,-0.468224,0.588294,TRUE,TRUE,BOTH,normal_low,0.396468888,0.059134738,0.227802,BOTH,0.026501,0,0.03517,0.002295,0.080037,2,MODERATE_CONVERGENCE,4,456,259
6060,890,0.55625,0.4855,1.21,1066.689888,2394.070787,14376.26966,18808.25281,23.6733,1046,2373,1085,2420,7.0627,4.6001,24.2577,5.5775,2.6304,-1917.7234,1,0,0.9849,0.1066,890,0.254311,0.248594,0.060144,1,1,0.05604,0.049505,0.022022,1,1,0.002114,-0.001771,0.001154,0.00034,3.40E-05,-0.002225,-0.004748,-0.001275,890,1,53.7768,91.9349,0,7.106731,,,QUALIFIED,,1.837748,0.705373,,,TRUE,TRUE,BOTH,normal_low,0.299483062,0.081692668,0.190588,BOTH,0,0,0.128853,0.099091,0.079971,2,MODERATE_CONVERGENCE,2,457,260
23521,949,0.593125,0.5255,1.02,3112.136986,1594.387777,-5615.805585,-32327.92466,32.8125,3090,1573,3133,1615,6.3424,4.0776,29.8808,4.875,2.6993,-1807.4239,1,0.0032,0.659,0.4205,949,0.291134,0.219025,0.189172,0.796628,0.796628,0.097567,0.087396,0.03181,1,1,0.001583,0.000395,0.000214,-0.000109,-0.002153,-0.005041,-0.005385,-0.0041,949,1,62.9466,93.772,0,3.640055,,,QUALIFIED,,0.750474,,,,TRUE,TRUE,BOTH,normal_low,0.350763292,0.145596287,0.24818,BOTH,0,0,0.052619,0,0.079716,2,MODERATE_CONVERGENCE,1,459,261
6555,1353,0.845625,0.3768,1.11,1133.026608,2581.272727,19056.31818,17149.83481,25.6371,1109,2549,1166,2612,5.8944,2.7484,18.5037,5.0104,1.8538,-2032.3625,1,0,0.9953,0.0548,1353,0.223435,0.21577,0.055142,1,1,0.041458,0.03993,0.010745,1,1,0.004192,-0.000366,0.00136,4.30E-05,0.004339,0.001505,-0.012546,-0.000886,1353,1,33.734,87.2227,0,6.455327,,,QUALIFIED,,1.087309,0.968382,0.653146,,TRUE,TRUE,BOTH,normal_low,0.256484708,0.059253229,0.157869,BOTH,0,0.055439,0.076236,0.136038,0.079676,2,MODERATE_CONVERGENCE,3,460,262
10386,209,0.130625,0.5238,1.11,1498.526316,3157.583732,33464.0933,8012.342105,34.4103,1488,3146,1507,3167,3.4006,1.9142,10.2021,3.1526,1.2927,-1570.1344,1,0,0.9231,0.2365,209,0.21339,0.204913,0.033759,1,1,,,,0,0,0.002333,2.80E-05,-0.000353,-0.001303,-0.002003,0.001117,-0.002622,-0.002865,209,1,25.3927,84.5067,0,5.127621,,,QUALIFIED,,0.987998,,,,TRUE,FALSE,CPR_ONLY,normal_low,0.242495899,,0.242496,CPR_ONLY,0,0,0.069273,0,0.079676,2,MODERATE_CONVERGENCE,1,460,263
5944,475,0.296875,0.5119,1.1,1062.675789,1119.781053,-17480.97368,18908.60526,25.7504,1047,1106,1076,1138,6.4048,2.4817,21.19,5.6801,1.606,-2700.841,1,0,0.9998,0.0037,475,0.170486,0.164102,0.034693,1,1,,,,0,0,0.004368,0.001522,-0.000457,0.002051,0.003612,0.005517,0.001285,-0.000591,475,1,-14.3965,65.3367,0,23.114457,,,QUALIFIED,,0.651557,,-0.527409,1.459922,TRUE,FALSE,CPR_ONLY,normal_low,0.182747182,,0.182747,CPR_ONLY,0.065766,0,0.045684,0,0.079122,2,MODERATE_CONVERGENCE,3,470,264
24102,180,0.1125,0.5042,1.24,3185.672222,1589.983333,-5725.916667,-34166.30556,34.6432,3176,1583,3197,1600,5.2983,3.0768,16.7709,4.7684,1.8512,-1819.1062,1,0,0.8087,0.3204,180,,,,0,0,0.156026,0.117748,0.096802,1,1,0.000426,-0.002015,0.002993,0.00131,-0.000139,-0.004514,-0.002773,-0.005275,180,1,62.9466,93.772,0,3.609016,,,QUALIFIED,,,0.562312,,,FALSE,TRUE,S1_ONLY,no_data,,0.235555631,0.235556,S1_ONLY,0,0,0,0.078994,0.078566,2,MODERATE_CONVERGENCE,1,479,265
3184,255,0.159375,0.5312,1.2,702.5529412,2353.666667,13366.16667,27911.67647,30.9468,692,2344,716,2364,5.6799,3.2615,18.62,5.4253,3.0643,-2128.1793,1,0,1,0,255,,,,0,0,0.072296,0.070536,0.010046,1,1,0.001714,0.000302,0.00017,0.00138,0.001306,-0.00181,-0.009423,-0.010009,255,1,40.2924,84.9679,0,15.987984,,,QUALIFIED,,0.823804,,2.385911,,FALSE,TRUE,S1_ONLY,no_data,,0.106708133,0.106708,S1_ONLY,0,0.202515,0.057761,0,0.078292,2,MODERATE_CONVERGENCE,2,485,266
3091,300,0.1875,0.4615,1.04,682.0733333,2290.836667,11795.41667,28423.66667,30.7737,668,2280,694,2305,6.4894,3.2301,21.0973,5.4184,1.7307,-2126.718,1,0,1,0,300,,,,0,0,0.08589,0.087639,0.015006,1,1,0.001377,0.000984,0.002393,0.001564,0.006327,-0.000557,0.004323,-0.000361,300,1,40.2924,84.9679,0,16.452735,,,QUALIFIED,,0.285403,0.346427,1.088035,1.083507,FALSE,TRUE,S1_ONLY,no_data,,0.127627193,0.127627,S1_ONLY,0.048809,0.092352,0.020011,0.048666,0.078269,2,MODERATE_CONVERGENCE,4,486,267
21555,235,0.146875,0.5676,1.28,2865.042553,2440.519149,15537.47872,-26150.56383,30.4189,2857,2428,2875,2451,9.4903,4.261,22.5301,7.0627,1.9168,-583.0694,1,0,1,0,235,,,,0,0,0.056803,0.055153,0.009078,1,1,0.002904,0.000524,-0.001003,-0.007833,0.001254,-0.002262,-0.003067,-0.003987,235,1,121.4255,96.4448,0,0.460977,,,QUALIFIED,,0.819559,,2.803828,,FALSE,TRUE,S1_ONLY,no_data,,0.082866807,0.082867,S1_ONLY,0,0.237987,0.057463,0,0.078204,2,MODERATE_CONVERGENCE,2,487,268
11054,155,0.096875,0.5962,1.54,1570.154839,3337.63871,37965.46774,6221.629032,38.4723,1565,3329,1578,3349,4.4896,2.5268,11.8026,3.8707,2.096,-1185.4524,1,0,0.0108,0.0728,155,0.206813,0.193712,0.06181,1,1,,,,0,0,0.001386,-0.000215,0.00092,0.000274,-0.000311,-0.003361,-0.00254,-0.01008,155,1,31.5436,77.8519,0,6.021887,,,QUALIFIED,,1.155123,,,,TRUE,FALSE,CPR_ONLY,normal_low,0.233336676,,0.233337,CPR_ONLY,0,0,0.080991,0,0.0781,2,MODERATE_CONVERGENCE,1,489,269
10515,626,0.39125,0.3249,1.15,1506.444089,2844.215655,25629.89137,7814.397764,26.795,1483,2826,1530,2867,8.4837,2.5074,16.1064,7.4538,1.5228,-1927.5536,1,0,0.0142,0.1028,626,0.208784,0.201413,0.046923,1,1,,,,0,0,0.002815,0.00284,0.004265,0.002264,-0.000546,0.002916,-0.000359,-0.000752,537,0.8578,25.3927,84.5067,0,3.53739,,,QUALIFIED,,-0.008881,0.469168,,,TRUE,FALSE,CPR_ONLY,normal_low,0.236081518,,0.236082,CPR_ONLY,0,0,0,0.065909,0.077415,2,MODERATE_CONVERGENCE,2,495,270
24275,177,0.110625,0.4917,1.11,3215.59887,1668.423729,-3764.90678,-34914.47175,35.1173,3207,1658,3225,1678,4.4054,2.1296,10.6316,3.2138,1.3144,-1829.506,1,0,1,0,177,,,,0,0,0.04126,0.040743,0.005261,1,1,0.001201,0.001345,0.001051,0.000192,0.002224,-0.004083,-0.000225,-0.000456,177,1,64.5725,120.1906,0,1.557442,,,QUALIFIED,,-0.1199,0.817317,2.835881,,FALSE,TRUE,S1_ONLY,no_data,,0.058948538,0.058949,S1_ONLY,0,0.240708,0,0.114817,0.077308,2,MODERATE_CONVERGENCE,3,498,271
2429,141,0.088125,0.5423,1.54,588.1489362,1883.886525,1621.663121,30771.7766,30.814,582,1875,595,1895,7.8792,4.6701,25.2012,7.4997,3.0353,-950.4255,1,0.0071,0.9898,0.0535,141,,,,0,0,0.063625,0.062815,0.006625,1,1,0.000981,0.002112,0.003274,0.00079,0.002769,-0.003514,-0.004845,0.002362,141,1,49.6089,82.7432,0,19.539591,,,QUALIFIED,,,0.758705,2.26905,,FALSE,TRUE,S1_ONLY,no_data,,0.093364808,0.093365,S1_ONLY,0,0.192595,0,0.106583,0.077187,2,MODERATE_CONVERGENCE,2,500,272
10739,150,0.09375,0.5556,1.2,1534.246667,3437.826667,40470.16667,7119.333333,41.092,1525,3431,1543,3446,2.6205,1.5523,7.4156,1.9073,0.586,-1208.5976,1,0,0.2608,0.3624,150,0.201817,0.190378,0.043155,1,1,,,,0,0,0.000857,-0.005258,0.002742,0.000983,-0.000388,-0.001628,-0.002508,-0.003694,150,1,31.5436,77.8519,0,5.137424,,,QUALIFIED,,,0.641503,,,TRUE,FALSE,CPR_ONLY,normal_low,0.226379175,,0.226379,CPR_ONLY,0,0,0,0.090118,0.076926,2,MODERATE_CONVERGENCE,1,504,273
2046,210,0.13125,0.5966,1.38,538.0238095,775.4809524,-26088.47619,32024.90476,41.3055,530,766,546,788,9.406,4.7661,21.1352,8.4215,3.222,-1174.2004,1,0,0.8065,0.3397,210,0.276659,0.277178,0.054743,1,1,0.088462,0.08768,0.008119,1,1,0.002132,-0.000127,0.002468,0.004479,0.000688,-0.003002,-0.01482,-0.018214,210,1,80.591,99.4056,0,21.107878,,,QUALIFIED,,1.059568,-0.81483,,,TRUE,TRUE,BOTH,normal_low,0.330605202,0.131585103,0.231095,BOTH,0,0,0.074291,0,0.076758,2,MODERATE_CONVERGENCE,2,507,274
10868,388,0.2425,0.4355,1.22,1548.773196,3416.541237,39938.03093,6756.170103,40.5059,1530,3404,1563,3431,4.7539,2.8933,14.0804,3.7711,1.2344,-1214.1779,1,0,0.4141,0.4327,388,0.204291,0.200026,0.048713,1,1,,,,0,0,0.001794,1.00E-05,0.000216,0.000118,0.000968,-0.006922,-0.005003,-0.006901,388,1,31.5436,77.8519,0,5.110345,,,QUALIFIED,,0.994426,,,,TRUE,FALSE,CPR_ONLY,normal_low,0.229824503,,0.229825,CPR_ONLY,0,0,0.069724,0,0.07592,2,MODERATE_CONVERGENCE,1,518,275
11381,1408,0.88,0.458,1.09,1587.064631,2927.554688,27713.36719,5798.884233,28.3139,1556,2900,1614,2953,6.6691,3.4558,28.4051,5.4876,2.5322,-1889.7191,1,0.0007,0.1611,0.329,1408,0.200094,0.199208,0.048742,0.489347,0.489347,,,,0,0,0.002283,-0.000401,0.000463,-0.001189,0.000526,-0.002245,-0.000797,-0.001288,1408,1,25.3927,84.5067,0,3.593397,,,QUALIFIED,,1.175646,,,,TRUE,FALSE,CPR_ONLY,normal_low,0.223979701,,0.22398,CPR_ONLY,0,0,0.08243,0,0.075437,2,MODERATE_CONVERGENCE,1,527,276
11321,340,0.2125,0.4062,1.15,1595.232353,3180.247059,34030.67647,5594.691176,34.4879,1579,3166,1610,3193,6.2408,2.5007,15.3465,5.4161,1.4257,-1759.0301,1,0,0.9569,0.1693,340,0.196795,0.197091,0.031687,1,1,,,,0,0,-0.002258,-4.80E-05,0.001931,0.000613,-0.001631,-0.00548,-0.011908,-0.017823,340,1,25.3927,84.5067,0,7.03962,,,QUALIFIED,,,0.682548,,,TRUE,FALSE,CPR_ONLY,normal_low,0.219385467,,0.219385,CPR_ONLY,0,0,0,0.095884,0.075404,2,MODERATE_CONVERGENCE,1,528,277
7009,410,0.25625,0.5125,1.28,1178.54878,1542.085366,-6923.365854,16011.78049,17.4438,1161,1530,1193,1555,5.2215,3.3713,18.036,3.6385,1.5733,-2114.53,1,0,0.277,0.3956,410,0.184585,0.181276,0.034718,1,1,,,,0,0,0.02432,0.00584,0.003865,0.005562,0.002744,0.007262,0.005375,0.001848,410,1,-19.4926,68.1002,0,14.317166,,,QUALIFIED,,0.759868,-0.439069,-1.646501,0.656186,TRUE,FALSE,CPR_ONLY,normal_low,0.202381649,,0.202382,CPR_ONLY,0.029559,0,0.053278,0,0.07491,2,MODERATE_CONVERGENCE,4,535,278
7121,664,0.415,0.4992,1.09,1187.733434,1578.167169,-6021.320783,15782.16416,16.8912,1171,1560,1209,1595,4.7952,2.2316,15.6434,3.8963,1.1519,-2070.7814,1,0,0.1612,0.3153,664,0.159702,0.154339,0.030943,1,1,,,,0,0,0.023732,0.007326,0.004051,0.004937,0.002444,0.007577,0.003832,-0.001756,664,1,-19.4926,68.1002,0,13.342531,,,QUALIFIED,,0.691303,-0.218711,-2.100245,1.458246,TRUE,FALSE,CPR_ONLY,normal_low,0.167729231,,0.167729,CPR_ONLY,0.06569,0,0.04847,0,0.074873,2,MODERATE_CONVERGENCE,4,538,279
6037,930,0.58125,0.4395,1,1065.5,1190.370968,-15716.22581,18838,24.5323,1040,1169,1086,1215,6.4086,3.7764,19.6601,5.3312,2.6492,-2548.1488,1,0,0.9349,0.212,930,0.199635,0.19832,0.040732,1,1,,,,0,0,0.001462,0.001685,0.00122,0.000561,0.000221,0.003869,-0.004005,-0.009994,930,1,-14.3965,65.3367,0,23.218271,,,QUALIFIED,,-0.152531,0.540164,,,TRUE,FALSE,CPR_ONLY,normal_low,0.223340491,,0.22334,CPR_ONLY,0,0,0,0.075882,0.07459,2,MODERATE_CONVERGENCE,2,543,280
25953,186,0.11625,0.4662,1.11,3508.973118,1794.77957,-606.0107527,-42248.82796,42.2537,3500,1784,3519,1805,5.0283,2.7394,17.1189,4.1983,1.773,-2091.066,1,0,1,0,186,0.169039,0.16969,0.019384,1,1,0.050279,0.04852,0.00797,1,1,0.001011,0.001427,0.003568,0.002393,0.001872,-0.000555,0.001484,0.000407,186,1,64.5725,120.1906,0.032258,0,0.003147,0.000441,QUALIFIED,,-0.411474,0.329316,1.296474,0.725741,TRUE,TRUE,BOTH,normal_low,0.180732069,0.072827382,0.12678,BOTH,0.032693,0.110044,0,0.046262,0.074477,2,MODERATE_CONVERGENCE,4,548,281
10571,987,0.616875,0.4565,1.02,1510.472138,3557.737589,43467.93972,7713.696555,44.1475,1485,3532,1531,3579,6.1559,3.339,22.4106,5.0756,2.206,-1161.3366,1,0,0.2975,0.4218,987,0.196275,0.181999,0.058067,1,1,,,,0,0,0.001388,-0.000323,0.000218,-0.000451,-0.000599,-0.005787,-0.009585,-0.008591,987,1,31.5436,77.8519,0,5.906987,,,QUALIFIED,,1.232709,,,,TRUE,FALSE,CPR_ONLY,normal_low,0.218661308,,0.218661,CPR_ONLY,0,0,0.086431,0,0.074241,2,MODERATE_CONVERGENCE,1,551,282
5694,372,0.2325,0.6,1.55,1021.709677,1659.217742,-3995.056452,19932.75806,20.3286,1007,1649,1038,1669,5.5988,2.1864,18.758,4.9525,1.5158,-2181.1838,1,0,0.6258,0.416,372,0.197189,0.192483,0.035301,1,1,,,,0,0,0.004515,-0.000423,-0.001936,-0.001813,-0.001595,-0.003697,-0.004022,-0.005688,372,1,33.7027,75.9158,0,13.455947,,,QUALIFIED,,1.093688,,,,TRUE,FALSE,CPR_ONLY,normal_low,0.219934157,,0.219934,CPR_ONLY,0,0,0.076684,0,0.073649,2,MODERATE_CONVERGENCE,1,559,283
12178,1905,1.190625,0.5188,1.26,1683.755906,3341.598425,38064.46063,3381.602362,38.2148,1654,3313,1722,3367,9.3316,3.9453,24.9777,8.1239,3.0098,-1083.6096,1,0,0.2155,0.3967,1905,0.197776,0.180947,0.078058,0.971129,0.971129,,,,0,0,0.001824,0.000116,-0.000549,-0.000446,0.000833,-0.001517,-0.003619,0.001431,1905,1,63.3495,86.7715,0,8.259124,,,QUALIFIED,,0.936404,,,,TRUE,FALSE,CPR_ONLY,normal_low,0.220751622,,0.220752,CPR_ONLY,0,0,0.065656,0,0.072791,2,MODERATE_CONVERGENCE,1,569,284
20302,208,0.13,0.5909,1.38,2724.759615,2897.201923,26954.54808,-22643.49038,35.204,2717,2887,2733,2909,6.5457,3.2991,16.7935,6.049,2.3019,2826.2542,1,0,0.0179,0.1011,208,0.308524,0.302272,0.049245,1,1,0.050803,0.04678,0.010237,1,1,0.001175,0.000293,-7.70E-05,-0.00137,0.000811,-0.002902,-0.003173,-0.007588,208,1,224.1259,75.5495,0,11.992602,,,QUALIFIED,,0.750638,,,,TRUE,TRUE,BOTH,normal_low,0.374980852,0.073633736,0.224307,BOTH,0,0,0.052631,0,0.072555,2,MODERATE_CONVERGENCE,1,573,285
6142,2433,1.520625,0.5475,2.3,1071.911632,1651.444718,-4189.382039,18677.70921,19.1412,1021,1633,1122,1677,6.726,2.929,19.6906,5.6163,1.9059,-2097.2165,1,0,0.4047,0.4441,2433,0.197488,0.192136,0.037093,1,1,,,,0,0,0.006635,0.000655,-0.001899,-0.001093,0.000669,-0.003095,-0.005005,-0.008728,2433,1,33.7027,75.9158,0,12.274694,,,QUALIFIED,,0.901281,,,,TRUE,FALSE,CPR_ONLY,normal_low,0.220350549,,0.220351,CPR_ONLY,0,0,0.063193,0,0.072425,2,MODERATE_CONVERGENCE,1,577,286
969,289,0.180625,0.5505,1.19,314.5882353,2224.131488,10127.7872,37610.79412,38.9502,303,2212,324,2237,6.2226,3.5463,18.508,5.3675,1.9457,-239.5037,1,0,0.0728,0.2106,289,0.205025,0.196536,0.02863,0.238754,0.238754,0.087318,0.082527,0.013967,1,1,0.0017,-9.50E-05,0.008307,0.001876,0.002673,0.005993,-0.004725,0.003331,289,1,67.2511,77.9602,0,19.682876,,,QUALIFIED,,1.055882,0.774166,-1.24205,,TRUE,TRUE,BOTH,normal_low,0.230846682,0.129824664,0.180336,BOTH,0,0,0.074033,0.108755,0.07238,2,MODERATE_CONVERGENCE,3,579,287
22826,194,0.12125,0.5623,1.53,2998.603093,2489.350515,16758.26289,-29489.57732,33.9193,2991,2478,3006,2501,7.034,3.1676,17.037,6.2902,2.333,-534.7984,1,0,1,0,194,0.245876,0.240963,0.044835,1,1,0.109306,0.107457,0.017254,1,1,0.004256,0.001439,-9.50E-05,0.001107,0.000286,-0.00115,-0.002505,-0.005941,194,1,121.4255,96.4448,0,2.672195,,,QUALIFIED,,0.661889,,,,TRUE,TRUE,BOTH,normal_low,0.287736361,0.163660789,0.225699,BOTH,0,0,0.046408,0,0.07235,2,MODERATE_CONVERGENCE,1,582,288
6410,482,0.30125,0.5766,1.73,1107.923237,1635.174274,-4596.143154,17777.41909,18.3613,1090,1624,1128,1646,4.9524,2.7141,12.1431,4.0049,1.7865,-2036.0696,1,0,0.2952,0.3973,482,0.196606,0.186641,0.039542,1,1,,,,0,0,0.016363,0.001403,-0.000885,0.000314,0.00026,-0.001713,-0.002762,-0.000627,482,1,33.7027,75.9158,0,12.823928,,,QUALIFIED,,0.914258,,,,TRUE,FALSE,CPR_ONLY,normal_low,0.219122263,,0.219122,CPR_ONLY,0,0,0.064103,0,0.072147,2,MODERATE_CONVERGENCE,1,584,289
2606,138,0.08625,0.575,1.67,622.6376812,2441.442029,15560.55072,29909.55797,33.715,613,2437,633,2449,6.9454,3.1201,16.317,7.0276,2.7619,-1051.4104,1,0,0.1687,0.3321,138,,,,0,0,0.127901,0.121256,0.031478,1,1,0.002295,0.000536,0.001047,0.000377,-0.001127,-0.002133,-0.000359,-0.001981,138,1,-8.8513,82.0245,0,14.606933,,,QUALIFIED,,0.766449,0.639924,,,FALSE,TRUE,S1_ONLY,no_data,,0.192275613,0.192276,S1_ONLY,0,0,0.053739,0.089896,0.072046,2,MODERATE_CONVERGENCE,2,586,290
1826,190,0.11875,0.3755,1.05,495.2052632,1096.715789,-18057.60526,33095.36842,37.7005,485,1087,508,1109,9.17,3.5005,19.8816,7.9114,2.0751,-1159.9436,1,0,0.6082,0.4406,190,,,,0,0,0.099043,0.09743,0.011267,1,1,0.014859,-0.000921,0.003885,0.003889,0.004921,0.005706,0.007454,-0.00348,190,1,35.9271,86.4979,0,27.937933,,,QUALIFIED,,1.061983,-0.00103,-0.15952,1.466863,FALSE,TRUE,S1_ONLY,no_data,,0.147867622,0.147868,S1_ONLY,0.066078,0,0.074461,0,0.07163,2,MODERATE_CONVERGENCE,4,593,291
11002,601,0.375625,0.4971,1.26,1558.986689,857.3960067,-24040.59983,6500.832779,24.9034,1540,842,1579,873,5.7827,3.4832,22.58,5.2891,2.597,-363.487,1,0,0.8918,0.2818,601,,,,0,0,0.035703,0.033798,0.011235,0.718802,0.718802,-0.0003,0.000179,0.002253,0.000361,0.002023,-0.003198,-0.005573,-0.00634,601,1,50.752,65.3557,0,12.950869,,,QUALIFIED,,,0.839769,2.580821,,FALSE,TRUE,S1_ONLY,no_data,,0.050397176,0.050397,S1_ONLY,0,0.219058,0,0.117971,0.070728,2,MODERATE_CONVERGENCE,2,605,292
23714,244,0.1525,0.5894,1.28,3128.786885,1684.848361,-3354.290984,-32744.17213,32.916,3121,1674,3139,1697,3.8019,2.4564,13.2401,2.9085,1.5984,-1828.5992,1,0,0.5928,0.4121,244,,,,0,0,0.060828,0.061101,0.008555,1,1,0.004838,0.002505,0.002732,0.003157,0.008168,-0.004972,0.006408,0.000164,244,1,73.237,102.5391,0,1.622498,,,QUALIFIED,,0.482224,-0.155564,1.608717,0.974407,FALSE,TRUE,S1_ONLY,no_data,,0.089060658,0.089061,S1_ONLY,0.043894,0.136547,0.033811,0,0.070577,2,MODERATE_CONVERGENCE,4,612,293
3953,3811,2.381875,0.5,1.39,819.0629756,1370.552873,-11211.67817,24998.92561,27.3973,780,1319,854,1422,10.1532,4.692,28.5675,8.7202,3.566,-3571.5447,1,0.0042,1,0,3811,0.247558,0.240139,0.057121,0.784833,0.784833,0.054153,0.05236,0.009105,1,1,0.001781,0.000295,0.002537,0.001031,-0.000933,-0.00683,-0.003892,-0.011066,3811,1,-19.4926,68.1002,0,21.156042,,,QUALIFIED,,0.834363,0.593615,,,TRUE,TRUE,BOTH,normal_low,0.290078738,0.078788867,0.184434,BOTH,0,0,0.058501,0.083391,0.069519,2,MODERATE_CONVERGENCE,2,621,294
9119,672,0.42,0.4898,1.75,1401.520833,1662.915179,-3902.620536,10437.47917,11.1426,1380,1649,1429,1677,8.0446,4.491,24.1393,6.8066,3.2086,-1672.8743,1,0,0.2192,0.3762,672,,,,0,0,0.067306,0.06518,0.014368,1,1,0.007662,0.005078,0.015311,0.003829,0.007828,0.000974,0.004006,0.000591,672,1,85.0522,75.7671,0,9.52162,,,QUALIFIED,,0.337249,0.749918,0.875575,0.852471,FALSE,TRUE,S1_ONLY,no_data,,0.099029297,0.099029,S1_ONLY,0.038402,0.074318,0.023646,0.105348,0.068992,2,MODERATE_CONVERGENCE,4,628,295
6604,389,0.243125,0.4381,1.54,1131.953728,482,-33425.5,17176.65681,37.5799,1116,471,1153,495,9.0274,4.6708,24.1863,8.5433,3.8399,2043.3513,1,0,0.3831,0.4434,389,0.116426,0.101806,0.052645,1,1,0.096752,0.093861,0.017445,1,1,0.027894,0.009521,0.003627,0.004101,0.006441,0.006644,0.005651,-0.005167,389,1,104.6201,87.4983,0,7.372457,,,QUALIFIED,,0.658672,-0.130687,-0.031517,1.914351,TRUE,TRUE,BOTH,normal_low,0.107462462,0.144342128,0.125902,BOTH,0.086236,0,0.046183,0,0.06826,2,MODERATE_CONVERGENCE,4,647,296
2774,352,0.22,0.5432,1.12,634.7698864,2301.994318,12074.35795,29606.25284,31.9735,622,2290,649,2314,6.5498,4.3335,23.4493,5.2724,3.5131,-2093.1851,1,0,1,0,352,,,,0,0,0.113524,0.111422,0.022188,1,1,-0.000437,0.002645,0.002227,0.001042,0.004037,0.004959,0.001529,0.00052,352,1,40.2924,84.9679,0,17.577151,,,QUALIFIED,,,0.532106,-0.228387,0.659908,FALSE,TRUE,S1_ONLY,no_data,,0.170151638,0.170152,S1_ONLY,0.029727,0,0,0.07475,0.067439,2,MODERATE_CONVERGENCE,3,659,297
4056,605,0.378125,0.3694,1.08,831.2743802,1343.195041,-11895.62397,24693.6405,27.4089,810,1322,849,1364,8.6636,3.827,21.4119,7.5837,2.9901,-3657.2775,1,0,1,0,605,0.250612,0.242694,0.050571,0.824793,0.824793,0.052932,0.051516,0.006215,1,1,0.003509,0.001401,0.001106,0.000549,-0.000766,-0.004224,-0.004574,0.002031,605,1,-19.4926,68.1002,0,22.368561,,,QUALIFIED,,0.600741,0.503617,,,TRUE,TRUE,BOTH,normal_low,0.294331782,0.076909938,0.185621,BOTH,0,0,0.042121,0.070748,0.066973,2,MODERATE_CONVERGENCE,2,670,298
1814,128,0.08,0.6095,1.07,499.4375,1105.0625,-17848.9375,32989.5625,37.5079,493,1099,508,1113,6.1327,3.0138,15.056,5.3505,2.0172,-1193.995,1,0,0.9541,0.1628,128,,,,0,0,0.094069,0.09344,0.009905,1,1,0.021409,0.002472,0.009753,0.009212,0.010806,0.014073,0.016263,-0.004916,128,1,35.9271,86.4979,0,28.114242,,,QUALIFIED,,0.884535,0.05547,-0.302332,1.302281,FALSE,TRUE,S1_ONLY,no_data,,0.140213407,0.140213,S1_ONLY,0.058664,0,0.062019,0.007792,0.066644,2,MODERATE_CONVERGENCE,4,676,299
6566,326,0.20375,0.6613,1.71,1126.107362,1584.736196,-5857.095092,17322.81595,18.2856,1112,1577,1141,1594,5.3363,2.054,11.804,4.643,1.2958,-2073.7502,1,0,0.0308,0.1299,326,0.146864,0.145836,0.022788,1,1,,,,0,0,0.013064,0.001963,0.002953,0.000375,0.003074,0.002459,-0.000696,0.003317,326,1,-19.4926,68.1002,0,13.836659,,,QUALIFIED,,0.84974,0.87301,0.200065,,TRUE,FALSE,CPR_ONLY,normal_low,0.149850851,,0.149851,CPR_ONLY,0,0.016981,0.059579,0.12264,0.066573,2,MODERATE_CONVERGENCE,3,678,300
8521,584,0.365,0.3817,1.32,1343.02911,1554.070205,-6623.744863,11899.77226,13.6184,1322,1539,1367,1573,4.1135,2.3771,14.6455,3.176,1.5046,-1866.8366,1,0,0.2433,0.3807,584,,,,0,0,0.073228,0.066277,0.021822,1,1,0.01187,0.003967,0.005242,0.00638,0.007267,-0.005308,0.001214,0.004829,584,1,0.5626,56.8385,0,12.546339,,,QUALIFIED,,0.665796,-0.217093,1.730425,-2.977759,FALSE,TRUE,S1_ONLY,no_data,,0.108142337,0.108142,S1_ONLY,0,0.146877,0.046682,0,0.066486,2,MODERATE_CONVERGENCE,4,680,301
3928,878,0.54875,0.3975,1,815.9487472,1313.222096,-12644.94761,25076.78132,28.0838,794,1288,841,1335,5.0726,2.9602,20.8959,4.1263,1.6167,-3691.8483,1,0,1,0,878,0.219213,0.214631,0.044031,0.158314,0.158314,0.054376,0.053921,0.004679,1,1,0.002751,-0.001362,0.002083,0.001149,0.000201,-0.009037,-0.000468,-0.013268,878,1,-19.4926,68.1002,0,23.137983,,,QUALIFIED,,1.495093,0.448392,,,TRUE,TRUE,BOTH,normal_low,0.250605091,0.07913203,0.164869,BOTH,0,0,0.104828,0.06299,0.066242,2,MODERATE_CONVERGENCE,2,684,302
5949,308,0.1925,0.496,1.17,1055.688312,2544.785714,18144.14286,19083.29221,26.3321,1043,2533,1066,2560,7.4973,3.7014,22.4382,6.6188,2.0423,-1888.7325,1,0,1,0,308,,,,0,0,0.037693,0.035108,0.009311,1,1,0.002628,-0.002493,0.001324,-0.001988,-0.001793,-0.003492,-0.003332,-0.003832,308,1,33.734,87.2227,0,8.56541,,,QUALIFIED,,1.94863,2.501511,,,FALSE,TRUE,S1_ONLY,no_data,,0.053459478,0.053459,S1_ONLY,0,0,0.136628,0.351412,0.064842,2,MODERATE_CONVERGENCE,2,715,303
8919,500,0.3125,0.5388,1.1,1374.902,1529.918,-7227.55,11102.95,13.2474,1363,1515,1392,1547,7.9873,3.9751,21.5879,6.3813,2.1645,-1855.18,1,0,0.2581,0.3868,500,,,,0,0,0.063027,0.060323,0.009714,1,1,0.01193,0.005024,0.008805,0.005095,0.004365,0.001398,0.001656,-0.000252,500,1,0.5626,56.8385,0,12.801489,,,QUALIFIED,,0.578877,0.421352,0.679725,1.152174,FALSE,TRUE,S1_ONLY,no_data,,0.092444578,0.092445,S1_ONLY,0.051902,0.057695,0.040588,0.059191,0.064821,2,MODERATE_CONVERGENCE,4,716,304
3175,800,0.5,0.5316,1.23,702.815,2238.84625,10495.65625,27905.125,29.8134,686,2220,721,2263,5.5114,3.5904,21.7158,3.5521,1.3293,-2141.2659,1,0,1,0,800,,,,0,0,0.058988,0.057237,0.007905,1,1,0.002562,0.001701,0.001842,7.40E-05,0.003715,-0.001333,-0.00255,-0.000279,800,1,40.2924,84.9679,0,15.648023,,,QUALIFIED,,0.336066,0.959826,1.358816,,FALSE,TRUE,S1_ONLY,no_data,,0.086229183,0.086229,S1_ONLY,0,0.115335,0.023563,0.134836,0.064776,2,MODERATE_CONVERGENCE,3,717,305
14567,160,0.1,0.5229,1.06,2032.6125,3548.20625,43229.65625,-5339.8125,43.5588,2025,3540,2042,3558,8.0834,2.9792,17.8495,7.255,2.2883,-754.739,1,0,0.1508,0.3321,160,0.177509,0.162279,0.047953,1,1,0.071255,0.069503,0.012622,1,1,0.010884,-0.000973,0.003846,0.000662,-0.001999,-0.003124,-0.008678,-0.007797,160,1,71.5812,82.9217,0,17.943836,,,QUALIFIED,,1.089397,0.827873,,,TRUE,TRUE,BOTH,normal_low,0.192527511,0.105106196,0.148817,BOTH,0,0,0.076383,0.1163,0.063913,2,MODERATE_CONVERGENCE,2,732,306
5119,1313,0.820625,0.5587,1.06,955.8910891,2634.397563,20384.43907,21578.22277,29.6841,929,2613,979,2660,10.0468,4.2206,25.1477,8.5777,3.063,-1427.9639,1,0.0008,0.5534,0.4794,1313,0.240849,0.232699,0.047287,0.065499,0.065499,0.037977,0.035526,0.012815,1,1,0.002008,5.50E-05,0.001935,-0.001905,0.004933,0.001252,-0.001964,0.001805,1313,1,33.734,87.2227,0,10.755958,,,QUALIFIED,,0.97261,1.984496,0.746199,,FALSE,TRUE,S1_ONLY,normal_low,,0.05389651,0.053897,S1_ONLY,0,0.063337,0.068194,0.278782,0.063534,2,MODERATE_CONVERGENCE,3,739,307
8152,941,0.588125,0.3919,1,1288.178533,1452.977683,-9151.057917,13271.03666,16.1195,1265,1426,1314,1475,3.9986,2.0597,12.1537,3.1597,1.2103,-2064.7521,1,0,0.3936,0.4406,941,,,,0,0,0.062861,0.060202,0.011116,1,1,0.002032,0.000888,0.002059,0.001074,0.001243,0.000174,0.001749,0.000379,941,1,0.5626,56.8385,0,15.171128,,,QUALIFIED,,0.562992,0.478388,0.860016,0.783305,FALSE,TRUE,S1_ONLY,no_data,,0.09218913,0.092189,S1_ONLY,0.035286,0.072998,0.039474,0.067204,0.06351,2,MODERATE_CONVERGENCE,4,742,308
8565,231,0.144375,0.558,1.28,1334.264069,1581.233766,-5944.655844,12118.89827,13.4977,1325,1571,1343,1594,3.1822,1.4689,7.7687,2.6739,1.0117,-1862.172,1,0,0.3016,0.3968,231,,,,0,0,0.055452,0.054469,0.009089,1,1,0.011568,0.001839,0.0055,0.004631,0.004228,-0.003356,0.000408,0.007228,231,1,0.5626,56.8385,0,12.041309,,,QUALIFIED,,0.841027,0.158,1.793756,,FALSE,TRUE,S1_ONLY,no_data,,0.080787827,0.080788,S1_ONLY,0,0.152253,0.058968,0.022196,0.062803,2,MODERATE_CONVERGENCE,3,752,309
24086,171,0.106875,0.5816,1.5,3181.888889,1711.333333,-2692.166667,-34071.72222,34.1784,3171,1704,3192,1718,4.2276,2.4101,14.1117,3.5996,2.1176,-1831.0781,1,0,0.822,0.3296,171,,,,0,0,0.035828,0.03506,0.003155,1,1,0.006508,-0.001853,0.005683,0.005608,0.003829,0.000787,0.003895,-0.003105,171,1,73.237,102.5391,0,0.728011,,,QUALIFIED,,1.284726,0.013197,0.794463,1.797176,FALSE,TRUE,S1_ONLY,no_data,,0.050589532,0.05059,S1_ONLY,0.080958,0.067433,0.090078,0.001854,0.062144,2,MODERATE_CONVERGENCE,4,764,310
8721,594,0.37125,0.5252,1.34,1348.555556,1578.678451,-6008.538721,11761.61111,13.2068,1333,1560,1362,1599,10.2397,4.1126,25.4574,8.2368,2.7657,-1855.5128,1,0.0017,0.2391,0.41,594,,,,0,0,0.063273,0.062641,0.008709,1,1,0.013348,0.004644,0.004792,0.006704,0.007242,-0.00534,0.001191,0.005083,594,1,0.5626,56.8385,0,11.858541,,,QUALIFIED,,0.652083,-0.398998,1.737365,-3.267842,FALSE,TRUE,S1_ONLY,no_data,,0.092823134,0.092823,S1_ONLY,0,0.147466,0.045721,0,0.061912,2,MODERATE_CONVERGENCE,4,770,311
6577,866,0.54125,0.3967,1.59,1113.91224,2509.7806,17269.01501,17627.694,24.677,1095,2476,1132,2535,5.9795,2.6244,17.8461,4.9235,2.021,-1916.1373,1,0,1,0,866,0.209757,0.202034,0.044533,1,1,0.04902,0.041394,0.028332,1,1,0.005887,0.001227,0.002046,0.000622,-0.002123,-0.002736,-0.007643,-0.008485,866,1,33.734,87.2227,0,6.512488,,,QUALIFIED,,0.791575,0.695992,,,TRUE,TRUE,BOTH,normal_low,0.237436532,0.070889976,0.154163,BOTH,0,0,0.055501,0.097773,0.061576,2,MODERATE_CONVERGENCE,2,778,312
6393,136,0.085,0.5397,1.29,1111.419118,2649.941176,20773.02941,17690.02206,27.2848,1104,2644,1122,2658,3.6147,1.5491,8.0783,3.6153,1.3962,-1969.1665,1,0,1,0,136,0.222015,0.219604,0.034247,1,1,0.02476,0.025276,0.004759,1,1,0.014814,0.00194,0.003411,0.00105,6.00E-05,-0.002703,-0.010117,-0.009282,136,1,33.734,87.2227,0,8.374142,,,QUALIFIED,,0.869043,0.692172,,,TRUE,TRUE,BOTH,normal_low,0.254507196,0.033557594,0.144032,BOTH,0,0,0.060933,0.097236,0.059026,2,MODERATE_CONVERGENCE,2,825,313
9405,156,0.0975,0.5865,1.36,1410.698718,1503.384615,-7890.884615,10208.03205,12.9016,1401,1497,1420,1511,3.657,1.4881,7.7306,3.25,1.0832,-1847.4072,1,0,0.6808,0.4012,156,,,,0,0,0.064139,0.063375,0.015912,1,1,0.003391,-0.000248,0.003366,0.001985,0.003822,0.000156,0.000444,-0.004649,156,1,0.5626,56.8385,0,13.123762,,,QUALIFIED,,1.073135,0.410279,0.959184,,FALSE,TRUE,S1_ONLY,no_data,,0.094155774,0.094156,S1_ONLY,0,0.081415,0.075242,0.057636,0.057818,2,MODERATE_CONVERGENCE,3,844,314
3897,209,0.130625,0.4739,1,798.4497608,1911.258373,2305.95933,25514.25598,25.6178,789,1901,810,1922,10.872,4.3128,26.4493,8.8522,2.2691,-1661.147,1,0.0096,1,0,209,,,,0,0,0.071258,0.070874,0.005464,1,1,0.009266,-7.00E-05,0.001067,-0.000271,-7.30E-05,-0.006382,-0.006559,-0.003323,209,1,49.6089,82.7432,0,14.299869,,,QUALIFIED,,1.007555,1.253983,,,FALSE,TRUE,S1_ONLY,no_data,,0.105110812,0.105111,S1_ONLY,0,0,0.070644,0.176159,0.056214,2,MODERATE_CONVERGENCE,2,867,315
8980,1470,0.91875,0.5094,2.11,1389.659184,1446.231973,-9319.70068,10734.02041,14.2146,1372,1407,1409,1485,7.0317,3.0237,21.6588,5.9508,2.125,-2003.3545,1,0,0.7967,0.3692,1470,,,,0,0,0.074422,0.074647,0.019085,1,1,0.004945,0.000146,0.001589,0.000244,-8.70E-05,-0.000563,-0.004715,-0.004786,1470,1,0.5626,56.8385,0,13.993056,,,QUALIFIED,,0.970475,0.846444,,,FALSE,TRUE,S1_ONLY,no_data,,0.109979718,0.10998,S1_ONLY,0,0,0.068045,0.118908,0.051689,2,MODERATE_CONVERGENCE,2,946,316
5816,439,0.274375,0.5501,2.21,1038.872437,2609.931663,19772.79157,19503.68907,27.7733,1030,2589,1049,2631,10.3941,3.0492,21.6039,9.0348,1.6263,-1744.8002,1,0,0.9977,0.0477,439,,,,0,0,0.038756,0.038023,0.007353,1,1,-0.002714,0.001341,-0.000571,-0.001177,0.002654,-8.00E-05,0.002391,-0.000706,439,1,33.734,87.2227,0,9.465893,,,QUALIFIED,,,,1.030143,1.295274,FALSE,TRUE,S1_ONLY,no_data,,0.05509527,0.055095,S1_ONLY,0.058349,0.087438,0,0,0.051521,2,MODERATE_CONVERGENCE,2,950,317
9725,2135,1.334375,0.5626,1.25,1420.219204,1466.949883,-8801.752927,9970.019906,13.2986,1396,1431,1451,1500,10.0932,3.9438,28.3047,8.7152,2.9803,-1917.1477,1,0.0023,0.041,0.1693,2135,,,,0,0,0.051478,0.046065,0.015696,1,1,0.001454,0.00155,0.002145,0.000807,0.00219,-0.00026,-0.000814,-0.006102,2135,1,0.5626,56.8385,0,13.433168,,,QUALIFIED,,-0.066025,0.623776,1.118721,,FALSE,TRUE,S1_ONLY,no_data,,0.074672457,0.074672,S1_ONLY,0,0.094956,0,0.087628,0.050156,2,MODERATE_CONVERGENCE,3,970,318
24238,127,0.079375,0.5292,1.07,3204.472441,1685.385827,-3340.854331,-34636.31102,34.7975,3196,1677,3212,1692,3.6923,2.3229,12.0842,3.3386,1.4473,-1835.7575,1,0,0.9975,0.0206,127,,,,0,0,0.048119,0.041125,0.014831,1,1,0.001066,0.001974,0.002219,0.000659,0.004289,-0.000568,0.002204,0.003075,127,1,64.5725,120.1906,0,1.274755,,,QUALIFIED,,-0.851782,0.703019,1.132432,-0.395191,FALSE,TRUE,S1_ONLY,no_data,,0.069503476,0.069503,S1_ONLY,0,0.09612,0,0.09876,0.049951,2,MODERATE_CONVERGENCE,4,974,319
10959,525,0.328125,0.5939,1.31,1561.198095,1294.708571,-13107.78571,6445.547619,14.6061,1549,1277,1575,1311,7.9072,3.4868,20.7403,7.1447,2.8668,-1191.552,1,0,0.5748,0.4774,525,,,,0,0,0.033926,0.03241,0.00708,1,1,-1.40E-05,0.002866,-0.00046,0.003451,0.006907,-0.001885,0.00294,-4.30E-05,525,1,0.5626,56.8385,0,16.723804,,,QUALIFIED,,,,1.272912,1.014626,FALSE,TRUE,S1_ONLY,no_data,,0.047662648,0.047663,S1_ONLY,0.045706,0.108044,0,0,0.04962,2,MODERATE_CONVERGENCE,2,977,320
5189,1638,1.02375,0.5417,1.31,975.3376068,2493.717949,16867.44872,21092.05983,27.0071,942,2471,1005,2519,11.5034,3.5056,25.6994,9.9044,2.1851,-1694.3438,1,0.0012,1,0,1638,,,,0,0,0.054418,0.052605,0.011498,1,1,0.005523,0.003301,0.00585,0.003128,0.007265,0.00673,0.002825,3.10E-05,1638,1,33.734,87.2227,0,9.547153,,,QUALIFIED,,0.402318,0.465299,0.073641,0.989027,FALSE,TRUE,S1_ONLY,no_data,,0.079196661,0.079197,S1_ONLY,0.044553,0.006251,0.028208,0.065365,0.047732,2,MODERATE_CONVERGENCE,4,1007,321
3932,130,0.08125,0.625,1.23,804.4307692,1922.784615,2594.115385,25364.73077,25.4966,798,1915,811,1931,6.9361,3.6267,17.2105,6.8638,2.8216,-1626.1219,1,0,1,0,130,,,,0,0,0.059536,0.059278,0.006133,1,1,0.008344,0.002098,0.004021,-7.20E-05,-0.001669,-0.000849,-0.004607,-0.000976,130,1,33.7027,75.9158,0,14.1039,,,QUALIFIED,,0.748562,1.017906,,,FALSE,TRUE,S1_ONLY,no_data,,0.08707247,0.087072,S1_ONLY,0,0,0.052485,0.142995,0.04567,2,MODERATE_CONVERGENCE,2,1042,322
9108,232,0.145,0.4249,1.24,1385.150862,1545.594828,-6835.62931,10846.72845,12.8203,1375,1536,1396,1562,7.8357,3.8985,20.7674,6.5844,2.1837,-1815.4228,1,0,0.1381,0.3127,232,,,,0,0,0.065923,0.066329,0.009914,1,1,0.017211,0.004159,0.011399,0.006746,0.004883,0.003605,0.001491,0.00321,232,1,0.5626,56.8385,0,12.33192,,,QUALIFIED,,0.758352,0.408194,0.261724,-1.152918,FALSE,TRUE,S1_ONLY,no_data,,0.096901074,0.096901,S1_ONLY,0,0.022215,0.053172,0.057343,0.044565,2,MODERATE_CONVERGENCE,4,1060,323
4821,1696,1.06,0.4672,1.2,900.7458726,863.9770047,-23876.07488,22956.85318,33.1216,866,835,932,890,9.9401,3.7653,25.3187,8.5223,2.7967,-2714.9495,1,0.0006,1,0,1696,,,,0,0,0.038523,0.037768,0.004967,1,1,0.004106,0.000289,0.001547,-0.000789,0.000536,-0.001743,-0.003035,-0.001011,1696,1,-14.3965,65.3367,0,17.527264,,,QUALIFIED,,0.929615,1.510019,,,FALSE,TRUE,S1_ONLY,no_data,,0.054736719,0.054737,S1_ONLY,0,0,0.06518,0.212127,0.044152,2,MODERATE_CONVERGENCE,2,1065,324
12711,2519,1.574375,0.5632,1.13,1765.327114,1220.087336,-14973.31659,1342.322152,15.0328,1729,1190,1800,1253,10.7959,4.2165,27.7002,9.3859,3.5608,-2730.407,1,0.0004,1,0,2519,,,,0,0,0.028105,0.022673,0.038945,1,1,0.007904,0.002513,-0.000138,0.000374,0.003759,-0.002341,-0.007983,-0.006719,2519,1,121.4156,78.1985,0,17.890291,,,QUALIFIED,,0.68206,,1.622772,,FALSE,TRUE,S1_ONLY,no_data,,0.038705031,0.038705,S1_ONLY,0,0.13774,0.047822,0,0.043942,2,MODERATE_CONVERGENCE,2,1070,325
4074,186,0.11625,0.6458,1.12,813.344086,1900.887097,2046.677419,25141.89785,25.2246,804,1893,822,1909,7.0084,3.2326,17.1258,6.7354,2.9084,-1635.1189,1,0,1,0,186,,,,0,0,0.064513,0.063764,0.006717,1,1,0.012784,-0.00014,0.003597,0.001637,-0.001093,0.001866,-0.001522,-0.003204,186,1,33.7027,75.9158,0,14.074201,,,QUALIFIED,,1.010951,0.544899,,,FALSE,TRUE,S1_ONLY,no_data,,0.094731302,0.094731,S1_ONLY,0,0,0.070882,0.076547,0.043162,2,MODERATE_CONVERGENCE,2,1075,326
8415,445,0.278125,0.465,1.14,1326.761798,1606.260674,-5318.983146,12306.45506,13.4061,1310,1592,1343,1621,6.8022,3.9713,26.1067,5.9043,2.9511,-1847.8968,1,0.0022,0.0387,0.1672,445,,,,0,0,0.047883,0.046025,0.009356,1,1,0.013743,0.003239,0.0052,0.006227,0.010454,0.000137,1.80E-05,0.001562,445,1,85.0522,75.7671,0,11.487602,,,QUALIFIED,,0.764316,-0.1975,0.986895,,FALSE,TRUE,S1_ONLY,no_data,,0.069140309,0.06914,S1_ONLY,0,0.083767,0.05359,0,0.042854,2,MODERATE_CONVERGENCE,3,1080,327
14756,342,0.21375,0.5758,1.23,2060.640351,810.122807,-25222.42982,-6040.508772,25.9353,2046,799,2073,821,8.6884,4.1453,19.9993,8.0411,3.0456,2159.188,1,0,0.0575,0.1967,342,,,,0,0,0.051716,0.049127,0.012998,1,1,0.00692,0.003341,0.0058,0.003487,0.005174,0.005693,0.005758,0.001958,342,1,202.389,88.4478,0,16.429413,,,QUALIFIED,,0.517197,0.398793,-0.100309,0.659951,FALSE,TRUE,S1_ONLY,no_data,,0.075038702,0.075039,S1_ONLY,0.029729,0,0.036263,0.056022,0.040659,2,MODERATE_CONVERGENCE,4,1103,328
10957,249,0.155625,0.5986,1.62,1561.313253,1202.903614,-15402.90964,6442.668675,16.6954,1553,1190,1569,1216,5.1774,2.7468,14.2905,4.7621,2.1204,-1138.1311,1,0,0.7605,0.3745,249,,,,0,0,0.025778,0.025513,0.004191,1,1,0.004499,0.001801,0.001978,0.003982,0.00338,-0.00093,0.005767,0.004037,249,1,0.5626,56.8385,0,19.067151,,,QUALIFIED,,0.599689,-1.013145,1.275148,0.299983,FALSE,TRUE,S1_ONLY,no_data,,0.035124139,0.035124,S1_ONLY,0.013513,0.108234,0.042047,0,0.040443,2,MODERATE_CONVERGENCE,4,1105,329
3898,358,0.22375,0.5812,1.27,795.1871508,1944.986034,3149.150838,25595.82123,25.7884,783,1935,811,1957,5.2571,2.7954,16.1272,4.1734,1.6868,-1636.7048,1,0,1,0,358,,,,0,0,0.061829,0.061376,0.00647,0.600559,0.600559,0.005918,0.00214,0.00259,0.00126,-0.001326,-0.006725,-0.009965,-0.008617,358,1,49.6089,82.7432,0,13.977147,,,QUALIFIED,,0.638391,0.513514,,,FALSE,TRUE,S1_ONLY,no_data,,0.090601042,0.090601,S1_ONLY,0,0,0.044761,0.072138,0.03887,2,MODERATE_CONVERGENCE,2,1132,330
9255,138,0.08625,0.6133,2.78,1400.181159,1430.144928,-9721.876812,10470.97101,14.2876,1396,1418,1405,1443,4.1118,2.1402,11.269,3.9287,1.7643,-2053.8142,1,0,0.811,0.3536,138,,,,0,0,0.052774,0.053903,0.006044,1,1,0.002825,-0.000748,0.001296,0.000687,-0.000501,0.002258,-0.00465,-0.011391,138,1,0.5626,56.8385,0,14.849516,,,QUALIFIED,,1.264779,0.469907,,,FALSE,TRUE,S1_ONLY,no_data,,0.0766668,0.076667,S1_ONLY,0,0,0.08868,0.066012,0.038469,2,MODERATE_CONVERGENCE,2,1138,331
4232,536,0.335,0.5497,1.56,831.4514925,1951.281716,3306.54291,24689.21269,24.9092,811,1941,850,1966,8.3253,3.55,19.638,6.6064,1.9501,-1623.1492,1,0,1,0,536,,,,0,0,0.043435,0.044081,0.004316,0.233209,0.233209,0.008919,-0.000764,0.003265,0.001003,0.000551,0.004184,-0.006853,-0.001043,536,1,33.7027,75.9158,0,12.93602,,,QUALIFIED,,1.08566,0.692802,,,FALSE,TRUE,S1_ONLY,no_data,,0.062295526,0.062296,S1_ONLY,0,0,0.076121,0.097325,0.036033,2,MODERATE_CONVERGENCE,2,1165,332
3715,162,0.10125,0.5294,1.06,780.7160494,2216.746914,9943.17284,25957.59877,27.7965,774,2209,792,2226,4.061,2.5724,13.7422,3.2936,1.1367,-2142.9797,1,0,1,0,162,,,,0,0,0.029819,0.029482,0.002278,1,1,0.00448,4.30E-05,0.004518,0.000243,-0.003449,-0.002667,-0.005042,-0.005455,162,1,40.2924,84.9679,0,13.83912,,,QUALIFIED,,0.990402,0.946215,,,FALSE,TRUE,S1_ONLY,no_data,,0.041342612,0.041343,S1_ONLY,0,0,0.069442,0.132924,0.03264,2,MODERATE_CONVERGENCE,2,1196,333
3721,306,0.19125,0.4928,1.17,774.2908497,2205.01634,9649.908497,26118.22876,27.8436,764,2193,791,2216,6.6332,2.6768,17.0029,5.4951,1.2102,-2128.9373,1,0,1,0,306,,,,0,0,0.029068,0.027738,0.003659,0.986928,0.986928,0.002528,-0.000501,0.003777,0.000767,-0.002003,-0.00669,-0.002938,-0.001319,306,1,40.2924,84.9679,0,13.854422,,,QUALIFIED,,1.19818,0.796929,,,FALSE,TRUE,S1_ONLY,no_data,,0.040186939,0.040187,S1_ONLY,0,0,0.08401,0.111953,0.031652,2,MODERATE_CONVERGENCE,2,1204,334
12167,487,0.304375,0.487,1.6,1697.11499,1185.082136,-15848.44661,3047.625257,16.1382,1685,1167,1710,1207,5.8538,3.4173,20.5165,5.8187,3.204,-2953.7718,1,0,1,0,487,,,,0,0,0.015405,0.009492,0.013273,1,1,0.006367,0.001292,0.000632,0.001421,0.003311,-0.000359,0.000263,-0.002873,487,1,131.1381,81.2218,0,19.000592,,,QUALIFIED,,0.797079,,1.108426,,FALSE,TRUE,S1_ONLY,no_data,,0.019161699,0.019162,S1_ONLY,0,0.094082,0.055887,0,0.030154,2,MODERATE_CONVERGENCE,2,1215,335
14665,161,0.100625,0.4735,1.18,2054.068323,745.9503106,-26826.74224,-5876.208075,27.4624,2046,738,2066,755,11.2855,4.0707,20.2465,8.813,2.5353,2073.9766,1,0,0.1635,0.3252,161,,,,0,0,0.035242,0.034154,0.005264,1,1,0.005238,0.001759,0.003459,0.001939,0.000239,-0.001486,0.00083,-0.004689,161,1,117.2382,89.0249,0,15.028577,,,QUALIFIED,,0.664185,0.439433,,,FALSE,TRUE,S1_ONLY,no_data,,0.049687768,0.049688,S1_ONLY,0,0,0.046569,0.061732,0.025736,2,MODERATE_CONVERGENCE,2,1238,336
11306,344,0.215,0.6067,1.29,1600.875,1000.290698,-20468.23256,5453.625,21.1817,1588,990,1615,1011,9.1797,4.6988,24.1711,8.1463,3.9881,-699.6463,1,0,0.0244,0.1448,344,,,,0,0,0.025086,0.029185,0.011965,1,1,0.012208,0.003299,-0.000793,0.000583,-0.001923,-0.003125,0.002259,0.000805,217,0.6308,131.1381,81.2218,0,16.704958,,,QUALIFIED,,0.729767,,,0.643648,FALSE,TRUE,S1_ONLY,no_data,,0.034059258,0.034059,S1_ONLY,0.028995,0,0.051167,0,0.024033,2,MODERATE_CONVERGENCE,2,1252,337
9135,138,0.08625,0.3632,1.05,1391.42029,3560.318841,43532.47101,10689.99275,44.8262,1383,3550,1402,3570,8.9838,2.1376,14.3596,8.751,1.4748,-537.6916,1,0,0.0557,0.1843,138,0.187855,0.176542,0.049456,1,1,,,,0,0,-0.00255,0.000438,0.000225,0.002041,0.001135,-0.009275,-0.004447,0.000785,138,1,31.5436,77.8519,0,4.392109,,,QUALIFIED,,,,9.171806,,TRUE,FALSE,CPR_ONLY,normal_low,0.206935497,,0.206935,CPR_ONLY,0,0.778497,0,0,0.21778,1,LOW_CONVERGENCE,1,9,338
10790,192,0.12,0.6857,1.43,1542.260417,3559.166667,43503.66667,6918.989583,44.0509,1536,3550,1550,3570,6.1374,2.086,11.7554,5.0747,1.1375,-1196.6952,1,0,0.0571,0.188,192,0.157247,0.152993,0.023267,1,1,,,,0,0,-0.000761,0.001552,-1.60E-05,0.000396,0.001179,-0.008984,0.000298,-0.009925,192,1,31.5436,77.8519,0,6.672565,,,QUALIFIED,,,,8.620017,,TRUE,FALSE,CPR_ONLY,normal_low,0.164310364,,0.16431,CPR_ONLY,0,0.731661,0,0,0.195625,1,LOW_CONVERGENCE,1,13,339
17360,587,0.366875,0.5395,1.06,2391.420784,2541.701874,18067.04685,-14310.01959,23.0484,2375,2529,2407,2563,6.1561,3.879,22.9986,4.9746,2.4516,2153.2771,1,0,0.0745,0.2207,587,0.259592,0.246576,0.07877,1,1,0.05849,0.057303,0.011358,1,1,-0.004293,-0.006693,-0.004934,-0.00421,0.002671,-0.01726,-0.01265,-0.022431,587,1,159.2376,82.1903,0,1.923051,,,QUALIFIED,,,,7.461999,,TRUE,TRUE,BOTH,normal_low,0.306837457,0.085462838,0.19615,BOTH,0,0.63337,0,0,0.185519,1,LOW_CONVERGENCE,1,23,340
2004,134,0.08375,0.5317,1.29,532.1044776,957.5820896,-21535.94776,32172.88806,38.7148,526,950,540,968,8.4315,3.0949,17.2858,7.846,2.285,-1145.8248,1,0,0.0179,0.1018,134,,,,0,0,0.398556,0.428507,0.095605,1,1,0.07962,0.082785,0.1209,0.127208,0.162533,0.152132,0.156936,0.171076,134,1,35.9271,86.4979,0,24.707008,,,QUALIFIED,,-0.039751,-0.052175,0.063993,-0.0901,FALSE,TRUE,S1_ONLY,no_data,,0.608771725,0.608772,S1_ONLY,0,0.005432,0,0,0.183718,1,LOW_CONVERGENCE,4,25,341
8822,166,0.10375,0.7411,1.14,1358.572289,2439.433735,15510.34337,11511.19277,19.3153,1351,2433,1367,2447,7.4999,3.4449,19.0119,6.3276,1.8984,-1606.9316,1,0,0.0106,0.0701,166,0.470059,0.463788,0.082587,1,1,,,,0,0,0.000938,0.001912,0.000863,-0.001065,4.60E-05,-0.005426,-0.002564,-0.009014,166,1,33.5851,91.8903,0,0.614919,,,QUALIFIED,,,,,,TRUE,FALSE,CPR_ONLY,normal_low,0.599936775,,0.599937,CPR_ONLY,0,0,0,0,0.179981,1,LOW_CONVERGENCE,0,26,342
7972,223,0.139375,0.5963,1.29,1279.578475,2450.578475,15788.96188,13486.03812,20.7646,1269,2443,1291,2460,8.121,3.8419,19.6865,6.1743,2.3973,-1862.5065,1,0,0.2271,0.3864,223,0.412219,0.401902,0.11884,1,1,,,,0,0,0.005169,0.003429,0.002165,0.001489,0.006876,0.000536,0.001586,0.001808,223,1,33.5851,91.8903,0,2.482438,,,QUALIFIED,,0.336622,0.31224,0.922048,-0.139975,TRUE,FALSE,CPR_ONLY,normal_low,0.519387974,,0.519388,CPR_ONLY,0,0.078263,0.023602,0.043863,0.178216,1,LOW_CONVERGENCE,4,29,343
6476,219,0.136875,0.6801,1.64,1116.858447,1455.986301,-9075.842466,17554.03881,19.7608,1110,1444,1124,1467,5.6449,3.0758,15.7158,4.1335,1.4837,-2279.2661,1,0,0.5043,0.4601,219,0.185051,0.177066,0.034951,1,1,,,,0,0,0.009322,0.005015,0.003004,0.001823,0.001325,-0.007136,-0.001411,-0.00636,219,1,-19.4926,68.1002,0,16.937901,,,QUALIFIED,,0.462025,0.393142,6.38566,,TRUE,FALSE,CPR_ONLY,normal_low,0.203030607,,0.203031,CPR_ONLY,0,0.542011,0.032395,0.055229,0.178074,1,LOW_CONVERGENCE,3,30,344
9326,342,0.21375,0.5361,1.32,1402.096491,3274.716374,36392.40936,10423.08772,37.856,1391,3260,1413,3289,6.718,3.438,20.2441,5.311,1.5534,-1305.9282,1,0,0.0485,0.1813,342,0.176557,0.171198,0.028462,1,1,,,,0,0,-0.003257,0.001715,0.000663,-0.000189,0.001147,-0.006271,-0.006925,-0.006446,342,1,31.5436,77.8519,0,1.959751,,,QUALIFIED,,,,6.467306,,TRUE,FALSE,CPR_ONLY,normal_low,0.191201742,,0.191202,CPR_ONLY,0,0.548941,0,0,0.167149,1,LOW_CONVERGENCE,1,37,345
20075,398,0.24875,0.5768,1.3,2709.429648,640.2738693,-29468.65327,-22260.24121,36.9312,2699,627,2722,657,7.2272,4.577,28.3605,7.0289,5.2735,-4446.6569,1,0.0101,0.4321,0.4497,398,0.757334,0.738919,0.153077,1,1,0.032328,0.031086,0.007111,1,1,0.00575,0.007665,0.00137,0.006893,0.012586,0.005283,-0.00313,-0.005068,398,1,-42.3675,82.1954,0,0.375832,,,QUALIFIED,,-0.333043,-4.031387,0.580248,,TRUE,TRUE,BOTH,typical,1,0.045203574,0.522602,BOTH,0,0.049251,0,0,0.166631,1,LOW_CONVERGENCE,3,38,346
8190,715,0.446875,0.4062,1.1,1288.612587,2466.288112,16181.7028,13260.18531,20.9209,1264,2451,1308,2491,7.7876,4.2119,25.4628,6.1548,2.5913,-1859.5126,1,0.0014,0.1363,0.3115,715,0.400105,0.400627,0.09654,1,1,,,,0,0,0.014349,0.012194,0.008649,0.008143,0.012673,0.007922,0.007294,0.004483,715,1,33.5851,91.8903,0,2.180166,,,QUALIFIED,,0.150185,0.058504,0.374892,0.385385,TRUE,FALSE,CPR_ONLY,normal_low,0.502517846,,0.502518,CPR_ONLY,0.017361,0.031821,0.01053,0.008219,0.164203,1,LOW_CONVERGENCE,4,41,347
2607,188,0.1175,0.4608,1.41,615.143617,2450.712766,15792.31915,30096.90957,33.9883,603,2443,627,2460,6.8225,3.3541,15.2282,5.2868,2.1061,-1036.6668,1,0,0.1079,0.2542,188,,,,0,0,0.10907,0.10327,0.021253,1,1,-6.40E-05,0.001007,0.000433,0.002439,-0.002953,-0.004132,0.0013,-0.009018,188,1,-8.8513,82.0245,0,14.295301,,,QUALIFIED,,,,,7.936923,FALSE,TRUE,S1_ONLY,no_data,,0.163297622,0.163298,S1_ONLY,0.357537,0,0,0,0.15625,1,LOW_CONVERGENCE,1,58,348
7893,980,0.6125,0.5057,1.68,1279.068367,2487.772449,16718.81122,13498.79082,21.4881,1252,2469,1309,2503,6.2069,3.3965,22.4703,5.1664,2.3702,-1910.2402,1,0,0.1831,0.3342,980,0.368136,0.357974,0.080108,1,1,,,,0,0,0.012256,0.007796,0.006621,0.007519,0.01343,0.005015,0.002972,0.003878,980,1,33.5851,91.8903,0,2.460818,,,QUALIFIED,,0.363903,-0.135629,0.626582,-0.304845,TRUE,FALSE,CPR_ONLY,normal_low,0.457997365,,0.457997,CPR_ONLY,0,0.053184,0.025515,0,0.150587,1,LOW_CONVERGENCE,4,67,349
7754,978,0.61125,0.5175,1.07,1257.226994,2449.147239,15753.18098,14044.82515,21.105,1239,2428,1281,2473,6.108,3.2274,19.0759,5.0339,2.0414,-1892.3859,1,0,0.2311,0.3559,978,0.353783,0.354534,0.085692,1,1,,,,0,0,0.013929,0.011097,0.007303,0.006001,0.008565,0.001177,0.002136,0.002343,978,1,33.5851,91.8903,0,2.655772,,,QUALIFIED,,0.203317,0.178283,0.86258,-0.09691,TRUE,FALSE,CPR_ONLY,normal_low,0.438009174,,0.438009,CPR_ONLY,0,0.073215,0.014256,0.025045,0.149976,1,LOW_CONVERGENCE,4,68,350
1131,374,0.23375,0.4198,1.22,355.5614973,2419.989305,15024.23262,36586.46257,39.5509,339,2405,372,2432,8.1017,4.2654,21.8649,7.951,3.9861,-30.3201,1,0,0.0354,0.1368,374,0.229899,0.208177,0.081465,1,1,0.076921,0.069376,0.023237,1,1,0.000673,-0.002496,-0.001805,0.000867,0.001804,-0.007914,-0.010185,-0.016332,374,1,-57.4093,73.0638,0,14.698235,,,QUALIFIED,,,,5.386918,,TRUE,TRUE,BOTH,normal_low,0.265486565,0.113825292,0.189656,BOTH,0,0.457238,0,0,0.148344,1,LOW_CONVERGENCE,1,70,351
17730,336,0.21,0.375,1.14,2452.511905,1461.184524,-8945.886905,-15837.29762,18.1894,2439,1446,2467,1478,10.9736,4.8905,27.7459,9.7638,3.5051,3030.3485,1,0.003,0.0977,0.2539,336,0.386003,0.384265,0.087039,1,1,,,,0,0,0.003915,0.002022,0.00166,0.001981,-0.004429,-0.015866,-0.007266,-0.009713,336,1,170.0244,80.4071,0,9.550916,,,QUALIFIED,,0.483525,-0.193373,,,TRUE,FALSE,CPR_ONLY,normal_low,0.482879202,,0.482879,CPR_ONLY,0,0,0.033902,0,0.148254,1,LOW_CONVERGENCE,2,71,352
7894,128,0.08,0.5614,1.58,1270.945313,2754.835938,23395.39844,13701.86719,27.1126,1266,2746,1278,2765,6.7209,3.8295,17.0292,5.7219,2.054,-1997.6806,1,0,0.3241,0.4335,128,0.391891,0.394965,0.072845,1,1,,,,0,0,-8.40E-05,0.002593,8.40E-05,-0.002783,-0.001561,-0.01964,-0.003435,-0.001523,128,1,33.5851,91.8903,0,6.485416,,,QUALIFIED,,,,,,TRUE,FALSE,CPR_ONLY,normal_low,0.491078914,,0.491079,CPR_ONLY,0,0,0,0,0.147324,1,LOW_CONVERGENCE,0,73,353
9467,197,0.123125,0.5457,1,1417.64467,3260.913706,36047.34264,10034.38325,37.4183,1408,3252,1427,3271,6.1052,2.6764,12.5951,5.343,1.6032,-1309.9344,1,0,0.0928,0.2501,197,0.182241,0.16963,0.054232,1,1,,,,0,0,-0.001953,0.00186,0.000362,0.000219,0.002564,-0.010596,-0.005579,-0.005399,197,1,31.5436,77.8519,0,2.449745,,,QUALIFIED,,,,5.132605,,TRUE,FALSE,CPR_ONLY,normal_low,0.199117361,,0.199117,CPR_ONLY,0,0.435652,0,0,0.146865,1,LOW_CONVERGENCE,1,74,354
1622,129,0.080625,0.4607,1.43,464.9147287,928.3178295,-22267.55426,33852.63178,40.519,459,919,473,939,12.9704,4.7559,22.8223,9.3005,1.4603,-1330.9197,1,0,0.142,0.3097,129,0.596994,0.610101,0.108548,0.635659,0.635659,0.112974,0.114243,0.012737,1,1,0.000988,-0.000171,0.003811,0.002701,-0.000801,0.002637,-0.002014,-0.01029,129,1,35.9271,86.4979,0,25.266641,,,QUALIFIED,,,0.291262,,,TRUE,TRUE,BOTH,typical,0.77670825,0.169305273,0.473007,BOTH,0,0,0,0.040916,0.145994,1,LOW_CONVERGENCE,1,76,355
1125,198,0.12375,0.7174,1.92,346.3989899,990.3838384,-20715.90404,36815.52525,42.243,336,985,359,997,6.6069,3.5152,17.7773,6.756,3.3217,-2333.3895,1,0,1,0,198,0.570811,0.567972,0.141339,1,1,0.138609,0.129994,0.028005,1,1,-0.0016,0.002348,-0.000903,0.000259,-0.003446,-0.008271,-0.008758,-0.008226,198,1,46.1389,95.783,0,28.314142,,,QUALIFIED,,,,,,TRUE,TRUE,BOTH,typical,0.740245434,0.208753566,0.4745,BOTH,0,0,0,0,0.14235,1,LOW_CONVERGENCE,0,86,356
24449,1198,0.74875,0.443,1,3230.994157,783.1953255,-25895.61686,-35299.35392,43.7794,3204,757,3256,809,5.7667,4.1843,24.3009,4.7734,3.1776,-5755.5526,1,0,1,0,1198,0.21644,0.180355,0.106245,1,1,0.092257,0.092883,0.013118,1,1,0.000324,-0.004385,0.002281,0.001869,0.001351,-0.004637,-0.002393,-0.001808,1198,1,-101.9481,118.7877,0.355593,0,2.30E-05,1.30E-05,QUALIFIED,,,0.180623,4.432272,,TRUE,TRUE,BOTH,normal_low,0.246743372,0.13742502,0.192084,BOTH,0,0.376208,0,0.025374,0.135404,1,LOW_CONVERGENCE,2,99,357
24316,226,0.14125,0.5979,1.17,3219.20354,788.9070796,-25752.82301,-35004.5885,43.4573,3211,780,3229,801,4.17,2.2174,10.4354,3.264,0.789,-5755.7995,1,0,1,0,226,0.163302,0.162719,0.021857,1,1,0.099746,0.100126,0.010612,1,1,0.00072,1.00E-05,0.000673,0.003516,0.001181,-0.004852,-0.002398,-0.002302,226,1,-101.9481,118.7877,0.221239,0,2.50E-05,1.90E-05,QUALIFIED,,,,5.108383,,TRUE,TRUE,BOTH,normal_low,0.172742642,0.14894943,0.160846,BOTH,0,0.433596,0,0,0.134973,1,LOW_CONVERGENCE,1,100,358
17592,465,0.290625,0.6889,1.08,2433.378495,1552.868817,-6653.77957,-15358.96237,16.7386,2422,1541,2447,1568,7.9458,4.3785,23.8887,6.6121,3.13,2602.8038,1,0,0.2402,0.3926,465,0.361101,0.365174,0.067915,1,1,,,,0,0,-2.70E-05,0.000597,-0.00019,0.00045,-0.005631,-0.018412,-0.008671,-0.003791,465,1,170.0244,80.4071,0,7.266576,,,QUALIFIED,,,,,,TRUE,FALSE,CPR_ONLY,normal_low,0.448200325,,0.4482,CPR_ONLY,0,0,0,0,0.13446,1,LOW_CONVERGENCE,0,101,359
1660,319,0.199375,0.6329,1.14,462.5830721,657.7460815,-29031.84796,33910.9232,44.6401,452,645,473,669,6.2364,4.8964,24.0016,4.4942,2.7126,-1308.83,1,0,0.1263,0.2991,319,0.24556,0.237351,0.061032,1,1,0.087828,0.085662,0.010787,1,1,-0.00795,0.000901,-0.001159,-2.80E-05,0.001477,-0.00469,-6.00E-05,-0.014897,319,1,80.591,99.4056,0,20.537101,,,QUALIFIED,,,,4.175355,,TRUE,TRUE,BOTH,normal_low,0.287296295,0.130609475,0.208953,BOTH,0,0.354401,0,0,0.133566,1,LOW_CONVERGENCE,1,105,360
7501,237,0.148125,0.4122,1.09,1229.43038,2455.50211,15912.05274,14739.74051,21.69,1216,2446,1241,2469,6.4153,3.9541,22.7063,5.6149,2.7012,-1937.1764,1,0,0.7445,0.384,237,0.321639,0.310057,0.062554,1,1,,,,0,0,0.012679,0.007845,0.007583,0.005338,0.007076,0.005836,0.006482,0.004847,237,1,33.5851,91.8903,0,3.747416,,,QUALIFIED,,0.38126,0.296057,0.17524,0.252237,TRUE,FALSE,CPR_ONLY,normal_low,0.393244986,,0.393245,CPR_ONLY,0.011363,0.014874,0.026732,0.04159,0.131189,1,LOW_CONVERGENCE,4,111,361
15562,4916,3.0725,0.4234,1.43,2161.720911,3232.800244,35344.5061,-8567.522783,36.3687,2094,3187,2223,3277,8.2588,3.8765,24.2316,6.8491,2.6929,-476.4401,1,0,0.0374,0.1604,4916,0.487973,0.439787,0.263493,1,1,0.100572,0.070623,0.158531,1,1,0.000854,0.001767,0.000934,0.001959,0.003819,0.000603,0.000285,0.000963,4916,1,71.5812,82.9217,0,15.054256,,,QUALIFIED,,,,0.842105,,TRUE,TRUE,BOTH,normal_low,0.624884065,0.150220516,0.387552,BOTH,0,0.071477,0,0,0.130561,1,LOW_CONVERGENCE,1,113,362
14628,607,0.379375,0.4152,1.26,2034.711697,206.708402,-40307.78995,-5392.292422,40.6664,2017,189,2060,223,7.4311,3.8681,21.6709,5.9999,2.7071,-2371.1692,1,0,1,0,607,0.312194,0.30647,0.046784,1,1,,,,0,0,-0.014833,0.000303,0.001256,0.003901,0.001586,7.50E-05,-0.002223,0.000304,607,1,57.7818,98.3332,0,2.581182,,,QUALIFIED,,,-2.105892,0.952711,,TRUE,FALSE,CPR_ONLY,normal_low,0.380091745,,0.380092,CPR_ONLY,0,0.080865,0,0,0.130201,1,LOW_CONVERGENCE,2,114,363
13973,200,0.125,0.5556,1.11,1951.42,116.665,-42558.875,-3310,42.6869,1942,106,1960,126,8.2718,4.724,20.5226,7.9462,3.4556,-2327.8006,1,0,1,0,200,0.336316,0.331403,0.051639,1,1,,,,0,0,0.003525,0.004611,0.006254,0.005956,0.00899,0.010576,0.006539,0.007891,200,1,35.5577,101.3636,0.215,0,0.000112,6.30E-05,QUALIFIED,,-0.308085,0.04765,-0.176418,-0.206759,TRUE,FALSE,CPR_ONLY,normal_low,0.413684383,,0.413684,CPR_ONLY,0,0,0,0.006694,0.124775,1,LOW_CONVERGENCE,4,126,364
24967,154,0.09625,0.6039,1.13,3313.623377,965.3376623,-21342.05844,-37365.08442,43.0308,3306,959,3323,974,5.2573,2.2425,15.2821,4.2102,0.5639,-5682.6815,1,0,1,0,154,0.207065,0.204244,0.037406,1,1,0.074011,0.071076,0.014404,1,1,0.000526,-0.000108,9.80E-05,0.000493,0.001057,-0.003503,-0.002733,0.002311,154,1,-93.9919,109.8179,0.435065,0,2.50E-05,1.20E-05,QUALIFIED,,,,4.314096,,TRUE,TRUE,BOTH,normal_low,0.233687614,0.109347253,0.171517,BOTH,0,0.366178,0,0,0.124691,1,LOW_CONVERGENCE,1,127,365
7493,148,0.0925,0.5139,1.12,1234.635135,2535.628378,17915.20946,14609.62162,23.1171,1226,2528,1244,2544,5.4935,3.4348,16.8719,5.1086,2.5888,-2016.9224,1,0,0.557,0.4222,148,0.311916,0.297982,0.08514,1,1,,,,0,0,0.024578,0.014863,0.013024,0.011782,0.015569,0.015202,0.018533,0.010185,148,1,33.5851,91.8903,0,4.439102,,,QUALIFIED,,0.395272,0.095362,0.023572,0.45044,TRUE,FALSE,CPR_ONLY,normal_low,0.379704599,,0.379705,CPR_ONLY,0.020291,0.002001,0.027714,0.013396,0.12451,1,LOW_CONVERGENCE,4,128,366
16098,285,0.178125,0.4957,1.09,2231.480702,2855.726316,25917.65789,-10311.51754,27.8942,2222,2842,2245,2867,5.2474,3.3482,17.7402,4.4778,1.9913,626.1005,1,0,0.2799,0.3936,285,0.570989,0.542096,0.144517,0.835088,0.835088,0.060493,0.0623,0.007621,1,1,-0.001601,0.001996,-0.002171,-0.000306,0.000849,-0.003717,-0.005957,-0.005614,285,1,127.1508,86.7202,0,8.19287,,,QUALIFIED,,,,,,TRUE,TRUE,BOTH,typical,0.74049332,0.088545145,0.414519,BOTH,0,0,0,0,0.124356,1,LOW_CONVERGENCE,0,129,367
12575,517,0.323125,0.5402,1.14,1735.427466,3217.454545,34960.86364,2089.813346,35.0237,1719,3205,1752,3234,8.2145,3.8895,24.1423,6.776,2.2278,-1543.0605,1,0,0.2964,0.4186,517,0.184912,0.18171,0.032884,1,1,,,,0,0,-0.000509,0.000369,0.002003,-0.007029,-0.00105,-0.001445,-0.007341,-0.004076,517,1,63.3495,86.7715,0,10.25,,,QUALIFIED,,,4.509236,,,TRUE,FALSE,CPR_ONLY,normal_low,0.202837033,,0.202837,CPR_ONLY,0,0,0,0.633457,0.124197,1,LOW_CONVERGENCE,1,130,368
14943,413,0.258125,0.4275,1.83,2086.292978,2888.154964,26728.37409,-6681.824455,27.5515,2076,2868,2099,2910,6.1998,3.2745,19.4358,5.0992,1.5984,151.5695,1,0,0.2998,0.411,413,0.587391,0.577377,0.167147,1,1,0.043656,0.042306,0.011821,1,1,0.000202,-0.003154,-0.009009,0.000774,-0.002538,-0.003601,-0.004433,-0.007836,413,1,127.1508,86.7202,0,7.547268,,,QUALIFIED,,,,,,TRUE,TRUE,BOTH,typical,0.763334977,0.062635611,0.412985,BOTH,0,0,0,0,0.123895,1,LOW_CONVERGENCE,0,131,369
7808,313,0.195625,0.5008,1,1255.460064,2404.942492,14648.0623,14088.9984,20.324,1244,2394,1269,2419,5.3219,2.7723,17.8755,4.4592,1.2712,-1833.0358,1,0,0.1219,0.2598,313,0.329486,0.326495,0.046577,1,1,,,,0,0,0.040319,0.044064,0.054314,0.054743,0.066682,0.066664,0.06788,0.062602,313,1,33.5851,91.8903,0,2.614025,,,QUALIFIED,,-0.092884,-0.007899,0.00027,0.077755,TRUE,FALSE,CPR_ONLY,normal_low,0.404172829,,0.404173,CPR_ONLY,0.003503,2.30E-05,0,0,0.122307,1,LOW_CONVERGENCE,4,135,370
10988,265,0.165625,0.4569,1.45,1550.264151,3396.679245,39441.48113,6718.896226,40.0101,1536,3387,1565,3407,4.0023,3.0178,19.4182,3.9265,2.4122,-1209.3038,1,0,0.4645,0.439,265,0.330113,0.308486,0.100145,1,1,,,,0,0,0.05428,0.055922,0.08419,0.083136,0.101428,0.109657,0.107925,0.106113,265,1,31.5436,77.8519,0,5.240289,,,QUALIFIED,,-0.030251,0.012519,-0.081131,0.016789,TRUE,FALSE,CPR_ONLY,normal_low,0.405045998,,0.405046,CPR_ONLY,0.000756,0,0,0.001759,0.121917,1,LOW_CONVERGENCE,4,136,371
10264,474,0.29625,0.5255,1.86,1481.64135,3249.5,35762,8434.466245,36.7435,1465,3239,1506,3261,9.5701,4.5857,29.4476,8.3696,3.4032,-1271.8029,1,0.0127,0.0479,0.187,474,0.317571,0.253459,0.134888,1,1,,,,0,0,8.80E-05,0.002982,0.000824,0.000246,0.00323,0.002217,-0.004529,-0.007442,474,1,31.5436,77.8519,0,3.858108,,,QUALIFIED,,,,0.313622,,TRUE,FALSE,CPR_ONLY,normal_low,0.387579832,,0.38758,CPR_ONLY,0,0.02662,0,0,0.121598,1,LOW_CONVERGENCE,1,137,372
14169,1198,0.74875,0.5541,1.02,1969.085142,148.3881469,-41765.79633,-3751.628548,41.9335,1944,129,1991,175,7.0116,4.0613,27.5435,6.0103,3.627,-2396.8074,1,0.0025,1,0,1198,0.301354,0.279747,0.080184,1,1,,,,0,0,0.00512,0.002855,0.005128,0.005714,0.007708,0.004071,-0.005442,-0.004247,1198,1,35.5577,101.3636,0,0.403113,,,QUALIFIED,,0.442383,-0.114275,0.471847,,TRUE,FALSE,CPR_ONLY,normal_low,0.364995808,,0.364996,CPR_ONLY,0,0.04005,0.031018,0,0.120611,1,LOW_CONVERGENCE,3,140,373
10091,158,0.09875,0.5197,1.19,1474.018987,2992.025316,29325.13291,8625.025316,30.5676,1466,2984,1485,3000,10.7046,2.6961,17.7289,9.8024,1.99,-1727.1468,1,0,0.0129,0.0741,158,0.296027,0.298338,0.058096,1,1,,,,0,0,0.006357,0.006182,0.004917,0.003664,0.005187,0.002406,0.003798,0.007071,158,1,25.3927,84.5067,0,7.017834,,,QUALIFIED,,0.027529,0.25483,0.536148,-0.861769,TRUE,FALSE,CPR_ONLY,normal_low,0.357577353,,0.357577,CPR_ONLY,0,0.045508,0.00193,0.035798,0.120147,1,LOW_CONVERGENCE,4,142,374
501,245,0.153125,0.3926,1.08,189.9142857,2318.008163,12474.70408,40727.64286,42.595,179,2307,205,2331,10.0486,4.3273,23.5136,8.734,2.7203,-253.6049,1,0,0.0193,0.1092,245,0.448962,0.43091,0.184155,1,1,0.140005,0.14563,0.03747,1,1,0.129433,0.15342,0.200243,0.217268,0.25443,0.240478,0.286833,0.261524,245,1,67.2511,77.9602,0,18.211603,,,QUALIFIED,,-0.185324,-0.085022,0.054836,0.088236,TRUE,TRUE,BOTH,normal_low,0.570556795,0.210901794,0.390729,BOTH,0.003975,0.004654,0,0,0.119342,1,LOW_CONVERGENCE,4,144,375
7541,2568,1.605,0.5637,1.01,1251.306464,2370.623832,13790.09579,14192.8384,19.789,1221,2335,1289,2402,6.0842,2.9636,18.3618,4.9413,1.8079,-1785.1664,1,0,0.36,0.4223,2568,0.311657,0.304163,0.07239,1,1,,,,0,0,0.028478,0.032411,0.036891,0.04024,0.049866,0.043012,0.047691,0.041707,2568,1,86.6499,88.4185,0,2.02608,,,QUALIFIED,,-0.138107,-0.090781,0.137448,0.125474,TRUE,FALSE,CPR_ONLY,normal_low,0.379343912,,0.379344,CPR_ONLY,0.005652,0.011666,0,0,0.117832,1,LOW_CONVERGENCE,4,148,376
15334,291,0.181875,0.5575,1.61,2129.536082,2799.90378,24522.0945,-7762.902062,25.7221,2113,2791,2142,2809,9.2118,4.1762,25.4595,7.2689,1.8871,283.3603,1,0.0034,0.5195,0.4823,291,0.302113,0.287613,0.060838,1,1,0.019101,0.021446,0.013446,0.85567,0.85567,-0.002766,0.008541,1.10E-05,-0.001198,0.001512,-0.003635,-0.001652,0.001001,291,1,127.1508,86.7202,0,6.510088,,,QUALIFIED,,,,3.404101,,TRUE,TRUE,BOTH,normal_low,0.366052802,0.02484927,0.195451,BOTH,0,0.288938,0,0,0.116423,1,LOW_CONVERGENCE,1,153,377
15010,135,0.084375,0.3913,1.53,2090.82963,196.0296296,-40574.75926,-6795.240741,41.1394,2080,190,2103,205,3.9923,2.1487,10.4295,4.2509,1.6587,-2506.7564,1,0,1,0,135,0.305157,0.30201,0.053771,1,1,,,,0,0,0.00376,0.004169,0.00465,0.003049,0.003861,0.008967,0.000569,0.002893,135,1,57.7818,98.3332,0,3.377962,,,QUALIFIED,,-0.108777,0.344301,-1.322455,,TRUE,FALSE,CPR_ONLY,normal_low,0.37029192,,0.370292,CPR_ONLY,0,0,0,0.048367,0.115924,1,LOW_CONVERGENCE,3,156,378
14140,1096,0.685,0.451,1.2,1970.310219,236.1432482,-39571.9188,-3782.255474,39.7518,1939,209,1993,254,6.7096,3.6476,21.8714,5.7052,3.0586,-2397.8166,1,0,1,0,1096,0.304984,0.299311,0.053675,1,1,0.023519,0.022042,0.003673,0.042883,0.042883,0.004484,0.002681,0.005565,0.004903,0.005743,0.006896,0.002159,0.004363,1096,1,35.5577,101.3636,0,2.55,,,QUALIFIED,,0.402096,0.118958,-0.200766,-1.020843,TRUE,FALSE,CPR_ONLY,normal_low,0.370050997,,0.370051,CPR_ONLY,0,0,0.028193,0.016711,0.115506,1,LOW_CONVERGENCE,4,158,379
6863,181,0.113125,0.6704,1.2,1156.110497,1925.049724,2650.743094,16572.73757,16.783,1148,1918,1163,1936,7.2283,3.2147,16.016,5.7354,1.5088,-868.0239,1,0,0.8281,0.3374,181,0.281668,0.280767,0.04368,1,1,,,,0,0,0.021185,0.008745,0.004969,0.00508,0.00184,0.000755,-0.007114,-0.008007,181,1,33.7027,75.9158,0,6.298115,,,QUALIFIED,,0.587208,-0.022338,0.589674,,TRUE,FALSE,CPR_ONLY,normal_low,0.337580806,,0.337581,CPR_ONLY,0,0.050051,0.041172,0,0.115402,1,LOW_CONVERGENCE,3,160,380
8503,1281,0.800625,0.5882,2,1316.857143,1347.847775,-11779.30562,12554.07143,17.2143,1301,1314,1334,1380,10.6583,3.8481,24.3341,9.368,3.0783,-2000.8348,1,0,1,0,1281,,,,0,0,0.137865,0.127298,0.053193,1,1,0.001872,0.001034,0.000116,0.002384,0.002021,-0.003853,0.000442,-0.000136,1281,1,0.5626,56.8385,0,17.199564,,,QUALIFIED,,0.44765,,2.906482,,FALSE,TRUE,S1_ONLY,no_data,,0.207608666,0.207609,S1_ONLY,0,0.2467,0.031387,0,0.114761,1,LOW_CONVERGENCE,2,162,381
11369,1783,1.114375,0.4176,1.15,1615.827818,3082.515423,31587.38559,5079.804543,31.9937,1591,3051,1652,3121,6.1578,3.0492,18.7395,5.169,2.2506,-1758.5938,1,0,0.1893,0.3522,1783,0.167642,0.164011,0.030311,1,1,,,,0,0,0.001282,0.001739,0.001228,0.000992,0.001173,-0.002833,-0.003355,-0.006402,1783,1,66.0189,90.6798,0,7.209412,,,QUALIFIED,,-0.356474,0.192182,3.415175,,TRUE,FALSE,CPR_ONLY,normal_low,0.178786587,,0.178787,CPR_ONLY,0,0.289878,0,0.026998,0.114312,1,LOW_CONVERGENCE,3,163,382
13918,603,0.376875,0.4467,1.5,1949.366501,221.358209,-39941.54478,-3258.662521,40.0738,1935,200,1965,245,4.68,2.7274,15.7491,3.8887,2.1027,-2411.4232,1,0,1,0,603,0.288841,0.286976,0.03098,1,1,0.026884,0.027039,0.004052,0.082919,0.082919,0.006522,0.005938,0.007486,0.006557,0.009667,0.005745,0.006305,0.006035,603,1,35.5577,101.3636,0,1.923051,,,QUALIFIED,,0.089543,0.124098,0.40571,0.042823,TRUE,FALSE,CPR_ONLY,normal_low,0.347570028,,0.34757,CPR_ONLY,0.001929,0.034436,0.006278,0.017433,0.114108,1,LOW_CONVERGENCE,4,164,383
17473,472,0.295,0.4932,1.14,2408.150424,1573.15678,-6146.580508,-14728.26059,15.9597,2394,1557,2423,1590,6.7739,3.0308,14.7006,6.0925,2.282,2562.251,1,0,0.7536,0.4017,472,0.330372,0.322921,0.099882,1,1,0.016277,0.016331,0.001453,0.90678,0.90678,-0.000525,0.000974,0.000592,0.001347,0.001038,-0.002011,-0.003455,-0.007326,472,1,170.0244,80.4071,0,6.580274,,,QUALIFIED,,,,2.93738,,TRUE,TRUE,BOTH,normal_low,0.405406685,0.020503572,0.212955,BOTH,0,0.249323,0,0,0.113751,1,LOW_CONVERGENCE,1,165,384
7860,3158,1.97375,0.4429,1.85,1276.5076,2754.849272,23395.73179,13562.81001,27.0429,1249,2693,1311,2808,9.2733,4.7698,24.1449,7.8699,3.9359,-2026.0266,1,0,0.3213,0.4485,3158,0.288892,0.27927,0.076561,1,1,,,,0,0,0.028526,0.022047,0.025751,0.027775,0.033092,0.025144,0.03102,0.022965,3158,1,33.5851,91.8903,0,5.512769,,,QUALIFIED,,0.227126,-0.078599,0.240179,0.259671,TRUE,FALSE,CPR_ONLY,normal_low,0.347641051,,0.347641,CPR_ONLY,0.011697,0.020386,0.015925,0,0.113471,1,LOW_CONVERGENCE,4,167,385
8871,640,0.4,0.5387,1.63,1364.576563,2814.728125,24892.70313,11361.08594,27.363,1352,2792,1379,2836,6.7739,3.0653,16.3876,5.6367,2.0437,-1708.5616,1,0,0.0727,0.2213,640,0.304527,0.298139,0.073312,1,1,,,,0,0,0.016117,0.017372,0.027139,0.026864,0.030408,0.029942,0.030707,0.026539,640,1,25.3927,84.5067,0,5.217519,,,QUALIFIED,,-0.077868,0.010133,0.015325,0.135735,TRUE,FALSE,CPR_ONLY,normal_low,0.369414573,,0.369415,CPR_ONLY,0.006114,0.001301,0,0.001423,0.113061,1,LOW_CONVERGENCE,4,169,386
8422,954,0.59625,0.5521,1.33,1320.133124,2804.181342,24629.03354,12472.17191,27.6072,1298,2787,1346,2823,11.6323,3.5182,21.8417,9.8456,2.3247,-1850.8356,1,0,0.0028,0.0322,954,0.300979,0.292836,0.05534,1,1,,,,0,0,0.019534,0.022902,0.029339,0.033345,0.039395,0.035268,0.037177,0.034685,954,1,25.3927,84.5067,0,5.912117,,,QUALIFIED,,-0.172417,-0.136542,0.104759,0.067031,TRUE,FALSE,CPR_ONLY,normal_low,0.364473578,,0.364474,CPR_ONLY,0.00302,0.008892,0,0,0.112027,1,LOW_CONVERGENCE,4,174,387
16067,309,0.193125,0.5659,1.24,2228.614887,3232.433657,35335.34142,-10239.87217,36.7898,2215,3222,2241,3243,6.3256,3.1035,17.4508,5.384,2.1766,-410.0891,1,0,0.044,0.159,309,0.504061,0.499269,0.137617,1,1,0.065063,0.057345,0.033674,1,1,0.000673,-0.00046,-0.002355,-0.000887,-0.004002,-0.006422,-0.006358,-0.002074,309,1,71.5812,82.9217,0,16.825669,,,QUALIFIED,,,,,,TRUE,TRUE,BOTH,typical,0.647288441,0.095577667,0.371433,BOTH,0,0,0,0,0.11143,1,LOW_CONVERGENCE,0,176,388
7448,509,0.318125,0.4281,1.41,1238.740668,2413.612967,14864.82417,14506.9833,20.7706,1219,2400,1260,2429,5.5289,2.5779,14.2369,4.6477,1.3188,-1861.899,1,0,0.3407,0.4064,509,0.301329,0.292322,0.059943,1,1,,,,0,0,0.02449,0.027837,0.035754,0.034481,0.040517,0.042026,0.04185,0.03821,509,1,33.5851,91.8903,0,3.003852,,,QUALIFIED,,-0.136668,0.035604,-0.037244,0.086977,TRUE,FALSE,CPR_ONLY,normal_low,0.364960993,,0.364961,CPR_ONLY,0.003918,0,0,0.005002,0.111164,1,LOW_CONVERGENCE,4,178,389
19983,428,0.2675,0.5487,1.15,2679.485981,1895.983645,1924.091121,-21511.64953,21.5981,2666,1885,2696,1911,5.6917,3.0171,20.0299,4.7905,2.07,181.2083,1,0,0.079,0.2198,428,0.280869,0.274062,0.055164,1,1,0.063336,0.059997,0.017909,1,1,0.001261,0.002466,0.000306,0.005296,0.001107,-0.001921,-0.00302,-0.011306,428,1,147.9055,80.9548,0,0.230489,0.003906,0.001458,QUALIFIED,,-0.955591,,2.735321,,TRUE,TRUE,BOTH,normal_low,0.336468108,0.092920082,0.214694,BOTH,0,0.232172,0,0,0.110843,1,LOW_CONVERGENCE,2,180,390
8475,252,0.1575,0.5767,1.21,1331.833333,3379.055556,39000.88889,12179.66667,40.8588,1323,3367,1342,3390,4.0384,1.8581,10.8362,2.754,0.8003,-886.1587,1,0,0.0748,0.2094,252,0.188611,0.189185,0.019779,1,1,,,,0,0,-0.000406,0.003094,0.000805,0.001821,0.001195,-0.00221,-0.002006,-0.005439,252,1,31.5436,77.8519,0.003968,0,0.002922,0.000959,QUALIFIED,,,,2.849372,,TRUE,FALSE,CPR_ONLY,normal_low,0.207988313,,0.207988,CPR_ONLY,0,0.241853,0,0,0.110767,1,LOW_CONVERGENCE,1,181,391
14387,952,0.595,0.5965,1.11,2015.281513,2795.119748,24402.4937,-4906.537815,24.8915,1997,2774,2035,2816,9.9378,2.8241,25.3062,8.3775,1.7669,149.3744,1,0.0011,0.0186,0.1056,952,0.490653,0.485716,0.151985,1,1,0.069111,0.064191,0.021624,1,1,-2.30E-05,0.003259,4.50E-05,-0.002212,-1.70E-05,-0.004648,-0.007407,-0.01484,946,0.9937,159.2376,82.1903,0,4.583939,,,QUALIFIED,,,,,,TRUE,TRUE,BOTH,normal_low,0.628616271,0.101806912,0.365212,BOTH,0,0,0,0,0.109564,1,LOW_CONVERGENCE,0,189,392
11553,586,0.36625,0.4228,1.27,1615.47099,3174.266212,33881.15529,5088.725256,34.2616,1599,3155,1632,3197,6.5909,3.2431,21.6625,5.8013,2.7655,-1737.8656,1,0,0.6695,0.4156,586,0.282753,0.273524,0.071004,1,1,,,,0,0,0.002743,0.001329,0.001108,0.0008,-0.003487,-0.012677,-0.00594,-0.008493,586,1,66.0189,90.6798,0,7.573185,,,QUALIFIED,,0.515494,0.277978,,,TRUE,FALSE,CPR_ONLY,normal_low,0.339091793,,0.339092,CPR_ONLY,0,0,0.036144,0.03905,0.109247,1,LOW_CONVERGENCE,2,191,393
8381,2408,1.505,0.4549,1.18,1314.708887,2703.762043,22118.55108,12607.77782,25.4597,1283,2669,1350,2748,6.9316,2.6635,20.7348,5.7717,1.8487,-1989.8596,1,0,0.1451,0.325,2408,0.256944,0.256197,0.045324,1,1,,,,0,0,0.008387,0.003522,0.002993,0.002491,0.003603,0.001254,-0.000671,-0.006097,2408,1,33.5851,91.8903,0,3.918067,,,QUALIFIED,,0.580064,0.167725,0.651957,,TRUE,FALSE,CPR_ONLY,normal_low,0.303149815,,0.30315,CPR_ONLY,0,0.055338,0.040671,0.023562,0.108436,1,LOW_CONVERGENCE,3,193,394
11159,129,0.080625,0.5039,1,1576.844961,3406.697674,39691.94186,6054.375969,40.1515,1569,3400,1585,3416,6.343,1.8828,11.3385,4.7516,0.8514,-1191.7278,1,0,0.0772,0.2205,129,0.257482,0.242292,0.076757,1,1,,,,0,0,0.002055,0.001114,0.000105,0.00029,0.002263,0.000428,-0.004224,-0.00799,129,1,31.5436,77.8519,0,6.093285,,,QUALIFIED,,0.457908,,0.810871,,TRUE,FALSE,CPR_ONLY,normal_low,0.303899041,,0.303899,CPR_ONLY,0,0.068826,0.032106,0,0.108145,1,LOW_CONVERGENCE,2,194,395
1118,440,0.275,0.704,1,349.0659091,976.4159091,-21065.10227,36748.85227,42.3575,336,964,361,989,6.9991,3.843,22.4769,6.296,3.8811,-2348.3554,1,0,1,0,440,0.440347,0.420285,0.112777,1,1,0.105527,0.103435,0.016143,1,1,-0.003648,0.003124,-0.001453,0.000936,-0.003425,-0.012191,-0.013911,-0.012567,440,1,46.1389,95.783,0,27.93253,,,QUALIFIED,,,,,,TRUE,TRUE,BOTH,normal_low,0.558559424,0.157845494,0.358202,BOTH,0,0,0,0,0.107461,1,LOW_CONVERGENCE,0,197,396
7664,879,0.549375,0.4569,1.41,1234.938567,3115.122867,32402.57167,14602.03584,35.541,1216,3090,1253,3142,9.2783,4.1325,22.358,7.86,3.131,-1417.0355,1,0,0.0074,0.0544,879,0.27898,0.269749,0.051364,1,1,,,,0,0,0.012061,0.011009,0.014016,0.013714,0.019676,0.012961,0.017709,0.017207,879,1,25.3927,84.5067,0,2.013237,,,QUALIFIED,,0.087223,0.021547,0.341279,0.028347,TRUE,FALSE,CPR_ONLY,normal_low,0.33383746,,0.333837,CPR_ONLY,0.001277,0.028968,0.006116,0.003027,0.107242,1,LOW_CONVERGENCE,4,199,397
6402,656,0.41,0.3719,1.36,1085.28811,2215.583841,9914.096037,18343.29726,20.8508,1067,2200,1116,2236,11.175,3.3539,27.8916,9.7577,1.6598,-1145.5978,1,0.0061,0.0648,0.2073,656,0.292328,0.278816,0.079825,1,1,,,,0,0,0.021197,0.019448,0.025138,0.026749,0.032555,0.031169,0.028777,0.028587,656,1,53.7768,91.9349,0,5.740753,,,QUALIFIED,,0.082512,-0.064086,0.042574,0.006602,TRUE,FALSE,CPR_ONLY,normal_low,0.352426073,,0.352426,CPR_ONLY,0.000297,0.003614,0.005785,0,0.107118,1,LOW_CONVERGENCE,4,201,398
20824,354,0.22125,0.4758,1.29,2783.293785,2356.338983,13432.97458,-24106.84463,27.5975,2771,2345,2802,2369,6.8166,3.9004,21.5455,5.7279,2.546,-369.6304,1,0,0.1922,0.3411,354,,,,0,0,0.205051,0.222557,0.125578,1,1,-0.001079,-0.000129,0.00026,-0.000436,0.001723,0.000325,-0.002054,-0.005799,354,1,150.2524,84.7415,0,0.090139,0.00339,0.001138,QUALIFIED,,,,0.811376,,FALSE,TRUE,S1_ONLY,no_data,,0.31099751,0.310998,S1_ONLY,0,0.068869,0,0,0.107073,1,LOW_CONVERGENCE,1,202,399
14485,487,0.304375,0.4909,1.03,2018.973306,184.1211499,-40872.47125,-4998.832649,41.1766,2006,168,2037,200,4.0232,2.7009,25.1536,3.3421,1.3525,-2410.8846,1,0.0021,1,0,487,0.273308,0.27104,0.027786,1,1,,,,0,0,-0.029483,0.004803,0.002793,0.006109,0.007013,0.003269,-0.002331,0.004189,487,1,57.7818,98.3332,0,2.019437,,,QUALIFIED,,,-1.187254,0.533866,,TRUE,FALSE,CPR_ONLY,normal_low,0.325938552,,0.325939,CPR_ONLY,0,0.045314,0,0,0.106844,1,LOW_CONVERGENCE,2,204,400
10935,129,0.080625,0.5972,1.5,1556.015504,455.7364341,-34082.08915,6575.112403,34.7099,1550,446,1562,464,6.5903,2.4709,11.9877,6.4259,1.9209,-32.1929,1,0,0.6189,0.4686,129,0.521418,0.483906,0.160567,1,1,0.025738,0.02336,0.006528,1,1,0.112372,0.140106,0.183028,0.195841,0.237512,0.245386,0.245132,0.235455,129,1,162.995,83.983,0,3.050102,,,QUALIFIED,,-0.246805,-0.070006,-0.033152,0.039477,TRUE,TRUE,BOTH,typical,0.671460044,0.035062585,0.353261,BOTH,0.001778,0,0,0,0.106512,1,LOW_CONVERGENCE,4,207,401
8757,851,0.531875,0.5,1.24,1356.802585,2788.560517,24238.51293,11555.43537,26.8523,1339,2767,1376,2813,8.1223,4.0513,22.4263,7.0133,3.1851,-1747.0606,1,0,0.365,0.4582,851,0.288775,0.283061,0.065228,1,1,,,,0,0,0.03401,0.040082,0.053554,0.05724,0.064818,0.061229,0.066435,0.062084,851,1,33.5851,91.8903,0,4.955111,,,QUALIFIED,,-0.178536,-0.068828,0.05537,0.065493,TRUE,FALSE,CPR_ONLY,normal_low,0.347478115,,0.347478,CPR_ONLY,0.00295,0.0047,0,0,0.106068,1,LOW_CONVERGENCE,4,209,402
14329,466,0.29125,0.5011,1.03,2004.401288,168.4420601,-41264.4485,-4634.532189,41.5235,1989,151,2019,182,8.8461,4.5767,18.0463,7.2711,3.4649,-2425.7087,1,0,1,0,466,0.264714,0.253028,0.053604,1,1,,,,0,0,0.001261,0.002136,0.005256,0.004407,0.007992,0.005079,0.002608,0.001977,466,1,57.7818,98.3332,0,1.542927,,,QUALIFIED,,-0.693894,0.16153,0.364489,0.241948,TRUE,FALSE,CPR_ONLY,normal_low,0.313970426,,0.31397,CPR_ONLY,0.010899,0.030938,0,0.022692,0.105918,1,LOW_CONVERGENCE,4,212,403
1723,271,0.169375,0.4009,1,488.2619926,819.9114391,-24977.71402,33268.95018,41.6011,474,807,500,833,6.3924,3.0154,18.1419,4.8275,1.2317,-1169.5007,1,0,0.3824,0.4373,271,0.403737,0.401607,0.08012,1,1,0.106696,0.105852,0.012093,1,1,0.036333,0.034804,0.048464,0.050785,0.068198,0.05254,0.068752,0.063177,271,1,35.9271,86.4979,0,22.805537,,,QUALIFIED,,0.042083,-0.047891,0.229596,0.081089,TRUE,TRUE,BOTH,normal_low,0.507575821,0.159644404,0.33361,BOTH,0.003653,0.019488,0.002951,0,0.105372,1,LOW_CONVERGENCE,4,215,404
14886,420,0.2625,0.5707,1.39,2072.721429,168.3380952,-41267.04762,-6342.535714,41.7512,2057,158,2089,181,5.9161,3.5824,20.4278,4.6514,2.5812,-2358.0822,1,0,1,0,420,0.275717,0.256148,0.092068,1,1,,,,0,0,0.004509,0.006253,0.007449,0.00694,0.010329,0.009818,0.011011,0.007171,420,1,57.7818,98.3332,0,2.336798,,,QUALIFIED,,-0.386782,0.068331,0.049472,0.348742,TRUE,FALSE,CPR_ONLY,normal_low,0.32929336,,0.329293,CPR_ONLY,0.01571,0.004199,0,0.009599,0.105301,1,LOW_CONVERGENCE,4,216,405
9611,963,0.601875,0.5338,1.07,1435.235722,2724.806854,22644.67134,9594.606957,24.5937,1413,2704,1457,2745,6.1415,3.1939,18.2605,4.9868,2.0712,-1749.9157,1,0,0.109,0.2777,963,0.276531,0.269624,0.057134,1,1,,,,0,0,0.013204,0.015466,0.021324,0.017585,0.027698,0.023749,0.022044,0.020023,962,0.999,33.5851,91.8903,0,2.517191,,,QUALIFIED,,-0.171312,0.175342,0.142573,0.09168,TRUE,FALSE,CPR_ONLY,normal_low,0.330426948,,0.330427,CPR_ONLY,0.00413,0.012102,0,0.024632,0.105251,1,LOW_CONVERGENCE,4,217,406
8702,166,0.10375,0.5155,1.64,1361.331325,3146.668675,33191.21687,11442.21687,35.1084,1348,3139,1371,3153,4.1424,2.0733,9.2049,4.1769,1.4995,-1441.4217,1,0,0.0858,0.2555,166,0.290948,0.286542,0.053662,1,1,,,,0,0,0.000488,0.000807,8.30E-05,0.001426,-0.001069,-0.000292,-0.006032,-0.005922,166,1,25.3927,84.5067,0,2.139655,,,QUALIFIED,,,,,,TRUE,FALSE,CPR_ONLY,normal_low,0.350504266,,0.350504,CPR_ONLY,0,0,0,0,0.105151,1,LOW_CONVERGENCE,0,219,407
10101,354,0.22125,0.5673,1.08,1475.519774,2824.338983,25132.97458,8587.50565,26.5599,1465,2811,1489,2837,8.9451,2.5146,16.473,7.7295,1.432,-1919.5236,1,0,0.0047,0.0499,354,0.274812,0.256754,0.069486,1,1,,,,0,0,-0.000679,0.002128,0.001099,0.001022,0.001965,0.001311,-0.002353,0.001059,354,1,25.3927,84.5067,0,3.660345,,,QUALIFIED,,,0.070064,0.332824,,TRUE,FALSE,CPR_ONLY,normal_low,0.328033044,,0.328033,CPR_ONLY,0,0.02825,0,0.009843,0.105044,1,LOW_CONVERGENCE,2,220,408
8648,306,0.19125,0.6652,1.15,1342.839869,2635.098039,20401.95098,11904.50327,23.6213,1333,2624,1353,2647,3.0036,1.5764,9.2069,2.8039,1.3513,-1995.1642,1,0,0.0553,0.1794,306,0.185133,0.180633,0.034831,1,1,,,,0,0,0.000446,0.000827,0.000888,0.000919,0.002098,-0.003326,-0.002927,-0.008854,306,1,33.5851,91.8903,0,3.280244,,,QUALIFIED,,,,2.585319,,TRUE,FALSE,CPR_ONLY,normal_low,0.203144801,,0.203145,CPR_ONLY,0,0.21944,0,0,0.104832,1,LOW_CONVERGENCE,1,223,409
24524,474,0.29625,0.4489,1.03,3239.64135,1768.654008,-1259.149789,-35515.53376,35.5383,3226,1756,3259,1788,7.1316,3.9316,20.3223,5.9348,2.7931,-1824.6123,1,0,0.7162,0.4151,474,0.224934,0.219171,0.052151,1,1,0.047365,0.045057,0.013951,1,1,0.001675,0.004004,0.000194,0.000812,0.012159,0.002202,0.001026,-0.002124,474,1,64.5725,120.1906,0.048523,0,0.003156,0.000338,QUALIFIED,,-1.390448,,0.8189,3.070175,TRUE,TRUE,BOTH,normal_low,0.258572236,0.068343187,0.163458,BOTH,0.138303,0.069508,0,0,0.10443,1,LOW_CONVERGENCE,3,225,410
7585,206,0.12875,0.6776,1.19,1234.635922,2399.174757,14503.86893,14609.60194,20.5865,1226,2391,1245,2407,8.3308,4.6311,20.2517,5.9229,2.2247,-1852.5115,1,0,0.52,0.4486,206,0.28612,0.267048,0.062662,1,1,,,,0,0,0.064651,0.067314,0.093199,0.094183,0.113801,0.117812,0.120617,0.111411,206,1,86.6499,88.4185,0,3.22151,,,QUALIFIED,,-0.04119,-0.010558,-0.035246,0.076324,TRUE,FALSE,CPR_ONLY,normal_low,0.343780725,,0.343781,CPR_ONLY,0.003438,0,0,0,0.104166,1,LOW_CONVERGENCE,4,226,411
14732,261,0.163125,0.5294,1.71,2055.655172,146.9042146,-41802.89464,-5915.87931,42.219,2048,135,2065,164,4.4514,2.6342,12.9004,3.6333,1.63,-2378.292,1,0,1,0,261,0.279049,0.278593,0.053105,1,1,,,,0,0,0.003771,0.004478,0.005608,0.005087,0.005187,0.009284,0.004093,0.003309,261,1,57.7818,98.3332,0,1.715007,,,QUALIFIED,,-0.187483,0.092903,-0.789859,0.191547,TRUE,FALSE,CPR_ONLY,normal_low,0.33393355,,0.333934,CPR_ONLY,0.008629,0,0,0.013051,0.104074,1,LOW_CONVERGENCE,4,227,412
14742,511,0.319375,0.5495,1.03,2050.493151,97.93737769,-43027.06556,-5786.828767,43.414,2036,84,2067,114,6.2743,4.0269,21.8717,5.0296,2.6355,-2395.3785,1,0,1,0,511,0.277755,0.278919,0.073225,1,1,,,,0,0,0.002798,0.00131,0.00257,0.003052,0.003502,0.004155,-0.001808,-0.002486,511,1,57.7818,98.3332,0,0.413824,,,QUALIFIED,,0.531808,-0.187549,-0.186465,,TRUE,FALSE,CPR_ONLY,normal_low,0.332131507,,0.332132,CPR_ONLY,0,0,0.037288,0,0.103368,1,LOW_CONVERGENCE,3,229,413
10698,246,0.15375,0.5913,1.62,1534.658537,3426.849593,40195.73984,7109.036585,40.82,1523,3419,1549,3435,5.4835,3.8414,16.9588,3.8101,1.7475,-1211.6171,1,0,0.5772,0.4269,246,0.176546,0.169601,0.035099,1,1,,,,0,0,0.001349,-0.006524,0.001073,0.000686,-0.000797,-0.001662,-0.003555,-0.005973,246,1,31.5436,77.8519,0,5.011237,,,QUALIFIED,,5.836175,0.360671,,,TRUE,FALSE,CPR_ONLY,normal_low,0.191186424,,0.191186,CPR_ONLY,0,0,0.409201,0.050667,0.103343,1,LOW_CONVERGENCE,2,230,414
6032,137,0.085625,0.5756,1.21,1071.934307,2505.89781,17171.94526,18677.14234,25.3714,1066,2498,1080,2515,4.653,2.7705,13.0219,3.0642,1.079,-1936.3486,1,0,1,0,137,0.21633,0.211583,0.033182,1,1,0.041988,0.039328,0.00855,1,1,-0.003202,-0.000888,0.001005,0.002658,0.001084,-0.002572,-0.000392,-0.005068,137,1,33.734,87.2227,0,7.912016,,,QUALIFIED,,,-1.644776,3.372694,,TRUE,TRUE,BOTH,normal_low,0.246590184,0.060068817,0.15333,BOTH,0,0.286272,0,0,0.103253,1,LOW_CONVERGENCE,2,231,415
7382,435,0.271875,0.3884,1.09,1212.427586,2412.252874,14830.82184,15164.81034,21.2114,1196,2393,1228,2428,5.4265,2.5882,13.1045,4.4351,1.5751,-1876.6315,1,0,0.7164,0.3934,435,0.285647,0.278726,0.07953,1,1,,,,0,0,-0.00506,-0.006235,-0.003408,-0.002441,-0.003795,-0.008008,-0.006455,-0.011517,435,1,33.5851,91.8903,0,3.61706,,,QUALIFIED,,,,,,TRUE,FALSE,CPR_ONLY,normal_low,0.343122018,,0.343122,CPR_ONLY,0,0,0,0,0.102937,1,LOW_CONVERGENCE,0,233,416
5654,417,0.260625,0.3737,1.16,1027.292566,1959.846523,3520.66307,19793.18585,20.1035,1008,1945,1044,1976,10.232,4.163,22.4544,8.3862,2.9038,-1065.5498,1,0,0.2229,0.3869,417,0.281562,0.280587,0.058389,1,1,,,,0,0,0.04407,0.046118,0.057387,0.059203,0.070507,0.079495,0.072342,0.064449,417,1,33.7027,75.9158,0,8.272621,,,QUALIFIED,,-0.046472,-0.031645,-0.127477,0.109107,TRUE,FALSE,CPR_ONLY,normal_low,0.337433189,,0.337433,CPR_ONLY,0.004915,0,0,0,0.102704,1,LOW_CONVERGENCE,4,234,417
7696,350,0.21875,0.3638,1.42,1243.911429,2554.16,18378.5,14377.71429,23.3344,1229,2536,1255,2573,6.092,2.7266,16.2068,5.2127,2.0551,-2012.3038,1,0,0.4032,0.427,350,0.24535,0.244051,0.035482,1,1,,,,0,0,0.011015,0.005165,0.00494,0.007992,0.008962,0.005049,0.004838,0.002999,350,1,33.5851,91.8903,0,4.273757,,,QUALIFIED,,0.531094,-0.617814,0.436621,0.380116,TRUE,FALSE,CPR_ONLY,normal_low,0.287003846,,0.287004,CPR_ONLY,0.017123,0.03706,0.037237,0,0.102374,1,LOW_CONVERGENCE,4,239,418
5363,680,0.425,0.3598,1.07,993.2955882,1949.613235,3264.830882,20643.11029,20.8993,973,1930,1018,1972,9.9444,3.8407,21.0985,7.7641,2.0227,-1054.9876,1,0,0.4329,0.4443,680,0.271742,0.25975,0.0694,1,1,,,,0,0,0.021314,0.015574,0.022618,0.018796,0.02709,0.027435,0.021091,0.03014,680,1,33.7027,75.9158,0,9.081472,,,QUALIFIED,,0.269307,0.16898,-0.012735,-0.429046,TRUE,FALSE,CPR_ONLY,normal_low,0.323757719,,0.323758,CPR_ONLY,0,0,0.018882,0.023738,0.101389,1,LOW_CONVERGENCE,4,245,419
1237,174,0.10875,0.4943,1.38,385.2816092,888.1091954,-23272.77011,35843.45977,42.7354,375,879,397,895,9.7723,2.0867,15.7082,8.4659,1.0165,-1421.951,1,0,0,0,174,0.452235,0.431939,0.134877,1,1,0.066983,0.06162,0.01645,1,1,-0.008658,0.001302,-0.003229,-0.002045,-0.005899,-0.011668,-0.023165,-0.026998,174,1,46.1389,95.783,0,25.865095,,,QUALIFIED,,,,,,TRUE,TRUE,BOTH,normal_low,0.575114821,0.09853225,0.336824,BOTH,0,0,0,0,0.101047,1,LOW_CONVERGENCE,0,251,420
9112,1152,0.72,0.4606,1.49,1383.794271,2798.169271,24478.73177,10880.64323,26.7882,1363,2770,1404,2831,7.9923,3.5596,20.4918,6.7027,2.8707,-1729.0568,1,0,0.1619,0.3138,1152,0.274971,0.27102,0.062149,1,1,,,,0,0,0.012525,0.01214,0.019336,0.018261,0.024602,0.022405,0.020108,0.020145,1152,1,33.5851,91.8903,0,4.580461,,,QUALIFIED,,0.030739,0.055596,0.089302,-0.00184,TRUE,FALSE,CPR_ONLY,normal_low,0.32825447,,0.328254,CPR_ONLY,0,0.00758,0.002155,0.00781,0.100989,1,LOW_CONVERGENCE,4,252,421
7842,818,0.51125,0.6312,1,1265.628362,3223.4022,35109.55501,13834.79095,37.7373,1247,3207,1283,3243,7.9307,3.8456,21.1542,6.9441,2.8884,-1225.6124,1,0,0.0162,0.1033,818,0.279797,0.277535,0.043243,1,1,,,,0,0,0.040954,0.04952,0.071668,0.078619,0.08842,0.098395,0.090679,0.095429,818,1,31.5436,77.8519,0.001222,0,0.003674,0.00084,QUALIFIED,,-0.209161,-0.096989,-0.112814,-0.052383,TRUE,FALSE,CPR_ONLY,normal_low,0.334975225,,0.334975,CPR_ONLY,0,0,0,0,0.100492,1,LOW_CONVERGENCE,4,255,422
8136,400,0.25,0.6993,1.18,1291.23,3193.905,34372.125,13194.75,36.818,1278,3184,1304,3206,5.9983,2.9947,18.2122,5.1645,2.25,-1244.0328,1,0,0.0996,0.2724,400,0.279381,0.276921,0.037478,1,1,,,,0,0,0.102958,0.131856,0.172409,0.190076,0.231914,0.233005,0.232296,0.240318,400,1,25.3927,84.5067,0,0.167705,,,QUALIFIED,,-0.280678,-0.102471,-0.004704,-0.034534,TRUE,FALSE,CPR_ONLY,normal_low,0.334395898,,0.334396,CPR_ONLY,0,0,0,0,0.100319,1,LOW_CONVERGENCE,4,256,423
14711,456,0.285,0.5527,1.32,2046.361842,192.3223684,-40667.44079,-5683.546053,41.0623,2034,176,2059,209,6.7636,3.243,22.0803,5.8547,2.3543,-2373.144,1,0,1,0,456,0.278987,0.274921,0.043486,1,1,,,,0,0,0.002075,0.002667,0.005902,0.005854,0.004527,0.006226,0.001653,0.005199,456,1,57.7818,98.3332,0,2.516198,,,QUALIFIED,,-0.285301,0.008133,-0.375304,-2.145191,TRUE,FALSE,CPR_ONLY,normal_low,0.333847208,,0.333847,CPR_ONLY,0,0,0,0.001143,0.100268,1,LOW_CONVERGENCE,4,259,424
2804,334,0.20875,0.5378,1.17,639.9371257,2179.035928,9000.398204,29477.07186,30.8202,630,2167,653,2194,5.1317,2.7439,16.3138,3.8111,1.3903,-2100.6264,1,0,1,0,334,,,,0,0,0.116457,0.112228,0.020391,1,1,0.001814,0.002767,0.001005,0.0021,0.001741,-0.003165,-0.006871,-0.013982,334,1,40.2924,84.9679,0,17.30652,,,QUALIFIED,,-0.525358,-1.089552,2.817921,,FALSE,TRUE,S1_ONLY,no_data,,0.17466507,0.174665,S1_ONLY,0,0.239183,0,0,0.100236,1,LOW_CONVERGENCE,3,260,425
25168,581,0.363125,0.4611,1.03,3351.068847,1837.820998,470.024957,-38301.22117,38.3046,3336,1820,3371,1856,9.7113,4.5585,24.2424,8.4652,3.3118,-1694.8438,1,0,1,0,581,0.19133,0.189872,0.05273,1,1,0.045146,0.045185,0.005079,1,1,0.001744,0.001884,-0.001253,-0.000355,0.001585,-0.003869,-0.007978,-0.009274,508,0.8744,64.5725,120.1906,0.373494,0,0.001918,0.000181,QUALIFIED,,-0.080275,,3.441009,,TRUE,TRUE,BOTH,normal_low,0.211774831,0.06492849,0.138352,BOTH,0,0.292071,0,0,0.09992,1,LOW_CONVERGENCE,2,261,426
23035,656,0.41,0.5513,1.03,3015.217988,2468.106707,16227.16768,-29904.9497,34.0246,3000,2451,3034,2486,8.6664,4.1711,23.5445,7.7028,3.4594,-460.1409,1,0,1,0,656,0.245983,0.235617,0.054875,1,1,0.095535,0.089458,0.022564,1,1,0.006176,0.002649,0.001672,0.001804,0.001693,-0.001423,-0.005427,-0.005473,656,1,121.4255,96.4448,0,2.169101,,,QUALIFIED,,0.571082,-0.078947,1.84052,,TRUE,TRUE,BOTH,normal_low,0.287885371,0.142469354,0.215177,BOTH,0,0.156222,0.040041,0,0.099802,1,LOW_CONVERGENCE,3,262,427
6659,514,0.32125,0.4269,1.54,1140.741245,2820.169261,25028.73152,16956.96887,30.2322,1122,2805,1165,2833,7.4923,4.3588,23.4141,5.9306,2.4427,-2083.2132,1,0,1,0,514,0.168623,0.164117,0.035272,1,1,,,,0,0,0.002226,0.000978,-0.001569,-0.000745,0.003976,-0.0057,-0.010806,-0.007793,514,1,-50.1159,79.0402,0,7.945006,,,QUALIFIED,,0.560647,,2.433602,,TRUE,FALSE,CPR_ONLY,normal_low,0.180152742,,0.180153,CPR_ONLY,0,0.206563,0.03931,0,0.09929,1,LOW_CONVERGENCE,2,264,428
6979,127,0.079375,0.5427,1.38,1166.15748,2595.574803,19413.87008,16321.56299,25.3633,1158,2590,1176,2603,2.6737,1.2306,6.5882,2.3225,0.7603,-2019.3833,1,0,0.9332,0.2148,127,0.234032,0.242284,0.03762,1,1,0.055301,0.051632,0.019504,0.992126,0.992126,-0.000248,-0.002762,-0.000524,0.002119,0.001496,-0.002585,-0.008734,-0.004153,127,1,33.734,87.2227,0,6.606152,,,QUALIFIED,,,,2.727941,,TRUE,TRUE,BOTH,normal_low,0.27124224,0.080555462,0.175899,BOTH,0,0.231546,0,0,0.099079,1,LOW_CONVERGENCE,1,266,429
11435,487,0.304375,0.3865,1.03,1610.217659,1389.020534,-10749.98665,5220.058522,11.9497,1591,1374,1626,1410,9.6936,4.9988,25.1578,8.7959,3.9296,-1145.7664,1,0.0021,0.6736,0.4465,487,,,,0,0,0.216188,0.205693,0.088221,1,1,0.001395,0.005362,0.002636,0.002922,0.001873,0.006384,0.001464,0.003422,487,1,121.4156,78.1985,0,14.078752,,,QUALIFIED,,-2.843728,-0.108498,-2.408436,-1.337432,FALSE,TRUE,S1_ONLY,no_data,,0.328135628,0.328136,S1_ONLY,0,0,0,0,0.098441,1,LOW_CONVERGENCE,4,267,430
10112,247,0.154375,0.5614,1.1,1479.882591,2841.396761,25559.41903,8478.435223,26.9293,1470,2830,1490,2852,7.5016,3.5776,18.859,5.7735,1.9555,-1946.39,1,0,0.1291,0.3089,247,0.238326,0.221601,0.062849,1,1,,,,0,0,0.004491,0.005053,0.004031,0.002599,0.00257,0.001014,0.000501,0.004151,247,1,25.3927,84.5067,0,3.996561,,,QUALIFIED,,-0.125139,0.355247,0.605447,,TRUE,FALSE,CPR_ONLY,normal_low,0.277222125,,0.277222,CPR_ONLY,0,0.05139,0,0.049905,0.098435,1,LOW_CONVERGENCE,3,268,431
8208,576,0.36,0.5824,1.87,1291.451389,3177.967014,33973.67535,13189.21528,36.4443,1269,3165,1312,3188,9.8418,4.4575,22.1633,8.6016,3.6154,-1284.9757,1,0,0.0635,0.2046,576,0.273869,0.273102,0.042462,1,1,,,,0,0,0.074465,0.085408,0.118906,0.130888,0.155373,0.15403,0.159354,0.16149,576,1,25.3927,84.5067,0,0.625,,,QUALIFIED,,-0.146955,-0.100769,0.008644,-0.013404,TRUE,FALSE,CPR_ONLY,normal_low,0.326719809,,0.32672,CPR_ONLY,0,0.000734,0,0,0.098163,1,LOW_CONVERGENCE,4,270,432
14820,1074,0.67125,0.4215,1.06,2054.346369,2757.717877,23467.44693,-5883.159218,24.1943,2028,2734,2077,2786,8.5736,4.485,28.118,7.6599,3.8746,182.3111,1,0.0028,0.1417,0.3139,1074,0.42729,0.39196,0.154875,1,1,0.076069,0.072666,0.047841,1,1,0.000213,-0.000458,-0.001783,-0.002344,-0.001947,-0.004102,-0.005526,-0.006412,1074,1,159.2376,82.1903,0,4.036784,,,QUALIFIED,,,,,,TRUE,TRUE,BOTH,normal_low,0.540376061,0.112514196,0.326445,BOTH,0,0,0,0,0.097934,1,LOW_CONVERGENCE,0,274,433
14668,623,0.389375,0.5933,1.68,2056.040128,2843.619583,25614.98957,-5925.50321,26.292,2044,2825,2069,2867,6.9497,3.891,23.5287,5.8886,2.5198,116.0543,1,0,0.0722,0.2244,623,0.461502,0.435786,0.128463,1,1,0.043136,0.040457,0.011587,1,1,0.00196,0.00189,-0.001298,-0.001387,-0.000131,-0.002556,-0.004799,-0.00623,623,1,127.1508,86.7202,0,6.065167,,,QUALIFIED,,0.035714,,,,TRUE,TRUE,BOTH,normal_low,0.588020176,0.061835411,0.324928,BOTH,0,0,0.002504,0,0.097729,1,LOW_CONVERGENCE,1,275,434
10057,1283,0.801875,0.4502,1.97,1451.654716,2634.895557,20396.88893,9184.132112,22.3695,1418,2617,1493,2655,8.8717,3.9336,25.133,7.4265,2.6716,-1800.1649,1,0.0008,0.0413,0.1664,1283,0.244193,0.236039,0.055462,1,1,0.021926,0.02107,0.004837,0.82463,0.82463,0.000229,0.001457,0.000559,0.001144,0.002066,-0.004079,-0.000588,-0.005642,1283,1,33.5851,91.8903,0,0.605186,,,QUALIFIED,,,,2.974347,,TRUE,TRUE,BOTH,normal_low,0.285392592,0.029196507,0.157295,BOTH,0,0.252461,0,0,0.097681,1,LOW_CONVERGENCE,1,277,435
8105,369,0.230625,0.4578,1.19,1294.842818,3072.688347,31341.70867,13104.42954,33.9713,1283,3060,1309,3091,7.4288,3.0365,18.6394,6.2226,1.8687,-1462.8376,1,0,0.0192,0.1191,369,0.242117,0.235578,0.041788,1,1,,,,0,0,0.012293,0.006849,0.004793,0.005316,0.006032,0.002553,0.001963,0.002056,369,1,25.3927,84.5067,0,3.025,,,QUALIFIED,,0.442854,-0.109117,0.576757,-0.047376,TRUE,FALSE,CPR_ONLY,normal_low,0.282501525,,0.282502,CPR_ONLY,0,0.048955,0.031051,0,0.097647,1,LOW_CONVERGENCE,4,278,436
8842,170,0.10625,0.4545,1.29,1362.694118,2673.923529,21372.58824,11408.14706,24.2269,1355,2664,1372,2686,4.9015,1.9367,10.2292,4.0666,0.8287,-1943.9042,1,0,0.1158,0.2793,170,0.252009,0.251001,0.032555,1,1,,,,0,0,0.014472,0.022205,0.023771,0.021631,0.023509,0.017492,0.018917,0.014807,170,1,33.5851,91.8903,0,3.370182,,,QUALIFIED,,-0.534342,0.090026,0.255945,0.217265,TRUE,FALSE,CPR_ONLY,normal_low,0.296277264,,0.296277,CPR_ONLY,0.009787,0.021724,0,0.012647,0.097429,1,LOW_CONVERGENCE,4,279,437
14436,1079,0.674375,0.5037,1.21,2033.565338,159.2261353,-41494.84662,-5363.633457,41.8396,2011,135,2053,186,7.7626,3.9376,23.361,6.4033,2.741,-2414.5572,1,0,1,0,1079,0.25911,0.254886,0.050121,1,1,,,,0,0,-0.003992,0.001475,0.002497,0.0038,0.002746,0.001852,-0.007704,-0.007061,1079,1,57.7818,98.3332,0,1.487027,,,QUALIFIED,,,-0.521826,0.325564,,TRUE,FALSE,CPR_ONLY,normal_low,0.306166217,,0.306166,CPR_ONLY,0,0.027634,0,0,0.097377,1,LOW_CONVERGENCE,2,280,438
8087,580,0.3625,0.4215,1.34,1286.841379,2679.305172,21507.12931,13304.46552,25.2898,1270,2657,1302,2700,4.7672,3.4137,18.6266,3.6631,1.5837,-2045.2579,1,0,0.2632,0.3876,580,0.221009,0.214422,0.043186,1,1,,,,0,0,0.024871,0.010903,0.008325,0.005367,0.008544,0.002281,0.000423,0.002988,580,1,33.5851,91.8903,0,4.735042,,,QUALIFIED,,0.561618,0.355315,0.733029,,TRUE,FALSE,CPR_ONLY,normal_low,0.253106226,,0.253106,CPR_ONLY,0,0.062219,0.039378,0.049915,0.097305,1,LOW_CONVERGENCE,3,281,439
15082,1003,0.626875,0.4286,1.16,2102.908275,138.0628116,-42023.92971,-7097.206879,42.6186,2080,113,2125,165,7.0748,4.292,27.4513,5.6748,2.6553,-2398.5527,1,0.003,1,0,1003,0.260012,0.230366,0.100017,1,1,,,,0,0,0.006272,0.003961,0.003776,0.00349,0.00576,0.006943,0.003362,0.003097,1003,1,57.7818,98.3332,0,1.76706,,,QUALIFIED,,0.368463,0.075742,-0.205382,0.078822,TRUE,FALSE,CPR_ONLY,normal_low,0.307422355,,0.307422,CPR_ONLY,0.003551,0,0.025835,0.01064,0.096939,1,LOW_CONVERGENCE,4,283,440
8460,140,0.0875,0.549,1.13,1329.071429,1667.564286,-3786.392857,12248.71429,12.82,1323,1659,1338,1676,4.3521,2.2126,10.1932,3.8072,1.3864,-1763.9377,1,0,0.196,0.3538,140,,,,0,0,0.049908,0.048281,0.006787,1,1,0.003472,0.003149,0.004247,0.002893,0.002593,-0.008066,-0.003931,-0.000507,140,1,85.0522,75.7671,0,10.162216,,,QUALIFIED,,0.09303,0.318813,4.110683,,FALSE,TRUE,S1_ONLY,no_data,,0.07225647,0.072256,S1_ONLY,0,0.348912,0.006523,0.044787,0.09659,1,LOW_CONVERGENCE,3,287,441
7755,180,0.1125,0.5357,1.71,1251.077778,2658.644444,20990.61111,14198.55556,25.3419,1239,2652,1263,2666,4.5307,1.7264,12.8877,3.7717,1.0256,-2065.6296,1,0,0.0138,0.091,180,0.22946,0.223321,0.03418,1,1,,,,0,0,0.010859,0.00835,0.005456,0.008095,0.010267,0.000967,-0.001363,-0.003869,180,1,33.5851,91.8903,0,5.535397,,,QUALIFIED,,0.231053,-0.483688,0.905815,,TRUE,FALSE,CPR_ONLY,normal_low,0.264875208,,0.264875,CPR_ONLY,0,0.076885,0.0162,0,0.09646,1,LOW_CONVERGENCE,3,288,442
7450,830,0.51875,0.4049,1.22,1218.559036,2845.548193,25663.20482,15011.5241,29.7314,1201,2819,1242,2869,10.2217,3.6664,21.9882,8.8724,2.7419,-1916.4656,1,0,0.574,0.4685,830,0.236082,0.233997,0.035555,1,1,,,,0,0,0.007423,0.010788,0.006941,0.012358,0.012988,0.002328,0.006138,0.010611,830,1,25.3927,84.5067,0,8.538333,,,QUALIFIED,,-0.453321,-0.780435,0.820758,-0.728739,TRUE,FALSE,CPR_ONLY,normal_low,0.274097099,,0.274097,CPR_ONLY,0,0.069665,0,0,0.096162,1,LOW_CONVERGENCE,4,289,443
12013,306,0.19125,0.4588,1.26,1675.552288,3051.74183,30818.04575,3586.69281,31.0265,1666,3037,1689,3066,8.6688,3.3562,15.5,7.3595,2.2213,-1715.6491,1,0,0.0742,0.2469,306,0.257404,0.206643,0.151284,1,1,,,,0,0,0.002022,0.005365,0.00225,0.003332,0.004024,0.002882,-8.20E-05,-0.00122,306,1,66.0189,90.6798,0,6.806109,,,QUALIFIED,,-1.653314,-0.480889,0.283797,,TRUE,FALSE,CPR_ONLY,normal_low,0.303790417,,0.30379,CPR_ONLY,0,0.024089,0,0,0.095955,1,LOW_CONVERGENCE,3,291,444
16076,423,0.264375,0.6026,1.04,2215.91253,3214.501182,34887.02955,-9922.313239,36.2712,2203,3202,2229,3229,9.5231,3.9825,21.2715,7.8721,3.0355,-403.2398,1,0,0.0688,0.2089,423,0.469444,0.461128,0.097984,1,1,0.02902,0.024342,0.015057,1,1,-0.001609,0.002943,0.000664,-3.60E-05,-0.004228,-0.01173,-0.009058,-0.01477,423,1,71.5812,82.9217,0,16.163423,,,QUALIFIED,,,,,,TRUE,TRUE,BOTH,normal_low,0.599080318,0.040113074,0.319597,BOTH,0,0,0,0,0.095879,1,LOW_CONVERGENCE,0,292,445
9682,2208,1.38,0.4686,1.23,1424.42663,2785.196558,24154.41395,9864.834239,26.0915,1392,2744,1454,2820,7.5533,3.6519,20.6801,6.3967,2.7624,-1760.4323,1,0,0.0492,0.1776,2208,0.26059,0.254631,0.061185,1,1,,,,0,0,0.013751,0.013074,0.018906,0.018964,0.023534,0.019484,0.018278,0.020443,2155,0.976,33.5851,91.8903,0,3.024173,,,QUALIFIED,,0.049233,-0.003068,0.172091,-0.118448,TRUE,FALSE,CPR_ONLY,normal_low,0.308227286,,0.308227,CPR_ONLY,0,0.014607,0.003452,0,0.095735,1,LOW_CONVERGENCE,4,294,446
1772,1137,0.710625,0.5115,1.46,481.2726473,866.5708004,-23811.22999,33443.68382,41.0536,463,835,502,892,9.7097,4.4393,23.5946,7.6868,2.5465,-1190.5251,1,0,0.1398,0.3012,1137,0.315558,0.305776,0.079252,1,1,0.119118,0.116549,0.01853,1,1,0.02038,0.02299,0.024646,0.028624,0.038224,0.01943,0.03473,0.027435,1137,1,35.9271,86.4979,0,23.372045,,,QUALIFIED,,-0.128067,-0.161406,0.491681,0.210049,TRUE,TRUE,BOTH,normal_low,0.384776499,0.178759937,0.281768,BOTH,0.009462,0.041734,0,0,0.095716,1,LOW_CONVERGENCE,4,295,447
9014,140,0.0875,0.6364,2.2,1377.964286,2738.078571,22976.46429,11026.39286,25.4855,1373,2728,1383,2750,5.6238,2.2117,11.9477,5.5296,1.9435,-2003.8817,1,0,1,0,140,0.257674,0.234728,0.075744,1,1,,,,0,0,0.005412,0.006816,0.008438,0.005762,0.007695,0.0083,0.00199,0.00296,140,1,33.5851,91.8903,0,4.162031,,,QUALIFIED,,-0.259424,0.317137,-0.078622,-0.487437,TRUE,FALSE,CPR_ONLY,normal_low,0.304166423,,0.304166,CPR_ONLY,0,0,0,0.044551,0.095705,1,LOW_CONVERGENCE,4,296,448
14750,289,0.180625,0.5505,1.19,2054.584775,173.8408304,-41129.47924,-5889.119377,41.5485,2045,161,2066,186,7.0378,3.1665,19.9775,6.3663,2.181,-2355.2502,1,0,1,0,289,0.259753,0.257912,0.040881,1,1,,,,0,0,0.003952,0.003027,0.007221,0.00631,0.004882,0.008967,-0.000201,0.004944,289,1,57.7818,98.3332,0,2.269637,,,QUALIFIED,,0.234059,0.12616,-0.836747,,TRUE,FALSE,CPR_ONLY,normal_low,0.307061668,,0.307062,CPR_ONLY,0,0,0.016411,0.017723,0.095532,1,LOW_CONVERGENCE,3,298,449
23253,584,0.365,0.452,1.12,3056.285959,1317.243151,-12544.42123,-30931.64897,33.3789,3035,1296,3073,1330,7.8388,3.628,22.852,6.7303,2.4802,-693.0391,1,0,0.3101,0.4318,584,0.16764,0.166004,0.037715,1,1,0.089559,0.08868,0.009864,1,1,0.00711,0.003654,0.003049,0.004761,0.002057,0.002297,0.00103,-0.002414,584,1,62.9466,93.772,0,8.244885,,,QUALIFIED,,0.486076,-0.561496,-0.116675,3.343689,TRUE,TRUE,BOTH,normal_low,0.178783802,0.133273216,0.156029,BOTH,0.150624,0,0.034081,0,0.095404,1,LOW_CONVERGENCE,4,299,450
1771,167,0.104375,0.4912,1.18,492.3712575,836.6467066,-24559.33234,33166.21856,41.2686,483,831,503,848,5.561,3.2565,14.1112,4.1364,1.5341,-1176.1868,1,0,0.1794,0.3212,167,0.350004,0.328002,0.100545,1,1,0.118377,0.117146,0.013469,1,1,0.03699,0.03697,0.047617,0.049697,0.065295,0.05416,0.067549,0.0654,167,1,35.9271,86.4979,0,23.006045,,,QUALIFIED,,0.000541,-0.043682,0.170534,0.031814,TRUE,TRUE,BOTH,normal_low,0.432746486,0.177619653,0.305183,BOTH,0.001433,0.014475,3.80E-05,0,0.094884,1,LOW_CONVERGENCE,4,304,451
7285,179,0.111875,0.585,1.06,1207.648045,2154.843575,8395.589385,15284.29888,17.4381,1200,2146,1217,2164,6.0399,2.5939,12.1968,5.5799,1.3879,-1042.7815,1,0,0.227,0.3608,179,0.266362,0.268837,0.059884,1,1,,,,0,0,-0.001339,0.000532,-0.001623,0.001017,0.000359,-0.000669,-0.001019,-0.00554,179,1,86.6499,88.4185,0,3.286716,,,QUALIFIED,,,,,,TRUE,FALSE,CPR_ONLY,normal_low,0.316265454,,0.316265,CPR_ONLY,0,0,0,0,0.09488,1,LOW_CONVERGENCE,0,305,452
7086,420,0.2625,0.5364,1.07,1189.333333,2569.545238,18763.13095,15742.16667,24.4923,1177,2556,1204,2585,6.5237,4.3438,20.4485,4.9687,2.1884,-2020.8622,1,0,0.8623,0.3171,420,0.264976,0.255685,0.057621,1,1,,,,0,0,-0.006305,-0.005214,-0.00702,-0.004691,-0.005391,-0.006613,-0.01235,-0.013254,420,1,33.734,87.2227,0,5.634991,,,QUALIFIED,,,,,,TRUE,FALSE,CPR_ONLY,normal_low,0.314335291,,0.314335,CPR_ONLY,0,0,0,0,0.0943,1,LOW_CONVERGENCE,0,311,453
23979,676,0.4225,0.5083,1.09,3157.62426,1345.12574,-11847.35651,-33465.10651,35.5006,3143,1327,3178,1365,9.0975,4.1002,25.8281,7.7747,2.5345,-536.7827,1,0.0015,0.3121,0.4101,676,0.335597,0.319406,0.095635,1,1,0.106227,0.10608,0.015649,1,1,0.013199,0.012601,0.014079,0.014343,0.020195,0.013885,0.014529,0.012305,676,1,62.9466,93.772,0,7.94119,,,QUALIFIED,,0.045306,-0.018751,0.312454,0.153073,TRUE,TRUE,BOTH,normal_low,0.412683094,0.158922685,0.285803,BOTH,0.006896,0.026521,0.003177,0,0.093432,1,LOW_CONVERGENCE,4,316,454
3474,220,0.1375,0.582,1.17,743.8863636,1330.159091,-12221.52273,26878.34091,29.5258,736,1321,754,1342,4.3009,1.9628,10.7423,3.9393,1.3921,-3615.1669,1,0,1,0,220,0.217607,0.212122,0.038732,1,1,0.081174,0.081209,0.005713,1,1,0.002563,0.002347,0.001602,0.002294,0.005793,0.000459,0.004368,-0.002702,220,1,-31.9971,79.6277,0,24.277665,,,QUALIFIED,,0.084276,-0.43196,0.920766,1.61859,TRUE,TRUE,BOTH,normal_low,0.248368553,0.12037,0.184369,BOTH,0.072913,0.078154,0.005909,0,0.093406,1,LOW_CONVERGENCE,4,317,455
6039,1106,0.69125,0.5078,2,1072.476492,2600.262206,19531.05515,18663.5877,27.0147,1058,2573,1091,2639,8.1874,3.6539,19.1197,7.1916,2.6402,-1831.5575,1,0,0.9895,0.0844,1106,0.219838,0.212102,0.040571,0.314647,0.314647,0.037808,0.036636,0.011166,1,1,-0.000289,0.000538,0.001171,0.002609,0.001072,-0.001936,-0.003259,-0.004032,1106,1,33.734,87.2227,0,8.328565,,,QUALIFIED,,,-1.22801,2.80597,,TRUE,TRUE,BOTH,normal_low,0.251475475,0.053636445,0.152556,BOTH,0,0.238169,0,0,0.093401,1,LOW_CONVERGENCE,2,318,456
23424,1215,0.759375,0.463,1.56,3075.331687,2446.163786,15678.59465,-31407.79218,35.1043,3054,2416,3095,2480,10.4288,3.9812,23.4961,9.1022,3.1638,-75.5985,1,0,0.7872,0.3899,1215,0.222201,0.216994,0.049159,1,1,0.110605,0.109208,0.020187,1,1,6.00E-06,0.002934,5.20E-05,0.000584,0.00321,-0.002514,-0.005424,-0.001585,1215,1,121.4255,96.4448,0,2.104311,,,QUALIFIED,,,,1.783178,,TRUE,TRUE,BOTH,normal_low,0.254766222,0.165659749,0.210213,BOTH,0,0.151355,0,0,0.093335,1,LOW_CONVERGENCE,1,319,457
13179,255,0.159375,0.6439,1.22,1827.929412,2447.737255,15717.93137,-222.7352941,15.72,1820,2437,1838,2459,10.2657,4.6801,26.79,9.5976,4.5507,1770.9076,1,0.0118,0.1496,0.2951,255,,,,0,0,0.205055,0.043255,0.341524,1,1,0.000712,0.001866,-3.00E-05,0.003052,0.000236,-0.001456,-0.003901,-0.006611,255,1,109.6418,85.181,0.388235,0,0.001691,0.000645,QUALIFIED,,,,,,FALSE,TRUE,S1_ONLY,no_data,,0.311003665,0.311004,S1_ONLY,0,0,0,0,0.093301,1,LOW_CONVERGENCE,0,320,458
9354,693,0.433125,0.5081,1.42,1416.705628,3407.359307,39708.48268,10057.85931,40.9628,1403,3386,1434,3430,9.8201,4.2321,24.4114,8.5454,3.0478,-1009.0831,1,0,0.329,0.4069,693,0.149827,0.14317,0.040575,1,1,,,,0,0,-0.001338,-2.80E-05,-0.001439,0.001032,0.002451,-0.004338,-0.001448,-0.000607,693,1,31.5436,77.8519,0,2.04267,,,QUALIFIED,,,,2.76989,,TRUE,FALSE,CPR_ONLY,normal_low,0.153977167,,0.153977,CPR_ONLY,0,0.235106,0,0,0.093214,1,LOW_CONVERGENCE,1,321,459
6765,287,0.179375,0.4622,1.17,1145.961672,2689.595819,21764.39547,16826.45819,27.5104,1131,2677,1158,2700,6.2678,2.0761,10.9683,5.4792,1.4122,-2015.9955,1,0,0.9752,0.1326,287,0.236643,0.232611,0.03763,1,1,0.022641,0.022064,0.005006,1,1,-0.000339,0.001384,-0.002956,-0.000831,0.001818,-0.003202,-0.007909,0.001083,287,1,33.734,87.2227,0,8.009252,,,QUALIFIED,,,,2.761276,,TRUE,TRUE,BOTH,normal_low,0.274878355,0.030296782,0.152588,BOTH,0,0.234375,0,0,0.092651,1,LOW_CONVERGENCE,1,328,460
7790,884,0.5525,0.5443,1.93,1261.832579,1972.399321,3834.483032,13929.68552,14.4475,1247,1947,1276,2003,7.0966,3.9989,23.621,6.0909,2.4407,-540.1939,1,0,0.0438,0.1677,884,0.25998,0.26076,0.056062,0.986425,0.986425,,,,0,0,0.082218,0.102338,0.150218,0.159844,0.195691,0.199162,0.206921,0.221097,884,1,85.0522,75.7671,0,3.185318,,,QUALIFIED,,-0.244715,-0.06408,-0.017737,-0.068509,TRUE,FALSE,CPR_ONLY,normal_low,0.307377791,,0.307378,CPR_ONLY,0,0,0,0,0.092213,1,LOW_CONVERGENCE,4,332,461
15107,150,0.09375,0.5639,1.36,2106.126667,33.20666667,-44645.33333,-7177.666667,45.2182,2098,27,2117,41,4.9445,3.5051,18.7721,5.3857,3.2377,-2418.4699,1,0,1,0,150,0.446849,0.391997,0.139224,1,1,0.009245,0.008623,0.001823,1,1,0.002612,0.003166,0.003439,0.00208,-0.002605,0.004324,-0.003521,-0.010442,150,1,57.7818,98.3332,0.113333,0,9.00E-05,4.00E-05,QUALIFIED,,-0.212098,0.395173,,,TRUE,TRUE,BOTH,normal_low,0.567614201,0.009682413,0.288648,BOTH,0,0,0,0.055514,0.092146,1,LOW_CONVERGENCE,2,333,462
11996,258,0.16125,0.5099,1.05,1670.918605,3383.562016,39113.55039,3702.534884,39.2889,1659,3372,1681,3395,3.8956,2.1114,10.3852,3.3005,1.393,-1171.8718,1,0,0.1926,0.3342,258,0.187083,0.185264,0.024665,1,1,,,,0,0,0.004435,0.002532,0.00244,0.004478,0.004555,-0.00275,-0.003676,-0.00276,258,1,63.3495,86.7715,0,8.300038,,,QUALIFIED,,0.429087,-0.835246,1.603732,,TRUE,FALSE,CPR_ONLY,normal_low,0.205860399,,0.20586,CPR_ONLY,0,0.136124,0.030085,0,0.091991,1,LOW_CONVERGENCE,3,337,463
8498,850,0.53125,0.5743,1.08,1325.384706,1439.842353,-9479.441176,12340.88235,15.5607,1305,1419,1342,1459,3.0875,2.23,17.7984,2.42,1.3179,-2059.5843,1,0,0.7738,0.376,850,,,,0,0,0.077439,0.075834,0.01548,1,1,0.000716,0.001255,0.001358,0.003447,0.002874,-0.006861,-0.004906,0.000197,850,1,0.5626,56.8385,0,15.21648,,,QUALIFIED,,,-1.538292,3.387265,,FALSE,TRUE,S1_ONLY,no_data,,0.114622414,0.114622,S1_ONLY,0,0.287509,0,0,0.091888,1,LOW_CONVERGENCE,2,338,464
6981,333,0.208125,0.5371,1.55,1169.702703,3030.828829,30295.22072,16232.93243,34.3704,1160,3016,1180,3047,7.223,3.6569,21.713,6.4685,2.4687,-1431.15,1,0,0.0353,0.1707,333,0.257604,0.253405,0.033967,1,1,,,,0,0,-0.008123,-0.004954,-0.006834,-0.004514,-0.006477,-0.008781,-0.010727,-0.00998,333,1,-50.1159,79.0402,0,4.741308,,,QUALIFIED,,,,,,TRUE,FALSE,CPR_ONLY,normal_low,0.30406894,,0.304069,CPR_ONLY,0,0,0,0,0.091221,1,LOW_CONVERGENCE,0,343,465
8249,1218,0.76125,0.6506,1.44,1300.940887,2832.297209,25331.93021,12951.97783,28.4512,1286,2806,1322,2858,8.3523,3.8129,27.7128,7.0676,2.695,-1921.5385,1,0.0033,0.1451,0.3323,1218,0.257516,0.251274,0.044166,1,1,,,,0,0,0.01695,0.017152,0.015789,0.016638,0.019418,0.022542,0.019865,0.020256,1218,1,25.3927,84.5067,0,6.716817,,,QUALIFIED,,-0.011917,-0.053772,-0.160882,-0.019683,TRUE,FALSE,CPR_ONLY,normal_low,0.30394639,,0.303946,CPR_ONLY,0,0,0,0,0.091184,1,LOW_CONVERGENCE,4,344,466
10000,216,0.135,0.6261,1.53,1466.62963,2843.583333,25614.08333,8809.759259,27.0871,1460,2833,1475,2856,8.6569,4.1781,18.2144,6.8813,2.0485,-1968.7533,1,0,0.1876,0.3631,216,0.257286,0.249518,0.051173,1,1,,,,0,0,-0.005653,0.002675,-0.002902,0.000535,0.000739,-0.004373,-0.002675,0.000822,216,1,25.3927,84.5067,0,4.208622,,,QUALIFIED,,,,,,TRUE,FALSE,CPR_ONLY,normal_low,0.303626089,,0.303626,CPR_ONLY,0,0,0,0,0.091088,1,LOW_CONVERGENCE,0,346,467
6736,171,0.106875,0.4737,1,1149.602339,2419.807018,15019.67544,16735.44152,22.487,1142,2411,1161,2430,4.0512,1.9275,9.073,3.1931,1.0173,-1935.5289,1,0,1,0,171,0.229155,0.228423,0.028045,1,1,,,,0,0,0.00053,-0.00137,-0.00145,0.001322,0.006566,0.002085,-0.005137,-0.002539,171,1,33.734,87.2227,0,5.364,,,QUALIFIED,,,,0.682455,,TRUE,FALSE,CPR_ONLY,normal_low,0.264450461,,0.26445,CPR_ONLY,0,0.057926,0,0,0.09092,1,LOW_CONVERGENCE,1,348,468
5781,1873,1.170625,0.4992,1.2,1057.638548,1501.455953,-7939.101175,19034.53631,20.6232,1023,1475,1090,1531,7.2069,3.6516,22.2698,6.0694,2.7597,-2218.5466,1,0,0.4336,0.4573,1873,0.232374,0.223618,0.061688,1,1,,,,0,0,0.004895,0.004239,0.00339,0.002926,0.002727,0.001649,-0.003842,-0.011501,1873,1,-19.4926,68.1002,0,15.991404,,,QUALIFIED,,0.134014,0.136873,0.395306,,TRUE,FALSE,CPR_ONLY,normal_low,0.268933285,,0.268933,CPR_ONLY,0,0.033553,0.009396,0.019228,0.090253,1,LOW_CONVERGENCE,3,356,469
11438,1766,1.10375,0.3605,1.03,1602.782559,2970.475085,28786.37712,5405.936014,29.29,1560,2939,1629,3010,5.9356,3.0612,20.1075,4.7938,2.0575,-1817.9129,1,0,0.1207,0.2782,1766,0.17586,0.168142,0.045587,0.281427,0.281427,,,,0,0,0.002258,0.002424,0.003805,0.003215,0.002568,-0.002101,-0.00625,-0.012469,1766,1,66.0189,90.6798,0,4.433537,,,QUALIFIED,,-0.073516,0.155059,1.818146,,TRUE,FALSE,CPR_ONLY,normal_low,0.19023109,,0.190231,CPR_ONLY,0,0.154323,0,0.021783,0.090112,1,LOW_CONVERGENCE,3,357,470
9719,607,0.379375,0.542,1.09,1432.817133,2919.164745,27503.61862,9655.071664,29.1494,1415,2902,1450,2934,5.8229,2.8799,15.0916,4.5298,1.6429,-2081.843,1,0,0.9939,0.0706,607,0.244918,0.240144,0.055036,1,1,,,,0,0,0.004937,0.001995,0.000816,0.002288,0.000941,-0.002162,-0.002989,-0.011147,607,1,25.3927,84.5067,0,6.091182,,,QUALIFIED,,0.595908,,,,TRUE,FALSE,CPR_ONLY,normal_low,0.286402237,,0.286402,CPR_ONLY,0,0,0.041782,0,0.090099,1,LOW_CONVERGENCE,1,358,471
10867,1647,1.029375,0.5069,1,1546.696418,3374.433515,38885.33789,6808.089557,39.4772,1517,3344,1574,3401,8.684,4.3469,26.4075,7.2457,3.2137,-1222.7744,1,0.0018,0.4387,0.4772,1647,0.253007,0.228888,0.102874,1,1,,,,0,0,0.013567,0.01428,0.021914,0.023275,0.027951,0.027662,0.026187,0.025047,1647,1,31.5436,77.8519,0,4.751053,,,QUALIFIED,,-0.052554,-0.062106,0.01034,0.043533,TRUE,FALSE,CPR_ONLY,normal_low,0.297667093,,0.297667,CPR_ONLY,0.001961,0.000878,0,0,0.090064,1,LOW_CONVERGENCE,4,359,472
7407,579,0.361875,0.4874,1.09,1214.768566,2533.544041,17863.10104,15106.28584,23.3943,1199,2518,1235,2551,6.5213,3.0684,20.5159,4.9434,1.6426,-2039.5353,1,0,0.8003,0.3588,579,0.253988,0.246316,0.053167,1,1,,,,0,0,-0.002029,-0.003928,-0.002253,-0.001988,-0.002043,-0.003704,-0.008331,-0.007321,579,1,33.5851,91.8903,0,4.673395,,,QUALIFIED,,,,,,TRUE,FALSE,CPR_ONLY,normal_low,0.299033247,,0.299033,CPR_ONLY,0,0,0,0,0.08971,1,LOW_CONVERGENCE,0,361,473
19320,379,0.236875,0.4366,1.11,2632.60686,2799.221636,24505.0409,-20339.6715,31.8472,2619,2783,2647,2814,6.1111,3.6175,18.9056,5.1508,2.9119,1947.2103,1,0,1,0,379,0.333587,0.328975,0.063456,1,1,0.124505,0.128257,0.036329,1,1,-0.001103,0.004454,0.000835,0.001544,-0.001216,-0.00133,-0.000556,-0.001652,379,1,206.9462,82.5201,0,10.359084,,,QUALIFIED,,,,,,TRUE,TRUE,BOTH,normal_low,0.409883939,0.187049695,0.298467,BOTH,0,0,0,0,0.08954,1,LOW_CONVERGENCE,0,362,474
15625,291,0.181875,0.5087,1.18,2157.869416,2845.309278,25657.23196,-8471.235395,27.0202,2142,2836,2168,2858,4.1312,2.8115,15.968,3.7512,2.139,318.6749,1,0,0.0627,0.1885,291,0.463427,0.464803,0.092679,1,1,0.006233,0.005517,0.004724,0.924399,0.924399,-0.000366,-0.000986,0.000548,-0.002741,-0.000578,-0.003593,-0.005072,-0.00237,291,1,127.1508,86.7202,0,7.73054,,,QUALIFIED,,,,,,TRUE,TRUE,BOTH,normal_low,0.590700958,0.005047412,0.297874,BOTH,0,0,0,0,0.089362,1,LOW_CONVERGENCE,0,363,475
6147,418,0.26125,0.5067,1.32,1078.476077,2496.208134,16929.70335,18513.59809,25.0872,1066,2480,1091,2513,4.1582,2.446,14.8163,3.2799,1.4936,-1935.7135,1,0,1,0,418,0.210243,0.204451,0.036071,1,1,0.043537,0.043874,0.006845,1,1,0.002174,0.002188,0.003382,0.002887,0.001998,-0.002968,-0.001677,-0.006514,418,1,33.734,87.2227,0,7.637162,,,QUALIFIED,,-0.00644,0.146363,2.485485,,TRUE,TRUE,BOTH,normal_low,0.238113342,0.062452488,0.150283,BOTH,0,0.210966,0,0.020561,0.089334,1,LOW_CONVERGENCE,3,364,476
6380,896,0.56,0.5385,1.62,1110.823661,2139.43192,8010.297991,17704.90848,19.4324,1083,2123,1135,2155,8.4308,4.7453,24.9865,7.0112,3.1732,-1045.5922,1,0,0.3613,0.4541,896,0.251268,0.249081,0.051431,1,1,,,,0,0,0.023519,0.02995,0.04194,0.04447,0.056152,0.05433,0.051727,0.05213,896,1,53.7768,91.9349,0,5.26925,,,QUALIFIED,,-0.273438,-0.060324,0.032448,-0.007791,TRUE,FALSE,CPR_ONLY,normal_low,0.295245337,,0.295245,CPR_ONLY,0,0.002754,0,0,0.089124,1,LOW_CONVERGENCE,4,366,477
8090,173,0.108125,0.6407,1.2,1287.739884,3151.693642,33316.84104,13282.00289,35.867,1280,3144,1298,3159,8.5321,3.309,20.1334,7.8377,3.0246,-1391.3334,1,0,0.2888,0.4214,173,0.245207,0.248707,0.06886,1,1,,,,0,0,0.036515,0.044112,0.056421,0.06,0.075876,0.069294,0.077379,0.069142,173,1,25.3927,84.5067,0,1.325,,,QUALIFIED,,-0.208051,-0.063434,0.086747,0.10645,TRUE,FALSE,CPR_ONLY,normal_low,0.286804703,,0.286805,CPR_ONLY,0.004795,0.007363,0,0,0.088953,1,LOW_CONVERGENCE,4,368,478
7770,368,0.23,0.5076,1.16,1247.69837,1988.266304,4231.157609,14283.04076,14.8962,1236,1974,1261,2003,8.1983,2.8629,18.474,7.3288,1.9297,-571.4151,1,0,0.0349,0.1572,368,0.251946,0.249151,0.050685,1,1,,,,0,0,0.060089,0.075017,0.111976,0.117189,0.143954,0.143653,0.150129,0.155353,368,1,85.0522,75.7671,0,3.403124,,,QUALIFIED,,-0.248431,-0.046555,0.002091,-0.034797,TRUE,FALSE,CPR_ONLY,normal_low,0.296189529,,0.29619,CPR_ONLY,0,0.000177,0,0,0.088892,1,LOW_CONVERGENCE,4,370,479
773,179,0.111875,0.6581,1.06,273.7541899,1004.972067,-20351.19832,38631.64525,43.6637,265,998,282,1014,8.5134,4.6268,20.4774,8.066,3.6998,-1810.2863,1,0,1,0,179,0.325993,0.29307,0.122439,1,1,0.127642,0.130316,0.016166,1,1,-0.005031,-0.001769,-0.003368,0.006026,-0.003791,-0.033566,-0.000632,-0.012733,156,0.8715,46.1389,95.783,0,29.875785,,,QUALIFIED,,,,,,TRUE,TRUE,BOTH,normal_low,0.399308428,0.191877052,0.295593,BOTH,0,0,0,0,0.088678,1,LOW_CONVERGENCE,0,371,480
13950,146,0.09125,0.5407,1.2,1952.952055,185.4452055,-40839.36986,-3348.30137,40.9759,1944,179,1962,194,3.264,1.6246,9.5923,2.8079,1.1544,-2399.2419,1,0,1,0,146,0.244178,0.237465,0.057742,1,1,,,,0,0,0.00714,0.00464,0.007998,0.008197,0.009563,0.00928,0.00466,0.015312,146,1,35.5577,101.3636,0,1.457738,,,QUALIFIED,,0.35014,-0.024881,0.029593,-2.285837,TRUE,FALSE,CPR_ONLY,normal_low,0.285371703,,0.285372,CPR_ONLY,0,0.002512,0.02455,0,0.088569,1,LOW_CONVERGENCE,4,372,481
6061,995,0.621875,0.4693,1.32,1068.767839,2439.18392,15504.09799,18756.30402,24.3346,1046,2416,1086,2469,6.1587,3.7941,24.5815,4.4248,1.6552,-1933.5184,1,0,1,0,995,0.244792,0.241514,0.048485,1,1,0.058423,0.056704,0.016592,1,1,-0.000374,-0.002516,0.000243,0.000112,0.001248,-0.001163,-0.002773,-0.00358,995,1,33.734,87.2227,0,7.31031,,,QUALIFIED,,,,1.931891,,TRUE,TRUE,BOTH,normal_low,0.286226768,0.085359736,0.185793,BOTH,0,0.163978,0,0,0.088534,1,LOW_CONVERGENCE,1,374,482
15678,335,0.209375,0.6204,1.35,2171.4,90.8238806,-43204.90299,-8809.5,44.0935,2163,78,2183,105,5.4788,3.9876,18.054,4.243,2.0684,-2404.9839,1,0,1,0,335,0.23153,0.210184,0.066841,1,1,0.008581,0.008636,0.000902,0.99403,0.99403,0.001612,-0.009168,0.001892,0.004294,-0.002096,-0.003055,-0.002175,-0.00626,335,1,57.7818,98.3332,0,1.858259,,,QUALIFIED,,6.687345,-1.269556,,,TRUE,TRUE,BOTH,normal_low,0.267757919,0.00866062,0.138209,BOTH,0,0,0.468881,0,0.088351,1,LOW_CONVERGENCE,2,375,483
1179,678,0.42375,0.6043,1.03,373.820059,884.4690265,-23363.77434,36129.99853,43.0254,358,869,391,903,9.9041,3.5594,18.7642,8.7619,2.8647,-1463.19,1,0,0.2949,0.4437,678,0.385895,0.291677,0.215967,1,1,0.071136,0.06841,0.012248,1,1,-0.008439,0.00015,0.000182,-0.001819,-0.003718,-0.009315,-0.017089,-0.027385,678,1,46.1389,95.783,0,25.689456,,,QUALIFIED,,,,,,TRUE,TRUE,BOTH,normal_low,0.482728799,0.104923073,0.293826,BOTH,0,0,0,0,0.088148,1,LOW_CONVERGENCE,0,376,484
19430,225,0.140625,0.4891,1.15,2643.973333,2103.893333,7121.833333,-20623.83333,21.8195,2634,2094,2657,2114,10.423,2.569,19.3707,9.8215,1.3541,951.1659,1,0,0.0347,0.1463,225,0.278985,0.260912,0.053982,1,1,0.16788,0.078582,0.179293,1,1,0.000577,0.000493,0.002044,0.002908,0.002236,0.017169,-0.003945,-0.008128,225,1,150.2524,84.7415,0.044444,0,1.60E-05,1.50E-05,QUALIFIED,,,-0.422701,-6.678444,,TRUE,TRUE,BOTH,normal_low,0.333844423,0.2537971,0.293821,BOTH,0,0,0,0,0.088146,1,LOW_CONVERGENCE,2,377,485
5185,775,0.484375,0.5319,1.52,960.8722581,1189.996129,-15725.59677,21453.69355,26.5992,945,1170,976,1217,10.3968,3.9598,22.6009,9.0991,3.2306,-2508.5006,1,0,0.3158,0.4467,775,0.296988,0.268671,0.107069,1,1,0.030066,0.029959,0.001946,1,1,-0.000267,0.003216,-0.000848,0.001467,0.003107,-0.001934,-0.000178,0.004259,775,1,-14.3965,65.3367,0,24.124275,,,QUALIFIED,,,,1.622465,,TRUE,TRUE,BOTH,normal_low,0.358915655,0.041722706,0.200319,BOTH,0,0.137714,0,0,0.087638,1,LOW_CONVERGENCE,1,379,486
14136,136,0.085,0.5667,1.67,1977.816176,2712.845588,22345.63971,-3969.904412,22.6961,1968,2707,1988,2719,6.0978,2.9116,13.1519,6.2361,2.2349,573.2897,1,0,0.0829,0.2193,136,0.406111,0.41799,0.108337,1,1,0.049291,0.05023,0.00572,1,1,0.000956,0.002839,-0.00071,-6.80E-05,0.000275,-0.002683,-0.001889,-0.012199,136,1,109.6418,85.181,0,2.62226,,,QUALIFIED,,,,,,TRUE,TRUE,BOTH,normal_low,0.510881887,0.071307003,0.291094,BOTH,0,0,0,0,0.087328,1,LOW_CONVERGENCE,0,382,487
6906,1078,0.67375,0.6447,1.16,1158.557514,2512.027829,17325.19573,16511.56215,23.9331,1135,2494,1179,2532,6.4796,3.5727,19.214,5.1321,2.3183,-1990.4132,1,0,0.9305,0.2168,1078,0.196872,0.193668,0.037875,1,1,0.042297,0.04183,0.008599,0.426716,0.426716,5.30E-05,-0.000603,0.000862,-0.00082,0.00164,-0.002727,-0.005509,-0.003967,1078,1,33.734,87.2227,0,5.543014,,,QUALIFIED,,,,2.662805,,TRUE,TRUE,BOTH,normal_low,0.219492698,0.06054432,0.140019,BOTH,0,0.226017,0,0,0.087209,1,LOW_CONVERGENCE,1,383,488
3239,260,0.1625,0.5882,1.53,706.5384615,770.2346154,-26219.63462,27812.03846,38.222,695,762,721,779,11.5002,4.3225,22.9164,9.8102,3.1569,-1153.9526,1,0,0.4948,0.4563,260,0.370905,0.366418,0.057266,0.807692,0.807692,0.080439,0.081679,0.008574,1,1,0.001193,0.001515,-0.001785,-0.000138,-0.006153,-0.005025,-0.000906,-0.005548,260,1,80.591,99.4056,0,18.370033,,,QUALIFIED,,-0.269908,,,,TRUE,TRUE,BOTH,normal_low,0.461853514,0.119238949,0.290546,BOTH,0,0,0,0,0.087164,1,LOW_CONVERGENCE,1,385,489
5605,794,0.49625,0.5499,1,1018.525189,1798.081864,-523.4534005,20012.37028,20.0187,999,1781,1037,1819,6.3083,3.1846,20.7908,5.464,2.4095,-2151.2391,1,0,0.9514,0.1996,794,0.176778,0.171126,0.038901,1,1,,,,0,0,0.010999,0.006318,0.002931,0.002177,0.005799,0.00465,0.001964,-0.000884,794,1,33.7027,75.9158,0,10.721066,,,QUALIFIED,,0.425584,0.25725,0.198138,1.450102,TRUE,FALSE,CPR_ONLY,normal_low,0.19150951,,0.19151,CPR_ONLY,0.065323,0.016818,0.02984,0.036138,0.087011,1,LOW_CONVERGENCE,4,386,490
8624,479,0.299375,0.3651,1.28,1341.521921,3369.743215,38768.08038,11937.45198,40.5647,1318,3357,1359,3389,5.2353,2.2085,12.4551,4.4116,1.5944,-883.3777,1,0,0.0154,0.0929,479,0.186966,0.18585,0.02462,1,1,,,,0,0,0.000339,0.00251,0.002294,0.000547,0.001087,0.000162,-0.002576,0.00061,479,1,31.5436,77.8519,0.002088,0,0.002741,0.000843,QUALIFIED,,,0.761552,0.850966,,TRUE,FALSE,CPR_ONLY,normal_low,0.205697463,,0.205697,CPR_ONLY,0,0.072229,0,0.106983,0.086853,1,LOW_CONVERGENCE,2,389,491
8679,1081,0.675625,0.5476,1.12,1363.351526,3405.308048,39657.2012,11391.71184,41.2613,1342,3385,1384,3432,5.1612,3.4126,23.0465,4.2508,2.2636,-903.1887,1,0,0.2219,0.3709,1081,0.187785,0.178077,0.054113,1,1,,,,0,0,-0.002224,4.50E-05,0.002421,-0.001838,0.000422,-0.001894,-0.003694,-0.000748,1081,1,31.5436,77.8519,0,0.412311,,,QUALIFIED,,,1.75919,,,TRUE,FALSE,CPR_ONLY,normal_low,0.206838014,,0.206838,CPR_ONLY,0,0,0,0.247131,0.086764,1,LOW_CONVERGENCE,1,390,492
8906,311,0.194375,0.4984,1.08,1365.440514,2337.572347,12963.80868,11339.48714,17.2234,1355,2325,1379,2351,9.8762,3.1471,25.159,9.2442,2.1306,-1447.6077,1,0.0032,0.0102,0.0853,311,0.38802,0.36762,0.113511,1,1,0.05024,0.048709,0.012819,1,1,0.012925,0.013715,0.015437,0.017491,0.020032,0.017071,0.018862,0.018364,311,1,86.6499,88.4185,0.254019,0,2.30E-05,1.00E-05,QUALIFIED,,-0.061122,-0.133057,0.147813,0.026402,TRUE,TRUE,BOTH,normal_low,0.485688105,0.072767367,0.279228,BOTH,0.001189,0.012546,0,0,0.086634,1,LOW_CONVERGENCE,4,391,493
15056,1182,0.73875,0.4672,1.2,2092.423858,2919.681895,27516.54738,-6835.096447,28.3534,2066,2893,2121,2939,7.7726,4.5468,22.9244,6.4844,3.3866,154.4269,1,0,0.0734,0.231,1182,0.317148,0.310659,0.088735,1,1,0.055956,0.053492,0.018138,1,1,-0.000324,-4.10E-05,-0.001883,-0.001409,0.001711,7.00E-05,-0.002239,-0.001127,1182,1,127.1508,86.7202,0,7.815569,,,QUALIFIED,,,,0.959088,,TRUE,TRUE,BOTH,normal_low,0.386990756,0.081563405,0.234277,BOTH,0,0.081407,0,0,0.086564,1,LOW_CONVERGENCE,1,392,494
24118,372,0.2325,0.4934,1.12,3197.032258,733.0268817,-27149.82796,-34450.30645,43.8628,3182,718,3211,744,6.3064,3.6927,19.0654,4.4304,2.5089,-5763.9343,1,0,1,0,372,0.214414,0.205305,0.040111,1,1,0.095503,0.087868,0.019485,1,1,0.003979,0.005523,0.004554,0.003294,0.007378,0.001966,0.003472,0.000327,372,1,-96.3518,96.3954,0.319892,0,3.40E-05,1.80E-05,QUALIFIED,,-0.388037,0.27668,0.733532,0.905818,TRUE,TRUE,BOTH,normal_low,0.243921936,0.142420111,0.193171,BOTH,0.040805,0.062262,0,0.038868,0.086532,1,LOW_CONVERGENCE,4,393,495
7461,202,0.12625,0.5489,1.44,1223.29703,2715.094059,22401.85149,14893.07426,26.9008,1215,2704,1231,2727,4.2178,1.9971,10.2591,3.4288,1.0642,-2056.6685,1,0,0.3671,0.424,202,0.246128,0.227847,0.061417,1,1,,,,0,0,0.001338,0.001419,-0.000772,-6.00E-06,-0.001512,-0.014549,-0.004442,-0.0036,202,1,33.5851,91.8903,0,6.846988,,,QUALIFIED,,-0.060538,,,,TRUE,FALSE,CPR_ONLY,normal_low,0.2880873,,0.288087,CPR_ONLY,0,0,0,0,0.086426,1,LOW_CONVERGENCE,1,394,496
16062,247,0.154375,0.5909,1.16,2224.607287,3382.94332,39098.083,-10139.68219,40.3921,2217,3373,2236,3395,8.0355,4.0911,20.819,6.23,1.977,-763.1833,1,0,0.0755,0.225,247,0.193273,0.187486,0.044087,1,1,0.025905,0.023414,0.007993,1,1,0.000368,0.000524,-0.000949,-0.001564,-0.002557,-0.003125,0.001593,-0.004176,247,1,71.5812,82.9217,0,19.99203,,,QUALIFIED,,,,,3.621469,TRUE,TRUE,BOTH,normal_low,0.21448068,0.035319572,0.1249,BOTH,0.163137,0,0,0,0.086411,1,LOW_CONVERGENCE,1,395,497
7876,1270,0.79375,0.4834,1.92,1277.976378,1699.87874,-2978.531496,13526.09055,13.8496,1244,1681,1315,1718,10.249,4.5631,26.5126,8.832,3.4411,-1824.1715,1,0.0024,0.0298,0.1445,1270,0.218868,0.208768,0.052477,0.277165,0.277165,,,,0,0,0.00932,0.00805,0.0127,0.012092,0.015619,0.008229,0.013584,0.011865,1270,1,85.0522,75.7671,0,9.697036,,,QUALIFIED,,0.136266,0.047874,0.473142,0.126546,TRUE,FALSE,CPR_ONLY,normal_low,0.250124639,,0.250125,CPR_ONLY,0.005701,0.04016,0.009554,0.006725,0.086408,1,LOW_CONVERGENCE,4,396,498
8329,1315,0.821875,0.4981,1.36,1306.691255,2598.463118,19486.07795,12808.21863,23.3188,1272,2576,1332,2620,6.1136,4.5192,26.0192,4.852,3.1478,-2030.9087,1,0.0015,0.2005,0.3615,1315,0.224722,0.22099,0.047016,1,1,,,,0,0,0.010356,0.005966,0.003882,0.002989,0.004165,0.003503,6.10E-05,-0.000289,1315,1,33.5851,91.8903,0,3.086462,,,QUALIFIED,,0.423909,0.230036,0.158944,,TRUE,FALSE,CPR_ONLY,normal_low,0.258277002,,0.258277,CPR_ONLY,0,0.013491,0.029722,0.032315,0.086385,1,LOW_CONVERGENCE,3,398,499
2381,627,0.391875,0.5296,1.16,584.8867624,2236.787879,10444.19697,30853.33094,32.5728,566,2220,603,2252,8.6117,4.5086,26.3853,6.6057,3.1574,-2027.7992,1,0.0032,1,0,627,,,,0,0,0.084618,0.083371,0.009614,1,1,-0.000472,0.006964,0.002036,0.001629,0.001557,-0.002647,0.000943,0.00078,627,1,40.2924,84.9679,0,18.565156,,,QUALIFIED,,,0.199902,2.700064,,FALSE,TRUE,S1_ONLY,no_data,,0.125669782,0.12567,S1_ONLY,0,0.22918,0,0.028082,0.086345,1,LOW_CONVERGENCE,2,399,500
24281,134,0.08375,0.5425,1.46,3212,831.3208955,-24692.47761,-34824.5,42.6904,3202,825,3221,838,5.9087,2.8159,12.5862,4.6363,1.1168,-5714.1982,1,0,1,0,134,0.168915,0.16316,0.023546,1,1,0.068151,0.068373,0.00579,1,1,3.40E-05,0.000898,0.000393,0.000888,0.002724,-0.004366,-0.003833,-0.00757,134,1,-93.9919,109.8179,0.059701,0,2.40E-05,1.70E-05,QUALIFIED,,,,2.60279,,TRUE,TRUE,BOTH,normal_low,0.180559385,0.100329621,0.140445,BOTH,0,0.220923,0,0,0.086318,1,LOW_CONVERGENCE,1,400,501
14030,221,0.138125,0.4784,1.05,1961.321267,172.9411765,-41151.97059,-3557.531674,41.305,1950,162,1972,183,3.9887,2.3371,12.5454,2.9605,1.2814,-2392.8532,1,0,1,0,221,0.243697,0.236761,0.039103,1,1,,,,0,0,0.004768,0.004177,0.005723,0.007621,0.007212,0.008509,-0.00158,0.004527,221,1,35.5577,101.3636,0,1.243483,,,QUALIFIED,,0.123951,-0.331644,-0.179839,,TRUE,FALSE,CPR_ONLY,normal_low,0.284701855,,0.284702,CPR_ONLY,0,0,0.008691,0,0.08628,1,LOW_CONVERGENCE,3,401,502
14533,246,0.15375,0.4659,1.09,2030.686992,144.0081301,-41875.29675,-5291.674797,42.2079,2019,134,2043,156,7.6104,3.7167,20.6313,6.4748,2.4857,-2424.987,1,0,1,0,246,0.24568,0.240973,0.044396,1,1,,,,0,0,-0.029313,-0.000723,0.00168,0.002496,-0.000447,-0.000715,-0.006552,-0.002898,246,1,57.7818,98.3332,0,1.330883,,,QUALIFIED,,,-0.485714,,,TRUE,FALSE,CPR_ONLY,normal_low,0.287463409,,0.287463,CPR_ONLY,0,0,0,0,0.086239,1,LOW_CONVERGENCE,1,402,503
14803,226,0.14125,0.642,1.38,2064.659292,118.5309735,-42512.22566,-6140.982301,42.9531,2058,107,2074,129,5.9007,4.1104,25.5458,4.3325,1.4963,-2401.7,1,0.0044,1,0,226,0.178027,0.174242,0.044062,1,1,,,,0,0,0.002882,0.007332,0.003666,0.003676,0.006669,0.009678,0.003816,-0.004137,226,1,57.7818,98.3332,0,1.229837,,,QUALIFIED,,-1.544067,-0.002728,-0.451192,2.084119,TRUE,FALSE,CPR_ONLY,normal_low,0.193248885,,0.193249,CPR_ONLY,0.093884,0,0,0,0.08614,1,LOW_CONVERGENCE,4,403,504
1847,4942,3.08875,0.4862,1.13,484.5412788,783.1628895,-25896.42776,33361.96803,42.2325,442,735,537,842,8.4677,3.7069,23.6679,7.0769,2.5941,-1198.1245,1,0,0.2587,0.4061,4942,0.334188,0.329561,0.089365,1,1,0.095345,0.093997,0.015732,1,1,0.030924,0.034569,0.048136,0.049025,0.063601,0.055332,0.063252,0.058677,4942,1,80.591,99.4056,0,21.354625,,,QUALIFIED,,-0.11787,-0.018469,0.130014,0.07233,TRUE,TRUE,BOTH,normal_low,0.410720901,0.142176973,0.276449,BOTH,0.003258,0.011036,0,0,0.086119,1,LOW_CONVERGENCE,4,404,505
8771,480,0.3,0.4729,1.21,1360.395833,2385.285417,14156.63542,11465.60417,18.2174,1345,2368,1374,2403,8.1603,3.3494,26.6828,6.7387,1.7512,-1563.6861,1,0.0021,0.0901,0.2658,480,0.362165,0.353913,0.088498,1,1,0.053145,0.051634,0.010973,0.825,0.825,0.015178,0.014719,0.021622,0.020582,0.025756,0.019504,0.021356,0.01827,480,1,86.6499,88.4185,0,0.025,0.002981,0.00113,QUALIFIED,,0.030241,0.048099,0.24274,0.144503,TRUE,TRUE,BOTH,normal_low,0.449682066,0.077237712,0.26346,BOTH,0.006509,0.020604,0.00212,0.006757,0.085999,1,LOW_CONVERGENCE,4,407,506
16723,749,0.468125,0.4498,1.22,2316.178905,361.4058745,-36440.35314,-12428.97263,38.5014,2301,340,2338,385,6.2177,3.1264,22.8124,5.1318,1.9436,171.8657,1,0,0.1886,0.3389,749,0.304976,0.263604,0.129827,1,1,0.070296,0.063908,0.027654,1,1,0.008111,0.007097,0.007167,0.006291,0.00896,0.005617,0.006047,0.003584,749,1,57.7818,98.3332,0,6.841235,,,QUALIFIED,,0.125015,0.122227,0.373103,0.407309,TRUE,TRUE,BOTH,normal_low,0.370039857,0.103630443,0.236835,BOTH,0.018348,0.031669,0.008765,0.01717,0.085482,1,LOW_CONVERGENCE,4,408,507
7266,441,0.275625,0.5833,1.04,1194.641723,2548.310658,18232.26644,15609.45692,24.0015,1181,2534,1208,2562,5.3303,2.5292,23.1715,4.0702,1.2028,-2048.7986,1,0,0.9683,0.1487,441,0.242813,0.240054,0.047952,1,1,,,,0,0,-0.007891,-0.008778,-0.007736,-0.004965,-0.005013,-0.006105,-0.012455,-0.013582,441,1,33.734,87.2227,0,5.262188,,,QUALIFIED,,,,,,TRUE,FALSE,CPR_ONLY,normal_low,0.283470784,,0.283471,CPR_ONLY,0,0,0,0,0.085041,1,LOW_CONVERGENCE,0,410,508
9280,511,0.319375,0.4731,1.48,1409.845401,2639.616438,20514.91096,10229.36497,22.924,1397,2621,1424,2661,5.368,2.2981,15.6998,4.3949,1.1136,-1910.0421,1,0,0.0405,0.1549,511,0.239504,0.23566,0.060949,1,1,0.024257,0.023318,0.004033,0.154599,0.154599,0.002297,0.002615,0.001938,-0.003334,-0.000712,-0.000747,-0.004959,-0.003348,511,1,33.5851,91.8903,0,1.758195,,,QUALIFIED,,-0.138441,2.72033,,,TRUE,TRUE,BOTH,normal_low,0.278862624,0.032783555,0.155823,BOTH,0,0,0,0.382152,0.084962,1,LOW_CONVERGENCE,2,411,509
11331,158,0.09875,0.5725,1.92,1595.816456,2986.316456,29182.41139,5580.088608,29.7115,1590,2976,1602,2999,5.3399,2.3093,13.4726,4.5459,2.185,-1800.6415,1,0,0.2142,0.3687,158,0.234692,0.217871,0.105438,0.860759,0.860759,,,,0,0,-0.001134,0.00251,0.001264,0.001,-0.002761,-0.006047,-0.013788,-0.014824,158,1,25.3927,84.5067,0,5.433461,,,QUALIFIED,,,0.208861,,,TRUE,FALSE,CPR_ONLY,normal_low,0.272161365,,0.272161,CPR_ONLY,0,0,0,0.029341,0.084582,1,LOW_CONVERGENCE,1,413,510
2470,1852,1.1575,0.42,1.11,570.5950324,719.3812095,-27490.96976,31210.62419,41.5908,536,685,606,748,8.8025,4.1535,25.9814,7.248,2.7001,-1109.2121,1,0.0005,0.2083,0.3754,1852,0.307391,0.301924,0.087386,1,1,0.115775,0.100457,0.049176,1,1,0.042618,0.04568,0.069058,0.07081,0.083495,0.077465,0.086517,0.078513,1852,1,80.591,99.4056,0,18.64995,,,QUALIFIED,,-0.071848,-0.02537,0.07222,0.092514,TRUE,TRUE,BOTH,normal_low,0.37340302,0.173615578,0.273509,BOTH,0.004168,0.00613,0,0,0.084529,1,LOW_CONVERGENCE,4,415,511
6330,576,0.36,0.5152,1.65,1112.109375,1532.274306,-7168.642361,17672.76563,19.0707,1093,1520,1136,1546,4.5747,2.5897,15.1614,3.5355,1.1944,-2150.5008,1,0,0.3509,0.4107,576,0.162282,0.159057,0.02639,1,1,,,,0,0,0.012979,0.005299,0.006233,0.003843,0.005923,0.00054,0.006018,0.002407,576,1,-19.4926,68.1002,0,15.098117,,,QUALIFIED,,0.591725,0.383443,0.90883,0.600033,TRUE,FALSE,CPR_ONLY,normal_low,0.171322176,,0.171322,CPR_ONLY,0.02703,0.077141,0.041489,0.053866,0.084469,1,LOW_CONVERGENCE,4,416,512
9134,2099,1.311875,0.3887,1.5,1379.519771,3363.66222,38616.0555,10987.50572,40.1491,1328,3338,1418,3398,8.8855,3.5879,29.9557,7.6333,2.4115,-958.8304,1,0.0024,0.1491,0.297,2099,0.181673,0.176363,0.047159,1,1,,,,0,0,0.000279,0.000933,0.004061,0.001542,0.005083,0.000221,-0.001513,-0.000979,2009,0.9571,31.5436,77.8519,0,0.145774,,,QUALIFIED,,,0.620291,0.956522,,TRUE,FALSE,CPR_ONLY,normal_low,0.198326356,,0.198326,CPR_ONLY,0,0.081189,0,0.087138,0.084449,1,LOW_CONVERGENCE,2,417,513
7624,546,0.34125,0.5705,1.14,1237.446886,1964.342491,3633.062271,14539.32784,14.986,1221,1951,1254,1980,8.0926,4.2434,24.3335,6.4047,2.3154,-563.0316,1,0,0.0781,0.2323,546,0.241358,0.238987,0.05002,1,1,,,,0,0,0.057193,0.07009,0.102667,0.110297,0.132904,0.138414,0.143554,0.144358,546,1,85.0522,75.7671,0,3.920459,,,QUALIFIED,,-0.2255,-0.074318,-0.041458,-0.005601,TRUE,FALSE,CPR_ONLY,normal_low,0.281444531,,0.281445,CPR_ONLY,0,0,0,0,0.084434,1,LOW_CONVERGENCE,4,418,514
8595,344,0.215,0.4674,1.39,1336.30814,2725.726744,22667.6686,12067.79651,25.6801,1323,2709,1346,2741,4.9192,2.2563,12.6434,3.8411,1.3231,-1932.118,1,0,0.2488,0.3849,344,0.240557,0.237439,0.050738,1,1,,,,0,0,0.000756,7.30E-05,-0.001171,0.000776,0.000732,-0.002279,-0.002398,-0.021347,344,1,33.5851,91.8903,0,4.525622,,,QUALIFIED,,,,,,TRUE,FALSE,CPR_ONLY,normal_low,0.280329047,,0.280329,CPR_ONLY,0,0,0,0,0.084099,1,LOW_CONVERGENCE,0,419,515
6688,794,0.49625,0.3836,1.02,1143.899244,1396.06927,-10573.76826,16878.01889,19.9159,1122,1374,1168,1419,8.2395,3.9175,29.079,6.5966,2.3479,-2284.8328,1,0.0038,0.8598,0.334,794,0.189477,0.187971,0.042626,1,1,,,,0,0,-0.000272,0.000806,0.003119,-0.001533,0.000218,-0.002728,-0.00277,-0.005264,794,1,-19.4926,68.1002,0,17.700282,,,QUALIFIED,,,1.491504,,,TRUE,FALSE,CPR_ONLY,normal_low,0.209194317,,0.209194,CPR_ONLY,0,0,0,0.209526,0.083711,1,LOW_CONVERGENCE,1,420,516
5748,189,0.118125,0.6136,1.57,1037.402116,1748.359788,-1766.505291,19540.44709,19.6196,1031,1738,1045,1760,4.7123,3.8632,18.3251,3.9927,3.6677,-2180.9621,1,0,0.9185,0.2401,189,0.236156,0.22236,0.04454,1,1,,,,0,0,0.002766,0.004444,0.001676,0.00151,0.001301,0.008129,-0.005453,-0.012109,189,1,33.7027,75.9158,0,11.493504,,,QUALIFIED,,-0.606652,0.099045,-5.248271,,TRUE,FALSE,CPR_ONLY,normal_low,0.274200152,,0.2742,CPR_ONLY,0,0,0,0.013914,0.083651,1,LOW_CONVERGENCE,3,423,517
9150,196,0.1225,0.4912,1.11,1390.183673,2822.622449,25090.06122,10720.90816,27.2849,1381,2812,1400,2833,4.2908,2.1859,11.4929,3.9587,1.0979,-1724.3012,1,0,0.1388,0.2953,196,0.239473,0.231219,0.047071,1,1,,,,0,0,0.00037,0.000734,0.000844,-0.000521,0.000319,-0.001317,-0.004838,-0.002929,196,1,25.3927,84.5067,0,5.162969,,,QUALIFIED,,,,,,TRUE,FALSE,CPR_ONLY,normal_low,0.278819453,,0.278819,CPR_ONLY,0,0,0,0,0.083646,1,LOW_CONVERGENCE,0,424,518
7719,376,0.235,0.4352,1.5,1250.590426,2675.670213,21416.25532,14210.73936,25.7023,1240,2659,1264,2695,4.2228,2.0931,12.5966,3.2554,1.0247,-2074.1884,1,0,0.6912,0.4113,376,0.190495,0.189083,0.035003,1,1,,,,0,0,0.009535,0.00353,0.003971,0.005177,0.008316,0.000553,-7.50E-05,-0.002958,376,1,33.5851,91.8903,0,5.790186,,,QUALIFIED,,0.629785,-0.303702,0.933502,,TRUE,FALSE,CPR_ONLY,normal_low,0.210611998,,0.210612,CPR_ONLY,0,0.079235,0.044157,0,0.083446,1,LOW_CONVERGENCE,3,426,519
8209,1258,0.78625,0.5248,1.09,1302.079491,3362.342607,38583.06518,12923.51272,40.6902,1281,3333,1328,3384,8.2997,4.458,23.4688,7.4072,3.7852,-900.1581,1,0,0.0202,0.1132,1258,0.238147,0.223355,0.060042,1,1,,,,0,0,0.063008,0.076409,0.107189,0.112405,0.137164,0.138416,0.144685,0.14462,1258,1,31.5436,77.8519,0.002385,0,0.00338,0.00071,QUALIFIED,,-0.212687,-0.048662,-0.009128,0.000449,TRUE,FALSE,CPR_ONLY,normal_low,0.276972847,,0.276973,CPR_ONLY,2.00E-05,0,0,0,0.083098,1,LOW_CONVERGENCE,4,430,520
9837,719,0.449375,0.535,1.71,1453.974965,2932.305981,27832.14951,9126.125869,29.2905,1440,2907,1468,2955,8.0318,3.9116,18.6077,6.5223,3.0821,-2070.8391,1,0,0.9647,0.1569,719,0.229932,0.22582,0.04351,1,1,,,,0,0,0.005071,0.002797,-0.001757,0.000613,-0.003858,-0.003278,-0.009839,-0.010358,719,1,25.3927,84.5067,0,5.821136,,,QUALIFIED,,0.448432,,,,TRUE,FALSE,CPR_ONLY,normal_low,0.265532522,,0.265533,CPR_ONLY,0,0,0.031442,0,0.082804,1,LOW_CONVERGENCE,1,432,521
9737,232,0.145,0.6105,1.05,1442.961207,3327.469828,37711.24569,9401.469828,38.8658,1433,3317,1452,3337,7.5332,2.8251,15.5079,6.0609,1.8287,-1009.2157,1,0,0.0652,0.2159,232,0.234672,0.231388,0.039726,1,1,,,,0,0,0.027912,0.027992,0.044353,0.044398,0.051036,0.050206,0.052891,0.056807,173,0.7457,31.5436,77.8519,0,2.754201,,,QUALIFIED,,-0.002866,-0.001015,0.016263,-0.074039,TRUE,FALSE,CPR_ONLY,normal_low,0.272133513,,0.272134,CPR_ONLY,0,0.00138,0,0,0.081916,1,LOW_CONVERGENCE,4,434,522
2138,151,0.094375,0.4689,1.64,553.410596,1686.92053,-3302.486755,31640.2351,31.8116,541,1681,564,1695,7.7436,3.4535,15.5721,7.3715,2.6595,-657.524,1,0,0.5494,0.4705,151,0.272177,0.261519,0.079518,1,1,0.138205,0.135703,0.015685,1,1,0.035463,0.043228,0.054955,0.063607,0.080998,0.077726,0.081604,0.073671,151,1,49.6089,82.7432,0,22.131115,,,QUALIFIED,,-0.218961,-0.157438,0.040396,0.097213,TRUE,TRUE,BOTH,normal_low,0.324363506,0.208131873,0.266248,BOTH,0.004379,0.003429,0,0,0.081874,1,LOW_CONVERGENCE,4,435,523
15393,747,0.466875,0.6098,1,2133.017403,3092.447122,31835.67805,-7849.935074,32.7898,2117,3074,2152,3109,9.3257,2.9959,21.8806,7.83,1.5429,-183.3953,1,0,0.0187,0.1057,747,0.23987,0.237995,0.036899,1,1,0.05547,0.054371,0.01041,1,1,-0.001165,0.000967,0.001613,-0.001554,-0.001703,-0.003142,-0.003769,-0.007085,747,1,127.1508,86.7202,0,12.46658,,,QUALIFIED,,,1.963422,,,TRUE,TRUE,BOTH,normal_low,0.279372321,0.080815526,0.180094,BOTH,0,0,0,0.275821,0.08161,1,LOW_CONVERGENCE,1,437,524
16166,3321,2.075625,0.5302,1.21,2237.990364,2887.870822,26721.27055,-10474.25911,28.7015,2197,2856,2284,2928,10.7712,4.7688,29.8661,9.1695,3.4883,641.5955,1,0.0163,0.0756,0.2436,3321,0.371646,0.355408,0.115935,0.335742,0.335742,0.05566,0.053529,0.010908,1,1,-0.001374,0.001412,-0.001897,-1.10E-05,-0.000324,-0.004007,-0.006417,-0.004988,3321,1,127.1508,86.7202,0,8.506946,,,QUALIFIED,,,,,,TRUE,TRUE,BOTH,normal_low,0.462885441,0.081107907,0.271997,BOTH,0,0,0,0,0.081599,1,LOW_CONVERGENCE,0,438,525
7111,133,0.083125,0.489,1.06,1180.06015,1109.458647,-17739.03383,15973.99624,23.8707,1172,1101,1189,1117,4.4599,2.3588,12.2064,4.4353,1.8726,-2776.148,1,0,1,0,133,0.201429,0.196798,0.028691,0.947368,0.947368,0.074926,0.073061,0.011209,0.924812,0.924812,0.003781,0.003578,0.00476,0.003033,0.0066,0.002157,0.001417,-6.50E-05,133,1,-14.3965,65.3367,0,21.514951,,,QUALIFIED,,0.05369,0.362815,0.673182,1.045872,TRUE,TRUE,BOTH,normal_low,0.225838841,0.110755296,0.168297,BOTH,0.047114,0.057139,0.003764,0.050968,0.081524,1,LOW_CONVERGENCE,4,439,526
10114,2386,1.49125,0.4872,1.41,1485.248533,3037.807209,30469.68022,8344.286672,31.5919,1460,2994,1519,3077,9.4026,4.1351,25.3969,8.1379,3.3357,-1584.4747,1,0.0008,0.3996,0.4648,2386,0.190138,0.185489,0.050465,1,1,,,,0,0,-0.00084,-0.00162,0.001645,-0.00049,-0.002796,-0.006567,-0.011173,-0.01495,2197,0.9208,25.3927,84.5067,0,5.860941,,,QUALIFIED,,,1.297872,,,TRUE,FALSE,CPR_ONLY,normal_low,0.210114835,,0.210115,CPR_ONLY,0,0,0,0.182325,0.081267,1,LOW_CONVERGENCE,1,441,527
11785,2077,1.298125,0.391,1.3,1625.705344,3532.475686,42836.39215,4832.866394,43.1086,1587,3503,1670,3567,7.5271,4.3759,29.988,6.6981,3.8433,-1001.3393,1,0.0019,0.1871,0.3645,2077,0.233591,0.217835,0.078176,1,1,,,,0,0,-0.000588,0.001619,0.000125,-0.000423,0.000881,-0.004167,-0.006075,-0.011481,2077,1,63.3495,86.7715,0,7.601686,,,QUALIFIED,,,,,,TRUE,FALSE,CPR_ONLY,normal_low,0.270628097,,0.270628,CPR_ONLY,0,0,0,0,0.081188,1,LOW_CONVERGENCE,0,442,528
5143,164,0.1025,0.7321,1.14,957.5670732,1163.792683,-16380.68293,21536.32317,27.0574,950,1157,966,1171,5.8783,2.5744,14.4655,4.8694,0.9474,-2514.9966,1,0,0.6924,0.4266,164,0.199889,0.166267,0.08049,1,1,0.029366,0.029814,0.001583,1,1,-0.00194,0.002925,-0.001772,0.000844,0.00193,-0.002757,0.000873,0.003597,164,1,-14.3965,65.3367,0,24.960982,,,QUALIFIED,,,,2.428497,,TRUE,TRUE,BOTH,normal_low,0.223694215,0.040645515,0.13217,BOTH,0,0.206129,0,0,0.080877,1,LOW_CONVERGENCE,1,444,529
4459,1395,0.871875,0.3908,1.37,877.921147,1344.752688,-11856.6828,23527.47133,26.3455,843,1314,913,1365,7.6932,3.3034,25.3537,6.6254,2.5493,-3580.6469,1,0.0007,1,0,1395,0.230075,0.216811,0.073312,1,1,0.049978,0.045953,0.018997,1,1,0.00036,0.001087,0.000834,0.000135,0.001677,-0.001288,0.001977,0.002662,1395,1,-19.4926,68.1002,0,21.837425,,,QUALIFIED,,,,1.768038,-0.346485,TRUE,TRUE,BOTH,normal_low,0.265731666,0.072364189,0.169048,BOTH,0,0.15007,0,0,0.080728,1,LOW_CONVERGENCE,2,445,530
20324,654,0.40875,0.4906,1.39,2739.180428,2109.414373,7259.859327,-23004.0107,24.123,2720,2092,2763,2123,9.2639,3.9506,28.5098,7.4467,2.4089,850.2408,1,0.0031,0.2731,0.4089,654,0.33368,0.329101,0.081278,1,1,0.064148,0.058616,0.016981,1,1,0.000311,0.001006,0.001103,0.000723,-0.001823,-0.004441,-0.007113,-0.010082,654,1,150.2524,84.7415,0.365443,0,0.001674,1.50E-05,QUALIFIED,,,0.344515,,,TRUE,TRUE,BOTH,normal_low,0.410013453,0.094169624,0.252092,BOTH,0,0,0,0.048397,0.080467,1,LOW_CONVERGENCE,1,447,531
10940,276,0.1725,0.4825,1.18,1553.492754,2900.293478,27031.83696,6638.181159,27.8353,1540,2891,1566,2913,3.8102,2.195,10.1576,3.3433,1.6678,-1910.3167,1,0,0.297,0.4297,276,0.231649,0.231619,0.054787,1,1,,,,0,0,0.020472,0.020635,0.026439,0.027899,0.031887,0.036907,0.029966,0.035919,276,1,25.3927,84.5067,0,3.893103,,,QUALIFIED,,-0.007962,-0.055221,-0.157431,-0.198658,TRUE,FALSE,CPR_ONLY,normal_low,0.26792364,,0.267924,CPR_ONLY,0,0,0,0,0.080377,1,LOW_CONVERGENCE,4,448,532
450,4269,2.668125,0.4315,1.05,147.964863,2189.03748,9250.436988,41776.37843,42.7879,96,2145,193,2247,10.0405,4.1331,24.6503,8.6154,3.208,-526.4165,1,0,0.0165,0.11,4269,0.276866,0.223871,0.14145,1,1,0.136134,0.122642,0.063906,1,1,0.064534,0.080086,0.110827,0.118713,0.145342,0.148195,0.143264,0.143683,4269,1,67.2511,77.9602,0,20.517569,,,QUALIFIED,,-0.240989,-0.071156,-0.01963,-0.002925,TRUE,TRUE,BOTH,normal_low,0.330893473,0.204944925,0.267919,BOTH,0,0,0,0,0.080376,1,LOW_CONVERGENCE,4,449,533
24337,735,0.459375,0.2905,1.2,3210.287075,1409.171429,-10246.21429,-34781.67687,36.2598,3180,1390,3235,1436,11.2388,4.5203,28.0069,9.8738,2.8032,-536.4046,1,0.0122,0.1908,0.3436,735,0.292071,0.282234,0.102243,1,1,0.098666,0.095831,0.014146,1,1,0.013313,0.012086,0.01774,0.017772,0.02321,0.020728,0.023556,0.018362,735,1,16.5674,112.9342,0,7.385332,,,QUALIFIED,,0.092166,-0.001804,0.106937,0.220496,TRUE,TRUE,BOTH,normal_low,0.352068171,0.147287478,0.249678,BOTH,0.009933,0.009077,0.006462,0,0.080345,1,LOW_CONVERGENCE,4,450,534
6941,197,0.123125,0.684,1.12,1172.944162,1638.28934,-4518.266497,16151.89594,16.7713,1165,1630,1183,1646,5.0354,3.1808,16.6265,4.236,2.0416,-1971.0981,1,0,0.5578,0.4473,197,0.213494,0.205099,0.044144,1,1,,,,0,0,0.016213,0.009031,0.003901,0.002708,-0.001714,0.001337,-0.003367,-0.007795,197,1,33.7027,75.9158,0,12.222034,,,QUALIFIED,,0.442978,0.305819,,,TRUE,FALSE,CPR_ONLY,normal_low,0.242640731,,0.242641,CPR_ONLY,0,0,0.031059,0.042961,0.080194,1,LOW_CONVERGENCE,2,451,535
18844,276,0.1725,0.6316,1.21,2575.503623,636.7753623,-29556.11594,-18912.09058,35.0888,2567,626,2586,649,8.7408,4.1467,24.6983,7.9048,2.7665,-3391.7981,1,0,0.2167,0.3784,276,0.249607,0.230167,0.101925,1,1,0.097809,0.095692,0.03043,1,1,0.005639,0.011045,0.004898,0.004138,0.002863,0.000816,-0.001994,-0.002554,276,1,-42.3675,82.1954,0,3.694083,,,QUALIFIED,,-0.958681,0.155165,0.714984,,TRUE,TRUE,BOTH,normal_low,0.292932205,0.145968688,0.21945,BOTH,0,0.060687,0,0.021798,0.080152,1,LOW_CONVERGENCE,3,453,536
22752,251,0.156875,0.6152,1.41,2985.976096,1313.051793,-12649.20518,-29173.90239,31.7984,2978,1302,2995,1326,7.8937,3.237,21.4847,6.4347,1.7215,-684.0231,1,0,0.0674,0.2359,251,0.251716,0.248965,0.044143,1,1,0.084118,0.081566,0.008556,1,1,0.004833,0.004936,0.001557,0.003417,0.006901,0.005229,0.008243,0.000417,251,1,62.9466,93.772,0,9.075861,,,QUALIFIED,,-0.021312,-1.194605,0.242284,0.949412,TRUE,TRUE,BOTH,normal_low,0.295869228,0.12490036,0.210385,BOTH,0.042768,0.020565,0,0,0.080059,1,LOW_CONVERGENCE,4,454,537
9802,279,0.174375,0.337,1.57,1457.562724,2735.573477,22913.83692,9036.4319,24.6316,1447,2718,1470,2754,8.5297,4.0309,16.699,7.7787,3.2905,-1753.8477,1,0,0.6447,0.4396,279,0.230871,0.23146,0.039833,1,1,,,,0,0,-0.000755,0.00191,-0.001001,0.001423,0.000238,-0.009458,0.000407,-0.004016,279,1,33.5851,91.8903,0,2.450128,,,QUALIFIED,,,,,,TRUE,FALSE,CPR_ONLY,normal_low,0.266840186,,0.26684,CPR_ONLY,0,0,0,0,0.080052,1,LOW_CONVERGENCE,0,455,538
10519,328,0.205,0.5467,1.5,1523.865854,3594.335366,44382.88415,7378.853659,44.9925,1513,3581,1533,3611,8.2907,3.8907,23.9732,6.4075,2.0483,-1191.5951,1,0,0.6423,0.4223,328,0.161701,0.157457,0.029596,1,1,,,,0,0,0.000108,-0.004151,-2.60E-05,4.90E-05,0.001356,-0.000944,-0.007778,-0.005574,328,1,31.5436,77.8519,0,6.859756,,,QUALIFIED,,,,1.696165,,TRUE,FALSE,CPR_ONLY,normal_low,0.170513067,,0.170513,CPR_ONLY,0,0.143969,0,0,0.079948,1,LOW_CONVERGENCE,1,458,539
16165,178,0.11125,0.4944,1.11,2243.213483,2851.325843,25807.64607,-10604.83708,27.9022,2234,2845,2254,2863,8.0299,4.1753,17.7077,6.797,2.8795,620.2656,1,0,0.418,0.4549,178,0.364878,0.351436,0.068991,0.280899,0.280899,0.053232,0.053376,0.008156,1,1,0.000392,0.001608,-0.005213,-0.000244,-0.000551,-0.002194,-0.009017,-0.004714,178,1,127.1508,86.7202,0,8.300791,,,QUALIFIED,,,,,,TRUE,TRUE,BOTH,normal_low,0.453460228,0.077371591,0.265416,BOTH,0,0,0,0,0.079625,1,LOW_CONVERGENCE,0,462,540
6500,727,0.454375,0.614,1.16,1128.272352,1671.685007,-3683.374828,17268.6912,17.6566,1111,1654,1148,1686,4.8105,2.291,14.1238,3.9576,1.43,-2076.574,1,0,0.7085,0.4026,727,0.178652,0.175261,0.036096,1,1,,,,0,0,0.004412,0.001805,0.001791,0.000499,0.001358,0.000799,-0.003567,-0.003472,727,1,33.7027,75.9158,0,11.750798,,,QUALIFIED,,0.590888,0.721385,0.411635,,TRUE,FALSE,CPR_ONLY,normal_low,0.194119269,,0.194119,CPR_ONLY,0,0.034939,0.04143,0.10134,0.0795,1,LOW_CONVERGENCE,3,463,541
885,128,0.08,0.6124,1.73,300.125,2227.78125,10219.03125,37972.375,39.323,295,2219,306,2238,9.3004,3.1462,16.4887,7.7202,1.4258,-280.4891,1,0,0.0103,0.0647,128,0.231958,0.229356,0.057239,1,1,0.096858,0.079802,0.029262,1,1,0.003148,0.001896,0.003013,-0.000149,0.001704,0.013437,-0.00184,-0.001424,128,1,67.2511,77.9602,0,19.706614,,,QUALIFIED,,0.397713,1.049452,-6.885563,,TRUE,TRUE,BOTH,normal_low,0.268353958,0.144505246,0.20643,BOTH,0,0,0.027886,0.147427,0.07946,1,LOW_CONVERGENCE,3,464,542
9224,578,0.36125,0.5947,1.33,1389.186851,2926.195502,27679.38754,10745.82872,29.6924,1372,2914,1408,2941,6.3775,3.8844,22.4438,4.7821,2.0313,-2068.2064,1,0,1,0,578,0.222004,0.224022,0.044046,1,1,,,,0,0,0.00688,0.007732,0.007172,0.005727,0.006911,0.006801,0.005459,0.005762,578,1,25.3927,84.5067,0,6.862215,,,QUALIFIED,,-0.123837,0.201478,0.015917,-0.055505,TRUE,FALSE,CPR_ONLY,normal_low,0.254491877,,0.254492,CPR_ONLY,0,0.001351,0,0.028304,0.079448,1,LOW_CONVERGENCE,4,465,543
8001,461,0.288125,0.4647,1.03,1268.104121,3251.288503,35806.71258,13772.89696,38.3645,1252,3237,1284,3268,7.32,3.9084,21.6286,6.0089,2.3754,-1231.6525,1,0,0.045,0.1841,461,0.22894,0.226995,0.035938,1,1,,,,0,0,0.059945,0.070624,0.103145,0.110729,0.128733,0.134514,0.132948,0.136481,461,1,31.5436,77.8519,0.013015,0,0.003863,0.000948,QUALIFIED,,-0.178147,-0.073528,-0.044907,-0.026574,TRUE,FALSE,CPR_ONLY,normal_low,0.264151048,,0.264151,CPR_ONLY,0,0,0,0,0.079245,1,LOW_CONVERGENCE,4,467,544
19245,498,0.31125,0.6426,1.24,2614.811245,2194.335341,9382.883534,-19894.78112,21.997,2604,2180,2629,2211,8.5068,3.3292,20.1658,7.3571,2.001,1190.2953,1,0,0.0697,0.2031,498,0.276003,0.270544,0.070715,1,1,0.03935,0.037994,0.008013,1,1,0.000419,-0.000386,-7.20E-05,-0.001901,0.002305,-0.000593,-6.00E-05,-0.000314,498,1,150.2524,84.7415,0.401606,0,4.20E-05,1.10E-05,QUALIFIED,,,,1.257267,,TRUE,TRUE,BOTH,normal_low,0.329691647,0.056009344,0.19285,BOTH,0,0.106716,0,0,0.079198,1,LOW_CONVERGENCE,1,468,545
5718,1652,1.0325,0.5611,1.39,1042.708838,1563.377119,-6391.072034,19407.77906,20.4324,1012,1538,1076,1584,8.4465,3.8917,24.6178,7.3117,3.2363,-2179.776,1,0,0.1528,0.326,1652,0.218603,0.194036,0.083223,1,1,,,,0,0,0.010341,0.005572,0.003132,0.004799,0.005306,0.004991,0.000432,-0.001898,1652,1,-19.4926,68.1002,0,14.919136,,,QUALIFIED,,0.461174,-0.532248,0.059367,,TRUE,FALSE,CPR_ONLY,normal_low,0.249755596,,0.249756,CPR_ONLY,0,0.005039,0.032335,0,0.079168,1,LOW_CONVERGENCE,3,469,546
22164,1372,0.8575,0.5104,1.52,2908.962828,2090.221574,6780.039359,-27248.5707,28.08,2889,2055,2931,2119,7.2337,2.8586,21.4838,6.3556,2.2154,-111.2772,1,0,0.0364,0.1486,1372,,,,0,0,0.043835,0.042782,0.007846,1,1,0.000877,-0.000604,0.001069,-0.00351,-0.000753,-0.003875,-0.003809,-0.007578,1372,1,84.0064,107.1887,0,1.425219,0.003941,0.001954,QUALIFIED,,,4.283442,,,FALSE,TRUE,S1_ONLY,no_data,,0.062911064,0.062911,S1_ONLY,0,0,0,0.601738,0.079047,1,LOW_CONVERGENCE,1,471,547
1779,199,0.124375,0.4807,1.28,492.5276382,743.6582915,-26884.04271,33162.30905,42.6899,483,735,506,753,7.0013,3.2007,16.2905,6.1866,2.5744,-1177.3258,1,0,0.1528,0.3074,199,0.322455,0.30206,0.069306,1,1,0.080322,0.079288,0.004788,1,1,0.058517,0.063303,0.087321,0.092433,0.113273,0.103524,0.119191,0.114704,199,1,80.591,99.4056,0,21.44356,,,QUALIFIED,,-0.081788,-0.058543,0.086066,0.037645,TRUE,TRUE,BOTH,normal_low,0.394381359,0.119058904,0.25672,BOTH,0.001696,0.007305,0,0,0.078986,1,LOW_CONVERGENCE,4,472,548
15922,137,0.085625,0.5756,1.21,2205.138686,3281.218978,36554.97445,-9652.967153,37.8086,2197,3274,2214,3288,9.1404,4.7999,22.3956,6.9702,2.0889,-539.5299,1,0,0.1343,0.2849,137,0.280029,0.276628,0.047404,1,1,0.053012,0.051849,0.008811,1,1,0.000314,0.002613,0.003052,-0.000668,-0.000234,-0.01383,-0.002901,-0.006702,137,1,71.5812,82.9217,0,17.744753,,,QUALIFIED,,,1.218873,,,TRUE,TRUE,BOTH,normal_low,0.335298312,0.077033045,0.206166,BOTH,0,0,0,0.171227,0.078972,1,LOW_CONVERGENCE,1,473,549
25240,164,0.1025,0.5206,1.4,3349.445122,1327.804878,-12280.37805,-38260.62805,40.1834,3338,1321,3359,1336,7.8839,3.2043,15.8783,7.9201,2.5168,-2790.3566,1,0,0.4863,0.4296,164,0.245162,0.238372,0.05209,1,1,0.117168,0.117684,0.009264,1,1,0.002768,0.004088,-3.00E-05,0.00015,0.001906,0.000833,-0.000174,-0.001277,164,1,16.5674,112.9342,0,5.636765,,,QUALIFIED,,-0.476879,,0.562959,,TRUE,TRUE,BOTH,normal_low,0.286742035,0.175759189,0.231251,BOTH,0,0.047784,0,0,0.078932,1,LOW_CONVERGENCE,2,474,550
25982,306,0.19125,0.5312,1,3520.960784,1679.74183,-3481.954248,-42548.51961,42.6912,3509,1667,3533,1691,4.4112,2.0211,11.2821,3.2827,0.8633,-2104.1031,1,0,1,0,306,0.208691,0.19785,0.046528,1,1,0.058944,0.059056,0.007745,1,1,0.001672,0.000909,0.001694,0.001465,0.002029,-0.000995,-0.002022,0.000956,306,1,64.5725,120.1906,0.385621,0,0.000143,0.000135,QUALIFIED,,0.45634,0.135183,1.490389,,TRUE,TRUE,BOTH,normal_low,0.235952005,0.086161474,0.161057,BOTH,0,0.126503,0.031996,0.01899,0.078716,1,LOW_CONVERGENCE,3,475,551
544,839,0.524375,0.5116,1.02,198.7365912,2169.61621,8764.905244,40507.08522,41.4441,179,2151,220,2191,8.5305,4.2724,19.7924,7.5022,3.6913,-455.9466,1,0,0.0105,0.0823,839,0.238648,0.22513,0.092536,1,1,0.160526,0.11426,0.146992,1,1,0.1817,0.220593,0.312623,0.340467,0.425158,0.409003,0.426968,0.429496,839,1,67.2511,77.9602,0,21.501352,,,QUALIFIED,,-0.214051,-0.089066,0.037998,-0.005921,TRUE,TRUE,BOTH,normal_low,0.277670546,0.242480434,0.260075,BOTH,0,0.003225,0,0,0.078668,1,LOW_CONVERGENCE,4,476,552
15817,465,0.290625,0.4697,1.1,2183.892473,3313.673118,37366.32796,-9121.811828,38.4642,2168,3298,2198,3331,9.2861,4.551,24.2115,8.2512,3.3,-716.806,1,0,0.4077,0.4568,465,0.260357,0.242447,0.069096,1,1,0.053395,0.042745,0.026167,1,1,0.008891,0.004201,0.001971,0.003451,0.003256,-2.80E-05,-0.001024,-0.001804,465,1,71.5812,82.9217,0,17.786459,,,QUALIFIED,,0.5275,-0.750888,1.0086,,TRUE,TRUE,BOTH,normal_low,0.307902807,0.077622423,0.192763,BOTH,0,0.085609,0.036985,0,0.078649,1,LOW_CONVERGENCE,3,477,553
9375,498,0.31125,0.539,1.91,1407.971888,2612.12249,19827.56225,10276.20281,22.3325,1398,2591,1420,2633,6.5161,2.8149,15.6508,5.2185,1.4677,-1893.673,1,0,0.0315,0.142,498,0.241213,0.239333,0.051162,1,1,0.032464,0.029978,0.009337,0.323293,0.323293,0.003054,0.001463,0.001472,-0.001245,0.000328,0.000908,-0.002625,-0.004291,498,1,33.5851,91.8903,0,1.491643,,,QUALIFIED,,0.520956,1.845788,,,TRUE,TRUE,BOTH,normal_low,0.281242602,0.045412857,0.163328,BOTH,0,0,0.036527,0.259296,0.078581,1,LOW_CONVERGENCE,2,478,554
11881,301,0.188125,0.692,1.93,1668.574751,3514.79402,42394.3505,3761.131229,42.5613,1654,3508,1683,3523,7.9066,3.7368,20.0113,7.4652,3.2351,-983.4847,1,0,0.0016,0.0277,301,0.227209,0.221936,0.045925,1,1,0.032672,0.032289,0.001584,0.066445,0.066445,0.001985,0.002026,-0.007213,-0.000303,0.000907,-0.001337,-0.007713,0.002504,301,1,63.3495,86.7715,0,8.797336,,,QUALIFIED,,-0.020655,,,,TRUE,FALSE,CPR_ONLY,normal_low,0.261740433,,0.26174,CPR_ONLY,0,0,0,0,0.078522,1,LOW_CONVERGENCE,1,480,555
701,132,0.0825,0.4125,1.25,251.5681818,2387.507576,14212.18939,39186.29545,41.6837,242,2379,262,2395,8.196,3.2427,18.98,7.9439,2.4334,125.3576,1,0,0.0124,0.0942,132,0.335535,0.319329,0.118704,1,1,0.06964,0.07076,0.007287,1,1,0.044793,0.052302,0.080382,0.08133,0.09201,0.085832,0.100824,0.100194,132,1,67.2511,77.9602,0,16.218836,,,QUALIFIED,,-0.167638,-0.011794,0.067145,0.006249,TRUE,TRUE,BOTH,normal_low,0.412596752,0.102620961,0.257609,BOTH,0.000282,0.005699,0,0,0.078507,1,LOW_CONVERGENCE,4,481,556
10131,435,0.271875,0.4677,1.03,1487.675862,2896.6,26939.5,8283.603448,28.1846,1473,2880,1503,2911,4.4732,2.0528,14.3518,3.9497,2.1562,-2047.2482,1,0,0.4942,0.4727,435,0.217951,0.21024,0.058283,1,1,,,,0,0,0.009859,0.00686,0.004079,0.004024,0.007838,0.007209,0.00585,0.009129,435,1,25.3927,84.5067,0,4.802343,,,QUALIFIED,,0.304189,0.013484,0.08025,-0.560513,TRUE,FALSE,CPR_ONLY,normal_low,0.248847612,,0.248848,CPR_ONLY,0,0.006812,0.021328,0.001894,0.078339,1,LOW_CONVERGENCE,4,482,557
7304,373,0.233125,0.5313,1.04,1211.241287,1608.493298,-5263.16756,15194.46783,16.0796,1197,1597,1223,1624,6.5377,2.9835,17.3688,5.3891,1.671,-1999.4068,1,0,0.1683,0.3064,373,0.176975,0.174438,0.034572,1,1,,,,0,0,0.011627,0.003057,0.001736,0.002579,0.007094,0.000563,0.003985,0.009024,373,1,85.0522,75.7671,0,12.432317,,,QUALIFIED,,0.737077,-0.485599,0.920637,-1.264492,TRUE,FALSE,CPR_ONLY,normal_low,0.191783855,,0.191784,CPR_ONLY,0,0.078143,0.05168,0,0.078332,1,LOW_CONVERGENCE,4,483,558
3364,618,0.38625,0.6431,1,727.8106796,1445.02589,-9349.852751,27280.23301,28.8374,713,1430,744,1461,4.9083,2.4281,16.4138,3.9662,1.4218,-3532.0964,1,0,1,0,618,0.235861,0.219222,0.068686,1,1,0.088323,0.084804,0.016138,1,1,0.005219,0.004929,0.004207,0.001856,0.006763,0.003062,0.00212,0.004221,618,1,-31.9971,79.6277,0,22.26383,,,QUALIFIED,,0.055566,0.558831,0.547242,-0.991038,TRUE,TRUE,BOTH,normal_low,0.273789331,0.131371203,0.20258,BOTH,0,0.04645,0.003896,0.078505,0.078304,1,LOW_CONVERGENCE,4,484,559
24311,160,0.1,0.5926,1.2,3210.225,759.25,-26494.25,-34780.125,43.722,3203,752,3221,767,5.565,2.739,14.2107,4.1575,0.9043,-5761.1885,1,0,1,0,160,0.1704,0.163002,0.029549,1,1,0.097786,0.091686,0.033472,1,1,0.000787,0.002257,0.0007,0.001362,0.005123,-0.003604,-0.000262,-0.004004,160,1,-101.9481,118.7877,0.19375,0,2.40E-05,1.70E-05,QUALIFIED,,,,1.703494,,TRUE,TRUE,BOTH,normal_low,0.182627417,0.145933294,0.16428,BOTH,0,0.144591,0,0,0.078202,1,LOW_CONVERGENCE,1,488,560
4490,866,0.54125,0.5271,1.71,861.721709,1330.688222,-12208.29446,23932.45727,26.8658,834,1315,887,1346,7.0426,4.3187,28.5614,5.5008,2.1756,-3621.2717,1,0.0035,1,0,866,0.258421,0.223859,0.117045,1,1,0.075621,0.066182,0.036234,1,1,0.000474,-0.001475,0.002005,-0.000183,0.000222,-0.0001,-0.000716,0.001469,866,1,-19.4926,68.1002,0,22.218517,,,QUALIFIED,,,1.091272,,,TRUE,TRUE,BOTH,normal_low,0.305206706,0.111824793,0.208516,BOTH,0,0,0,0.153302,0.077885,1,LOW_CONVERGENCE,1,490,561
11972,382,0.23875,0.6809,1.94,1670.212042,3178.743455,33993.08639,3720.198953,34.1965,1663,3162,1680,3195,4.2692,2.4351,13.4184,3.5761,1.8641,-1735.4065,1,0,0.8897,0.2805,382,0.188632,0.18392,0.048167,1,1,,,,0,0,0.006108,0.007807,0.006562,0.003151,0.005579,0.004544,0.006571,0.004157,382,1,66.0189,90.6798,0,9.119827,,,QUALIFIED,,-0.27816,0.519811,0.185517,0.367372,TRUE,FALSE,CPR_ONLY,normal_low,0.208017558,,0.208018,CPR_ONLY,0.016549,0.015747,0,0.073023,0.077822,1,LOW_CONVERGENCE,4,491,562
1218,2640,1.65,0.5482,1.54,363.7534091,2220.430303,10035.25758,36381.66477,37.74,320,2194,406,2250,10.1135,4.7109,27.6972,8.7696,3.6583,-62.1295,1,0.0019,0.0295,0.1356,2640,0.367553,0.363203,0.047696,0.005303,0.005303,0.138369,0.136109,0.047286,1,1,0.007139,0.00709,0.010977,0.010351,0.011974,0.008389,0.007901,0.002529,2640,1,67.2511,77.9602,0,19.169393,,,QUALIFIED,,0.006864,0.057028,0.299399,0.679914,FALSE,TRUE,S1_ONLY,normal_low,,0.208384243,0.208384,S1_ONLY,0.030628,0.025413,0.000481,0.008011,0.077635,1,LOW_CONVERGENCE,4,492,563
11122,424,0.265,0.4206,1.75,1573.158019,3363.997642,38624.44104,6146.549528,39.1109,1561,3346,1585,3388,10.9879,4.8333,24.6713,9.428,3.4903,-1233.8136,1,0,0.2992,0.4343,424,0.224771,0.209326,0.075717,1,1,,,,0,0,0.001578,0.002074,0.000387,0.000796,0.00038,-0.001269,-0.002261,-0.007854,424,1,31.5436,77.8519,0,5.885416,,,QUALIFIED,,-0.314322,,,,TRUE,FALSE,CPR_ONLY,normal_low,0.25834524,,0.258345,CPR_ONLY,0,0,0,0,0.077503,1,LOW_CONVERGENCE,1,493,564
7105,980,0.6125,0.4444,1.09,1190.34898,2504.488776,17136.71939,15716.77551,23.2526,1171,2475,1216,2524,6.1123,3.7135,24.3714,4.7527,2.1016,-2011.5277,1,0,0.7722,0.3653,980,0.224628,0.217346,0.052088,1,1,,,,0,0,-0.003759,-0.00298,-0.003941,-0.000422,-0.004169,-0.005712,-0.009275,-0.011065,980,1,33.734,87.2227,0,4.795962,,,QUALIFIED,,,,,,TRUE,FALSE,CPR_ONLY,normal_low,0.258146096,,0.258146,CPR_ONLY,0,0,0,0,0.077444,1,LOW_CONVERGENCE,0,494,565
8825,1087,0.679375,0.4473,1.2,1362.092916,3219.613615,35014.84039,11423.17709,36.8314,1344,3187,1389,3241,8.6422,3.3881,22.9906,7.2524,2.1409,-1409.16,1,0,0.5683,0.4618,1087,0.224535,0.207924,0.061776,1,1,,,,0,0,0.014235,0.019792,0.027252,0.028823,0.033051,0.036447,0.028984,0.032638,1087,1,31.5436,77.8519,0,1.099147,,,QUALIFIED,,-0.390376,-0.057647,-0.10275,-0.12607,TRUE,FALSE,CPR_ONLY,normal_low,0.258016583,,0.258017,CPR_ONLY,0,0,0,0,0.077405,1,LOW_CONVERGENCE,4,496,566
6038,147,0.091875,0.5104,1.12,1065.22449,2451.605442,15814.63605,18844.88776,24.6014,1056,2444,1072,2462,4.3721,1.975,9.7415,3.0968,0.7967,-1935.1595,1,0,1,0,147,0.229051,0.226756,0.03772,1,1,0.059256,0.05622,0.011995,1,1,0.000538,-0.004442,-0.001066,-0.001583,0.001806,-0.000828,-0.003003,-0.001206,147,1,33.734,87.2227,0,7.688669,,,QUALIFIED,,,,1.458472,,TRUE,TRUE,BOTH,normal_low,0.264305629,0.086641594,0.175474,BOTH,0,0.123794,0,0,0.077401,1,LOW_CONVERGENCE,1,497,567
6292,377,0.235625,0.476,1.38,1088.554377,1346.392573,-11815.68568,18261.64058,21.7501,1076,1332,1100,1365,11.281,3.8978,24.2912,9.6143,2.7269,-2216.4957,1,0,0.0261,0.1463,377,0.224304,0.221008,0.038823,1,1,,,,0,0,-0.005534,0.000639,-0.00071,0.003926,-0.003929,-0.005266,-0.009665,-0.023803,377,1,-19.4926,68.1002,0,19.495544,,,QUALIFIED,,,,,,TRUE,FALSE,CPR_ONLY,normal_low,0.257694889,,0.257695,CPR_ONLY,0,0,0,0,0.077308,1,LOW_CONVERGENCE,0,498,568
2227,1456,0.91,0.4458,1.54,540.2788462,754.0679945,-26623.80014,31968.52885,41.6023,503,735,574,781,8.5921,4.1299,22.2239,7.2343,2.9161,-1136.1802,1,0,0.5792,0.4648,1456,0.304841,0.292976,0.071745,1,1,0.084513,0.082522,0.012211,1,1,0.019874,0.018013,0.02939,0.030769,0.036408,0.034791,0.034353,0.030628,1456,1,80.591,99.4056,0,20.09958,,,QUALIFIED,,0.09364,-0.046921,0.044413,0.108433,TRUE,TRUE,BOTH,normal_low,0.369851854,0.125508204,0.24768,BOTH,0.004885,0.00377,0.006566,0,0.07718,1,LOW_CONVERGENCE,4,501,569
9674,764,0.4775,0.4548,1.87,1437.163613,3453.484293,40861.60733,9546.409686,41.9623,1421,3424,1451,3480,8.0077,2.8986,24.3459,6.9674,1.892,-1007.7418,1,0,0.7029,0.4354,764,0.154437,0.154631,0.024576,1,1,,,,0,0,-0.009428,0.000465,-0.002004,-0.001263,0.00242,-0.00172,-0.003518,-0.000116,764,1,31.5436,77.8519,0,2.563811,,,QUALIFIED,,,,1.710744,,TRUE,FALSE,CPR_ONLY,normal_low,0.160397118,,0.160397,CPR_ONLY,0,0.145207,0,0,0.07716,1,LOW_CONVERGENCE,1,502,570
6592,685,0.428125,0.5063,1.24,1135.414599,2427.941606,15223.04015,17090.13504,22.8869,1119,2408,1152,2449,5.7599,2.493,17.2194,4.6376,1.7665,-1913.86,1,0,1,0,685,0.249224,0.248674,0.041562,1,1,0.057626,0.060385,0.012451,0.508029,0.508029,0.010985,-4.40E-05,0.001698,0.001383,0.001655,0.000597,-0.00787,-0.01357,685,1,33.734,87.2227,0,5.676762,,,QUALIFIED,,1.004005,0.185512,0.639275,,TRUE,TRUE,BOTH,normal_low,0.292398834,0.084133276,0.188266,BOTH,0,0.054261,0.070395,0.026061,0.076978,1,LOW_CONVERGENCE,3,503,571
3335,413,0.258125,0.5507,1.2,718.3898305,1303.64891,-12884.27724,27515.75424,30.3822,709,1288,734,1318,6.6695,2.8471,15.1034,5.9369,1.9396,-3562.7774,1,0,1,0,413,0.239293,0.239625,0.056812,0.520581,0.520581,0.099502,0.099686,0.013153,1,1,-0.000374,0.002174,0.002683,0.000249,-0.000242,0.016018,-0.003913,0.004077,413,1,-31.9971,79.6277,0,25.072956,,,QUALIFIED,,,0.907193,,,TRUE,TRUE,BOTH,normal_low,0.278568783,0.148573952,0.213571,BOTH,0,0,0,0.127442,0.076816,1,LOW_CONVERGENCE,1,505,572
1695,1122,0.70125,0.5325,1.14,491.0294118,723.3030303,-27392.92424,33199.76471,43.0411,468,703,517,746,9.6925,3.8606,26.3363,8.1631,2.379,-1211.3407,1,0.0027,0.0207,0.1182,1122,0.32372,0.319313,0.062282,1,1,0.07332,0.073415,0.012485,1,1,0.074034,0.086975,0.117587,0.12281,0.154857,0.14547,0.160038,0.158867,1122,1,80.591,99.4056,0,20.758688,,,QUALIFIED,,-0.174798,-0.044418,0.060617,0.007317,TRUE,TRUE,BOTH,normal_low,0.396143016,0.108283911,0.252213,BOTH,0.00033,0.005145,0,0,0.076792,1,LOW_CONVERGENCE,4,506,573
9885,426,0.26625,0.6574,1.12,1459.600939,3315.779343,37418.98357,8985.476526,38.4831,1449,3302,1473,3329,4.535,2.297,12.4882,4.0475,1.8606,-996.9766,1,0,0.0084,0.0668,426,0.216603,0.209552,0.034131,1,1,,,,0,0,0.023343,0.043169,0.062836,0.063227,0.070107,0.064698,0.06045,0.054724,415,0.9742,31.5436,77.8519,0,3.181981,,,QUALIFIED,,-0.849334,-0.006223,0.077153,0.094723,TRUE,FALSE,CPR_ONLY,normal_low,0.246970368,,0.24697,CPR_ONLY,0.004267,0.006549,0,0,0.076681,1,LOW_CONVERGENCE,4,508,574
3673,386,0.24125,0.6266,1.27,768.5466321,399.4145078,-35490.13731,26261.8342,44.1494,757,385,779,413,8.86,4.9773,23.2065,7.6405,4.002,960.603,1,0,0.2869,0.4167,386,0.297978,0.308838,0.082561,1,1,0.092513,0.08365,0.036248,1,1,0.035921,0.026497,0.0288,0.032214,0.038717,0.040655,0.037708,0.03941,386,1,87.8469,114.4256,0,10.462313,,,QUALIFIED,,0.262353,-0.118542,-0.050056,-0.045136,TRUE,TRUE,BOTH,normal_low,0.360294343,0.137818964,0.249057,BOTH,0,0,0.018395,0,0.076557,1,LOW_CONVERGENCE,4,509,575
8458,667,0.416875,0.5349,1.48,1322.887556,1402.010495,-10425.23763,12403.31109,16.202,1309,1380,1338,1423,3.492,1.9175,12.2482,2.607,0.9824,-2070.0788,1,0,0.997,0.0413,667,,,,0,0,0.075933,0.074832,0.00953,1,1,0.002036,0.002899,-0.000347,0.004939,0.004341,-0.006594,-0.001562,0.00397,667,1,0.5626,56.8385,0,16.089068,,,QUALIFIED,,-0.42387,,2.519005,,FALSE,TRUE,S1_ONLY,no_data,,0.112304913,0.112305,S1_ONLY,0,0.213811,0,0,0.076454,1,LOW_CONVERGENCE,2,510,576
15750,1356,0.8475,0.5231,1.12,2183.679941,3454.920354,40897.50885,-9116.498525,41.9019,2158,3431,2206,3485,6.3148,3.3327,23.0062,5.3064,2.2647,-872.4796,1,0,0.2254,0.3806,1356,0.213154,0.205258,0.046391,1,1,0.058299,0.055088,0.014547,1,1,-0.000679,0.003027,-0.000331,0.001127,0.001806,-0.001098,-0.002111,-0.004831,1356,1,71.5812,82.9217,0,20.666156,,,QUALIFIED,,,,1.607973,,TRUE,TRUE,BOTH,normal_low,0.242167242,0.085168919,0.163668,BOTH,0,0.136484,0,0,0.076397,1,LOW_CONVERGENCE,1,511,577
15494,699,0.436875,0.5431,1.18,2145.565093,3285.596567,36664.41416,-8163.627325,37.5629,2124,3272,2163,3305,11.1365,4.9292,25.8447,9.6676,3.9145,-583.5161,1,0.0014,0.0056,0.0509,699,0.236216,0.235489,0.038101,1,1,0.053498,0.053054,0.011358,1,1,0.001241,-0.000161,-0.001273,0.000973,0.00183,0.000153,0.000925,-0.000976,699,1,71.5812,82.9217,0,16.66182,,,QUALIFIED,,1.129734,,0.916393,,TRUE,TRUE,BOTH,normal_low,0.274283709,0.077780924,0.176032,BOTH,0,0.077783,0.079211,0,0.076287,1,LOW_CONVERGENCE,2,512,578
6746,358,0.22375,0.6226,1.09,1147.449721,2598.321229,19482.53073,16789.25698,25.7187,1136,2586,1159,2611,3.4917,2.0693,12.9886,2.8939,1.3425,-2032.2931,1,0,0.9944,0.0537,358,0.245839,0.24437,0.043786,1,1,0.035923,0.037171,0.006565,1,1,-0.00036,-0.000953,-0.001629,-0.001574,0.006387,-0.00316,-0.009699,0.004956,358,1,33.734,87.2227,0,6.935416,,,QUALIFIED,,,,1.494755,,TRUE,TRUE,BOTH,normal_low,0.287684835,0.050735722,0.16921,BOTH,0,0.126874,0,0,0.076138,1,LOW_CONVERGENCE,1,513,579
6866,152,0.095,0.5714,1.36,1162.184211,2132.552632,7838.315789,16420.89474,18.1955,1156,2123,1170,2142,6.5564,2.277,13.2651,5.7844,1.4332,-1137.4555,1,0,0.0961,0.2466,152,0.221372,0.219038,0.027846,1,1,,,,0,0,-7.10E-05,-0.000325,0.000839,0.003453,0.004526,0.00685,-0.009508,-0.001076,152,1,53.7768,91.9349,0,4.385274,,,QUALIFIED,,,,-0.513478,,TRUE,FALSE,CPR_ONLY,normal_low,0.253611745,,0.253612,CPR_ONLY,0,0,0,0,0.076084,1,LOW_CONVERGENCE,1,514,580
13462,213,0.133125,0.5788,1.44,1884.732394,169.4929577,-41238.17606,-1642.809859,41.2704,1876,159,1892,182,9.5404,4.5771,22.3734,7.398,3.4961,-2381.4935,1,0,1,0,213,0.34798,0.309509,0.120275,1,1,0.042508,0.041003,0.006642,1,1,0.007786,0.005098,-0.000231,0.003209,0.004433,0.004733,-0.003301,0.010553,213,1,35.5577,101.3636,0,0.223607,,,QUALIFIED,,0.345235,,-0.067674,,TRUE,TRUE,BOTH,normal_low,0.429927835,0.060869017,0.245398,BOTH,0,0,0.024206,0,0.07604,1,LOW_CONVERGENCE,2,515,581
8315,248,0.155,0.599,1.28,1315.451613,3389.947581,39273.18952,12589.20968,41.2419,1305,3382,1328,3400,7.7611,3.2909,18.3488,6.4155,2.1569,-910.1034,1,0,0.0047,0.0616,248,0.214596,0.214351,0.0253,1,1,,,,0,0,0.004729,0.008536,0.0077,0.006176,0.004505,0.005213,7.50E-05,-0.005753,248,1,31.5436,77.8519,0.008065,0,0.003286,0.000964,QUALIFIED,,-0.805033,0.197922,-0.157159,,TRUE,FALSE,CPR_ONLY,normal_low,0.244175391,,0.244175,CPR_ONLY,0,0,0,0.027804,0.076033,1,LOW_CONVERGENCE,3,516,582
10240,401,0.250625,0.3808,1.44,1496.857855,3413.032419,39850.31047,8054.053616,40.6564,1479,3397,1518,3424,5.1521,3.1963,16.8558,4.1508,2.0628,-1220.25,1,0,0.945,0.2062,401,0.170995,0.168599,0.028938,1,1,,,,0,0,0.001229,0.000958,0.003084,0.003545,0.00479,-0.000665,0.000833,-0.002552,401,1,31.5436,77.8519,0,3.836095,,,QUALIFIED,,0.220504,-0.149481,1.138831,,TRUE,FALSE,CPR_ONLY,normal_low,0.183456023,,0.183456,CPR_ONLY,0,0.096663,0.015461,0,0.075916,1,LOW_CONVERGENCE,3,519,583
13608,400,0.25,0.5797,1.3,1895.0275,3095.9825,31924.0625,-1900.1875,31.9811,1883,3083,1906,3113,8.0402,3.2165,17.5201,7.4413,2.9259,-776.2595,1,0,0.0471,0.1986,400,0.356505,0.342834,0.083792,1,1,0.044571,0.043816,0.008572,1,1,0.00061,0.003963,0.001795,0.003896,0.000335,-0.00297,-0.002947,-0.002314,400,1,66.0189,90.6798,0,9.559844,,,QUALIFIED,,,-1.170474,,,TRUE,TRUE,BOTH,normal_low,0.44179987,0.064043654,0.252922,BOTH,0,0,0,0,0.075877,1,LOW_CONVERGENCE,1,520,584
7357,506,0.31625,0.4381,1.06,1201.810277,2587.772727,19218.81818,15430.24308,24.6467,1185,2568,1220,2601,5.0708,2.5074,14.8628,4.4131,1.8877,-2007.1506,1,0,0.6912,0.4211,506,0.220825,0.219994,0.036559,1,1,,,,0,0,-0.005546,-0.004996,-0.003148,-0.004127,-0.003811,-0.005219,-0.013802,-0.008667,506,1,33.5851,91.8903,0,5.492324,,,QUALIFIED,,,,,,TRUE,FALSE,CPR_ONLY,normal_low,0.252849985,,0.25285,CPR_ONLY,0,0,0,0,0.075855,1,LOW_CONVERGENCE,0,521,585
20522,189,0.118125,0.5,1.17,2748.121693,1873.502646,1362.066138,-23227.54233,23.268,2737,1865,2758,1883,5.871,3.6135,21.8141,3.8965,1.0494,165.6811,1,0,0.5137,0.4619,189,0.262147,0.252233,0.065014,1,1,0.080712,0.077507,0.020428,1,1,0.000571,-0.001724,0.001094,0.000211,-0.001431,-0.00795,-0.014486,-0.013344,189,1,147.9055,80.9548,0.428571,0,0.001896,0.000823,QUALIFIED,,,0.80713,,,TRUE,TRUE,BOTH,normal_low,0.310395586,0.119659053,0.215027,BOTH,0,0,0,0.113386,0.075847,1,LOW_CONVERGENCE,1,522,586
9997,988,0.6175,0.4475,1.04,1452.58502,2570.246964,18780.67409,9160.874494,20.8961,1428,2552,1476,2598,8.4115,2.778,23.9615,7.0499,1.4894,-1789.9049,1,0,0.0054,0.0579,988,0.269493,0.25937,0.059044,1,1,0.026646,0.026326,0.003577,1,1,0.002121,0.001259,0.001358,0.001477,0.002191,-0.000316,-0.001819,-0.0026,988,1,33.5851,91.8903,0,0.055902,,,QUALIFIED,,0.406412,-0.087629,1.144226,,TRUE,TRUE,BOTH,normal_low,0.320625729,0.036459856,0.178543,BOTH,0,0.097121,0.028495,0,0.075837,1,LOW_CONVERGENCE,3,523,587
19908,130,0.08125,0.4545,1.69,2685.069231,1782.884615,-903.3846154,-21651.23077,21.6705,2680,1772,2693,1794,3.816,2.1144,9.5634,3.3605,1.2041,15.3717,1,0,0.48,0.4339,130,0.317512,0.30864,0.052348,1,1,0.079687,0.078332,0.021673,1,1,0.003463,0.005315,-0.00021,0.001687,-0.004682,-0.010731,-0.012336,-0.024807,130,1,147.9055,80.9548,0,0.536773,,,QUALIFIED,,-0.534796,,,,TRUE,TRUE,BOTH,normal_low,0.387497667,0.118081737,0.25279,BOTH,0,0,0,0,0.075837,1,LOW_CONVERGENCE,1,523,588
5859,149,0.093125,0.6261,1.21,1042.95302,1070.442953,-18714.42617,19401.6745,26.9558,1036,1064,1050,1081,3.7059,1.9088,9.9962,3.3987,0.8954,-2847.2703,1,0,1,0,149,0.21002,0.209243,0.024132,1,1,,,,0,0,0.004968,0.002472,0.002316,0.002417,0.00582,0.005576,-0.002346,0.00443,149,1,-14.3965,65.3367,0,22.324006,,,QUALIFIED,,0.502415,-0.04361,0.041924,,TRUE,FALSE,CPR_ONLY,normal_low,0.237802789,,0.237803,CPR_ONLY,0,0.003558,0.035227,0,0.075575,1,LOW_CONVERGENCE,3,525,589
2271,138,0.08625,0.6273,2.2,564.4130435,1876.072464,1426.311594,31365.17391,31.3971,552,1871,574,1881,4.4242,2.3732,14.5647,3.6656,1.3213,-881.4223,1,0,0.998,0.0238,138,0.250015,0.250718,0.063417,1,1,0.088656,0.089101,0.009732,1,1,0.004017,-0.000235,0.001811,0.001262,0.000639,-0.000364,-0.002299,0.002024,138,1,49.6089,82.7432,0,20.134004,,,QUALIFIED,,1.058501,0.303147,,,TRUE,TRUE,BOTH,normal_low,0.293500391,0.131883639,0.212692,BOTH,0,0,0.074216,0.042586,0.075488,1,LOW_CONVERGENCE,2,526,590
8587,436,0.2725,0.5981,1,1333.300459,3248.220183,35730.00459,12142.98853,37.7374,1320,3234,1347,3261,7.334,2.8919,19.2569,6.1709,2.1867,-1277.9265,1,0,0.6635,0.4212,436,0.200074,0.195259,0.037758,1,1,,,,0,0,0.003339,0.008023,0.004455,0.005003,0.00602,0.00314,-0.003607,-0.006452,436,1,31.5436,77.8519,0,0.364005,,,QUALIFIED,,-1.402815,-0.123008,0.478405,,TRUE,FALSE,CPR_ONLY,normal_low,0.223951849,,0.223952,CPR_ONLY,0,0.040607,0,0,0.075307,1,LOW_CONVERGENCE,3,529,591
6124,334,0.20875,0.6627,1.14,1081.562874,1543.317365,-6892.565868,18436.42814,19.6821,1070,1532,1091,1556,6.3409,4.7378,19.7876,4.4111,1.8118,-2165.3611,1,0,0.216,0.354,334,0.167974,0.161666,0.034837,1,1,,,,0,0,0.007908,0.006075,0.005333,0.001897,0.006886,0.00251,0.001888,0.004069,334,1,-19.4926,68.1002,0,15.163773,,,QUALIFIED,,0.231791,0.64429,0.635492,-1.155191,TRUE,FALSE,CPR_ONLY,normal_low,0.179248935,,0.179249,CPR_ONLY,0,0.05394,0.016252,0.09051,0.075239,1,LOW_CONVERGENCE,4,530,592
24343,393,0.245625,0.4226,1.03,3220.73028,1635.778626,-4581.034351,-35042.757,35.3414,3207,1619,3237,1650,5.6491,2.8977,14.6384,4.6222,1.9603,-1819.8036,1,0,1,0,393,,,,0,0,0.053697,0.051869,0.009205,1,1,-0.002647,0.000881,0.000261,-0.001657,0.001881,-0.003858,-0.001649,-0.00224,393,1,64.5725,120.1906,0,2.153631,,,QUALIFIED,,,,3.051037,,FALSE,TRUE,S1_ONLY,no_data,,0.078087154,0.078087,S1_ONLY,0,0.25897,0,0,0.07522,1,LOW_CONVERGENCE,1,531,593
17885,141,0.088125,0.47,1.33,2472.815603,3101.652482,32065.81206,-16344.89007,35.9919,2466,3092,2481,3112,9.3743,4.8569,25.409,8.4751,3.0906,1962.0352,1,0.0071,0.0996,0.262,141,0.26363,0.254621,0.050017,0.765957,0.765957,0.125713,0.12242,0.017596,1,1,-0.001503,0.000805,-0.000665,0.000624,9.00E-05,0.001353,-0.003804,0.001707,141,1,224.1259,75.5495,0,15.780724,,,QUALIFIED,,,,,,TRUE,TRUE,BOTH,normal_low,0.312460833,0.18890862,0.250685,BOTH,0,0,0,0,0.075206,1,LOW_CONVERGENCE,0,532,594
21792,273,0.170625,0.4789,1.58,2883.076923,2440.626374,15540.15934,-26601.42308,30.8087,2869,2432,2899,2451,5.2587,2.7433,14.6485,4.1617,1.1522,-585.1949,1,0,1,0,273,,,,0,0,0.065267,0.063202,0.012944,1,1,0.000158,0.000353,-0.00027,-0.005663,0.001649,-0.00284,-0.002976,-0.006853,273,1,121.4255,96.4448,0,0.626997,,,QUALIFIED,,,,2.722256,,FALSE,TRUE,S1_ONLY,no_data,,0.095891591,0.095892,S1_ONLY,0,0.231063,0,0,0.07498,1,LOW_CONVERGENCE,1,533,595
10206,1381,0.863125,0.4256,1.07,1485.577118,3082.532947,31587.82368,8336.072049,32.6696,1459,3056,1514,3115,8.5333,3.8017,24.0233,7.3732,3.1574,-1576.292,1,0,0.2065,0.3772,1381,0.218638,0.221319,0.052865,1,1,,,,0,0,-0.003616,-0.005544,-0.000641,-0.000967,-0.00117,-0.005445,-0.010961,-0.009258,1318,0.9544,25.3927,84.5067,0,5.292093,,,QUALIFIED,,,,,,TRUE,FALSE,CPR_ONLY,normal_low,0.249804338,,0.249804,CPR_ONLY,0,0,0,0,0.074941,1,LOW_CONVERGENCE,0,534,596
12045,505,0.315625,0.5636,1.14,1682.582178,1492.728713,-8157.282178,3410.945545,8.8411,1668,1478,1700,1506,10.4178,3.7825,22.0936,9.1577,2.7182,-895.5469,1,0,0.1902,0.3561,505,,,,0,0,0.118582,0.113872,0.04255,1,1,0.000311,-0.000393,0.000184,0.001507,0.005353,-0.001428,0.000312,-0.000609,505,1,121.4156,78.1985,0,11.529582,,,QUALIFIED,,,,1.266766,,FALSE,TRUE,S1_ONLY,no_data,,0.177935116,0.177935,S1_ONLY,0,0.107522,0,0,0.074885,1,LOW_CONVERGENCE,1,536,597
10090,396,0.2475,0.72,1.14,1475.093434,2859.883838,26021.59596,8598.164141,27.4056,1463,2849,1488,2871,6.1538,2.6827,21.4669,5.4151,1.7818,-1980.4052,1,0,0.0185,0.1105,396,0.218478,0.205416,0.056631,1,1,,,,0,0,3.90E-05,0.002075,-0.000575,0.00151,-0.001367,-0.001702,-0.003347,-3.00E-06,396,1,25.3927,84.5067,0,4.270904,,,QUALIFIED,,,,,,TRUE,FALSE,CPR_ONLY,normal_low,0.249581519,,0.249582,CPR_ONLY,0,0,0,0,0.074875,1,LOW_CONVERGENCE,0,537,598
6202,434,0.27125,0.5242,1.57,1087.373272,2541.085253,18051.63134,18291.1682,25.6988,1076,2524,1099,2560,3.3713,1.8146,12.1561,2.6797,0.9053,-1918.1154,1,0,1,0,434,0.249044,0.252125,0.037349,1,1,0.035402,0.033232,0.009016,1,1,0.011621,0.007922,0.006671,0.005972,0.006138,0.005189,0.00565,-0.001514,434,1,33.734,87.2227,0,7.783195,,,QUALIFIED,,0.318303,0.104782,0.154611,1.267965,TRUE,TRUE,BOTH,normal_low,0.292148163,0.049933984,0.171041,BOTH,0.057118,0.013123,0.022318,0.01472,0.074776,1,LOW_CONVERGENCE,4,539,599
5431,558,0.34875,0.4745,1.5,994.3189964,1755.962366,-1576.44086,20617.52509,20.6772,981,1737,1009,1779,5.81,2.1256,15.139,4.9387,1.8007,-2148.6613,1,0,1,0,558,0.196785,0.193682,0.048276,1,1,,,,0,0,0.005401,0.002762,0.00321,0.001964,0.006125,0.00661,-0.001216,0.000876,558,1,33.7027,75.9158,0,11.900867,,,QUALIFIED,,0.488613,0.388162,-0.079184,,TRUE,FALSE,CPR_ONLY,normal_low,0.219371541,,0.219372,CPR_ONLY,0,0,0.034259,0.054529,0.07469,1,LOW_CONVERGENCE,3,540,600
6019,603,0.376875,0.4951,1.45,1076.149254,2525.704809,17667.12023,18571.76866,25.6327,1059,2512,1101,2541,4.6947,2.5376,16.1663,3.5492,1.4799,-1926.366,1,0,1,0,603,0.22632,0.219185,0.03818,0.864013,0.864013,0.040023,0.037046,0.012754,1,1,0.004065,0.002776,0.003423,0.002816,0.003107,-0.000969,-0.001366,3.60E-05,603,1,33.734,87.2227,0,7.596052,,,QUALIFIED,,0.317097,0.17733,1.311876,,TRUE,TRUE,BOTH,normal_low,0.260502399,0.057044987,0.158774,BOTH,0,0.111351,0.022233,0.024911,0.074617,1,LOW_CONVERGENCE,3,541,601
20469,258,0.16125,0.5733,1.39,2750.310078,1743.96124,-1876.468992,-23282.25194,23.3582,2738,1736,2763,1754,5.1745,2.6019,14.4804,4.8711,1.7827,-42.5594,1,0,0.9507,0.1957,258,0.228184,0.22049,0.043283,1,1,0.15521,0.141578,0.048609,1,1,0.005839,0.007799,0.001473,0.001718,-0.001818,-0.001586,-0.011344,-0.009768,258,1,147.9055,80.9548,0,1.305038,,,QUALIFIED,,-0.335674,-0.166327,,,TRUE,TRUE,BOTH,normal_low,0.263098232,0.234299933,0.248699,BOTH,0,0,0,0,0.07461,1,LOW_CONVERGENCE,2,542,602
5847,147,0.091875,0.5765,1.13,1050.37415,1521.312925,-7442.676871,19216.14626,20.6065,1042,1515,1059,1530,3.8669,2.2427,11.8419,2.9691,0.7504,-2187.8871,1,0,0.6694,0.399,147,0.174176,0.173614,0.023561,1,1,,,,0,0,0.007819,0.005517,0.008203,0.005009,0.012345,0.013661,0.009951,0.002092,147,1,-19.4926,68.1002,0,16.134222,,,QUALIFIED,,0.294411,0.38937,-0.106602,0.78977,TRUE,FALSE,CPR_ONLY,normal_low,0.187885928,,0.187886,CPR_ONLY,0.035577,0,0.020643,0.054699,0.074573,1,LOW_CONVERGENCE,4,544,603
910,164,0.1025,0.5077,1.12,313.1219512,1060.189024,-18970.77439,37647.45122,42.1564,304,1052,323,1069,8.7085,3.7042,18.6185,7.0374,2.0301,-1813.0668,1,0,1,0,164,0.243855,0.205365,0.083204,0.097561,0.097561,0.164423,0.164504,0.016809,1,1,-0.000532,0.00455,-0.002318,-0.001404,-0.003311,-0.008669,-0.013821,-0.02781,164,1,46.1389,95.783,0,30.182052,,,QUALIFIED,,,,,,FALSE,TRUE,S1_ONLY,normal_low,,0.248477313,0.248477,S1_ONLY,0,0,0,0,0.074543,1,LOW_CONVERGENCE,0,545,604
6805,522,0.32625,0.5294,1.17,1147.277778,1516.461686,-7563.957854,16793.55556,18.4177,1131,1503,1165,1532,4.4026,3.0229,18.4723,3.2202,1.4434,-2148.0274,1,0,0.3203,0.4079,522,0.168242,0.165859,0.029294,1,1,,,,0,0,0.007622,0.003502,0.000895,-0.002516,0.003966,3.30E-05,-0.004799,-0.004331,522,1,-19.4926,68.1002,0,15.139869,,,QUALIFIED,,0.540541,,0.991679,,TRUE,FALSE,CPR_ONLY,normal_low,0.179622156,,0.179622,CPR_ONLY,0,0.084173,0.0379,0,0.074511,1,LOW_CONVERGENCE,2,547,605
5146,581,0.363125,0.5587,1.54,960.5507745,2575.934596,18922.86489,21461.73064,28.6126,940,2564,980,2590,10.9428,4.2785,27.0912,8.7318,2.9648,-1541.2122,1,0.0052,1,0,581,,,,0,0,0.045665,0.044138,0.008713,1,1,0.000423,0.000116,0.00144,-0.002951,0.002132,0.000649,-0.004537,0.002841,581,1,33.734,87.2227,0,10.832272,,,QUALIFIED,,,3.049306,0.695591,,FALSE,TRUE,S1_ONLY,no_data,,0.06572715,0.065727,S1_ONLY,0,0.059041,0,0.428366,0.074363,1,LOW_CONVERGENCE,2,549,606
12164,263,0.164375,0.4782,1.14,1688.39924,3394.874525,39396.36312,3265.519011,39.5319,1675,3385,1700,3407,5.7543,2.0469,11.334,4.8088,1.3476,-1170.593,1,0,0.1696,0.3418,263,0.208335,0.197109,0.058521,1,1,,,,0,0,0.003993,0.001871,-0.001695,-0.0004,-0.000423,-0.000371,-0.004011,0.008763,263,1,63.3495,86.7715,0,8.704345,,,QUALIFIED,,0.53143,,,,TRUE,FALSE,CPR_ONLY,normal_low,0.235456234,,0.235456,CPR_ONLY,0,0,0.037261,0,0.074363,1,LOW_CONVERGENCE,1,549,607
11891,167,0.104375,0.3662,1.26,1667.461078,3077.934132,31472.85329,3788.973054,31.7005,1654,3070,1678,3089,5.438,3.27,15.8019,4.4052,2.0763,-1721.784,1,0,0.2168,0.3708,167,0.174099,0.167588,0.037888,1,1,,,,0,0,0.002368,0.007102,0.005249,0.003926,0.00598,0.004925,0.001771,0.000282,167,1,66.0189,90.6798,0,7.604974,,,QUALIFIED,,-1.999155,0.252048,0.176421,0.840768,TRUE,FALSE,CPR_ONLY,normal_low,0.187778697,,0.187779,CPR_ONLY,0.037874,0.014974,0,0.035408,0.074231,1,LOW_CONVERGENCE,4,552,608
2848,238,0.14875,0.5694,1.16,652.4789916,2306.47479,12186.36975,29163.52521,31.607,643,2295,662,2317,5.7248,4.7904,25.4925,5.9701,4.7997,-2095.4777,1,0.0042,1,0,238,,,,0,0,0.135465,0.125201,0.049232,1,1,-0.003166,0.000869,0.003907,0.000345,0.006629,0.020941,0.002102,0.009364,238,1,40.2924,84.9679,0,17.25355,,,QUALIFIED,,,0.911697,-2.158998,-3.454805,FALSE,TRUE,S1_ONLY,no_data,,0.203915437,0.203915,S1_ONLY,0,0,0,0.128075,0.073982,1,LOW_CONVERGENCE,3,553,609
19975,362,0.22625,0.5028,1.8,2698.566298,1856.041436,925.5359116,-21988.65746,22.0086,2689,1841,2709,1877,6.0991,3.2327,18.0085,5.0042,1.6462,114.0928,1,0,0.6021,0.4537,362,0.252151,0.241265,0.071706,1,1,0.084131,0.073081,0.041323,1,1,0.001318,0.009924,0.006214,0.001473,-0.000127,-0.000953,2.40E-05,-0.002344,362,1,147.9055,80.9548,0.425414,0,0.001397,0.000809,QUALIFIED,,-6.52959,0.762955,,,TRUE,TRUE,BOTH,normal_low,0.296475015,0.124920365,0.210698,BOTH,0,0,0,0.10718,0.073927,1,LOW_CONVERGENCE,2,554,610
13603,262,0.16375,0.5955,1.1,1890.469466,3075.133588,31402.83969,-1786.236641,31.4541,1881,3064,1903,3084,9.6839,3.9219,20.07,8.9841,3.134,-764.2212,1,0,0,0,262,0.338485,0.310697,0.108001,1,1,0.052167,0.052059,0.011073,1,1,-0.000197,0.00114,0.001816,0.002227,-0.000263,-0.001094,0.001527,0.027221,262,1,66.0189,90.6798,0,9.167879,,,QUALIFIED,,,-0.226322,,-16.826457,TRUE,TRUE,BOTH,normal_low,0.416704963,0.075732721,0.246219,BOTH,0,0,0,0,0.073866,1,LOW_CONVERGENCE,2,555,611
15365,240,0.15,0.5333,1.39,2127.3875,1277.375,-13541.125,-7709.1875,15.5816,2118,1266,2136,1291,9.0141,3.9396,20.5652,8.4937,3.0859,1922.9507,1,0,0.5055,0.411,240,0.207334,0.206722,0.04589,1,1,0.044466,0.043513,0.005143,1,1,0.005545,0.00373,0.004501,-0.001587,0.005973,0.003265,-0.001613,0.004608,240,1,268.3,83.5558,0,14.662921,,,QUALIFIED,,0.327322,1.352588,0.453374,,TRUE,TRUE,BOTH,normal_low,0.234062228,0.063882075,0.148972,BOTH,0,0.038482,0.02295,0.190011,0.073684,1,LOW_CONVERGENCE,3,556,612
11029,713,0.445625,0.5402,1.21,1570.333801,3062.673212,31091.33029,6217.154979,31.7072,1553,3045,1586,3085,5.2064,2.1278,19.2421,4.3789,1.3067,-1748.7027,1,0,0.8455,0.3146,713,0.168214,0.165559,0.027261,1,1,,,,0,0,0.00025,-0.000701,0.001078,-0.000442,0.00036,-0.005232,-0.003163,-0.005228,713,1,25.3927,84.5067,0,7.249224,,,QUALIFIED,,,1.410019,,,TRUE,FALSE,CPR_ONLY,normal_low,0.179583163,,0.179583,CPR_ONLY,0,0,0,0.198079,0.073683,1,LOW_CONVERGENCE,1,557,613
15548,2182,1.36375,0.3551,1.5,2144.435839,104.1471127,-42871.82218,-8135.395967,43.6365,2111,58,2175,154,6.0345,4.6428,27.5557,4.8249,3.1278,-2415.7124,1,0.0005,1,0,2182,0.275029,0.229093,0.128611,1,1,0.008534,0.008339,0.00162,0.46242,0.46242,0.002749,-0.000219,0.001933,0.004646,0.001774,0.000149,0.000931,0.002163,2182,1,57.7818,98.3332,0,1.185591,,,QUALIFIED,,1.079665,-1.403518,0.916009,,TRUE,TRUE,BOTH,normal_low,0.328335241,0.008588294,0.168462,BOTH,0,0.07775,0.0757,0,0.073659,1,LOW_CONVERGENCE,3,558,614
10974,1037,0.648125,0.4796,1.02,1564.408872,2902.116683,27077.41707,6365.278206,27.8159,1542,2877,1588,2924,4.2735,1.9129,12.2279,3.5908,1.2516,-1920.906,1,0,0.497,0.4643,1037,0.201199,0.194902,0.044632,0.944069,0.944069,,,,0,0,0.00595,0.004504,0.007896,0.006637,0.008617,0.007648,0.004984,0.008838,943,0.9094,25.3927,84.5067,0,3.56765,,,QUALIFIED,,0.243025,0.159448,0.112452,-0.773274,TRUE,FALSE,CPR_ONLY,normal_low,0.22551854,,0.225519,CPR_ONLY,0,0.009545,0.01704,0.022399,0.073509,1,LOW_CONVERGENCE,4,560,615
8128,178,0.11125,0.4684,1.05,1285.41573,3254.11236,35877.30899,13340.10674,38.2774,1275,3247,1295,3266,3.7957,2.1864,9.3945,3.6731,1.6883,-1209.4038,1,0,0.0501,0.1918,178,0.214493,0.213808,0.029322,1,1,,,,0,0,0.130833,0.164274,0.229855,0.248757,0.302571,0.301595,0.289278,0.306715,178,1,31.5436,77.8519,0,0.025,0.003882,0.001574,QUALIFIED,,-0.255601,-0.082234,0.003226,-0.060278,TRUE,FALSE,CPR_ONLY,normal_low,0.244031952,,0.244032,CPR_ONLY,0,0.000274,0,0,0.073264,1,LOW_CONVERGENCE,4,561,616
7124,1403,0.876875,0.4818,1.08,1192.439772,2812.12402,24827.6005,15664.5057,29.3564,1164,2787,1220,2839,9.25,4.0533,20.3722,7.851,3.0894,-2066.1246,1,0,0.9892,0.0963,1403,0.214083,0.212622,0.031977,1,1,,,,0,0,-0.004715,-0.002268,-0.002882,-0.003846,-0.002872,-0.008842,-0.007658,-0.009988,1403,1,-50.1159,79.0402,0,8.429487,,,QUALIFIED,,,,,,TRUE,FALSE,CPR_ONLY,normal_low,0.24346098,,0.243461,CPR_ONLY,0,0,0,0,0.073038,1,LOW_CONVERGENCE,0,562,617
8972,841,0.525625,0.599,1.08,1384.296076,2605.598098,19664.45244,10868.0981,22.4681,1366,2586,1402,2625,3.8845,2.2528,14.2982,3.1288,1.2621,-1918.4658,1,0,0.0739,0.2254,841,0.214018,0.210758,0.037354,1,1,,,,0,0,0.001322,0.003294,0.001496,0.002464,-0.001195,-0.000888,-0.006063,-0.009339,841,1,33.5851,91.8903,0,1.850676,,,QUALIFIED,,-1.491679,-0.647059,,,TRUE,FALSE,CPR_ONLY,normal_low,0.24337046,,0.24337,CPR_ONLY,0,0,0,0,0.073011,1,LOW_CONVERGENCE,2,563,618
18277,301,0.188125,0.6515,1.05,2512.056478,1119.006645,-17500.33389,-17325.91196,24.6262,2501,1107,2523,1128,9.0813,4.1677,24.1972,8.1294,2.9718,396.3027,1,0,0,0,301,0.306768,0.307048,0.051648,1,1,0.029447,0.02975,0.002548,0.986711,0.986711,0.001979,0.00496,0.005949,0.001291,0.00087,0.008358,-0.003354,-0.003662,301,1,16.8397,79.5214,0,9.385261,,,QUALIFIED,,-1.506316,0.782989,,,TRUE,TRUE,BOTH,normal_low,0.372535421,0.040770161,0.206653,BOTH,0,0,0,0.109994,0.072995,1,LOW_CONVERGENCE,2,564,619
13115,299,0.186875,0.4823,1.55,1823.217391,184.9063545,-40852.84114,-104.9347826,40.8525,1813,171,1833,202,5.3971,2.2268,11.5732,4.3346,1.3715,-2359.3522,1,0,1,0,299,0.216549,0.210036,0.036402,1,1,0.030663,0.030365,0.005111,1,1,0.005335,0.008792,0.002974,0.004575,0.005769,0.001177,0.003133,-0.000566,299,1,35.5577,101.3636,0.377926,0,0.000124,7.70E-05,QUALIFIED,,-0.647985,-0.538332,0.795979,1.180658,TRUE,TRUE,BOTH,normal_low,0.246895167,0.042641397,0.144768,BOTH,0.053185,0.067562,0,0,0.072898,1,LOW_CONVERGENCE,4,565,620
20219,804,0.5025,0.4457,1.07,2718.381841,1879.10199,1502.049751,-22484.04602,22.5347,2698,1858,2739,1902,5.8979,3.373,19.5248,4.5476,1.9347,158.8797,1,0,0.6127,0.4336,804,0.26611,0.259095,0.069556,1,1,0.068397,0.065738,0.011507,1,1,0.002603,0.007049,0.00621,0.001611,0.000116,0.001748,-0.002699,-0.002088,804,1,147.9055,80.9548,0.159204,0,0.002379,0.000769,QUALIFIED,,-1.708029,0.74058,,,TRUE,TRUE,BOTH,normal_low,0.315914516,0.100708176,0.208311,BOTH,0,0,0,0.104037,0.072897,1,LOW_CONVERGENCE,2,566,621
1076,735,0.459375,0.5469,1.71,349.3102041,2198.066667,9476.166667,36742.7449,37.9447,337,2173,365,2221,9.8352,4.5429,24.0188,8.5543,3.1107,-53.2227,1,0,0.0054,0.0501,735,0.46851,0.454712,0.074924,0.029932,0.029932,0.157938,0.148818,0.055722,1,1,0.044099,0.053367,0.07436,0.073013,0.095787,0.092589,0.093493,0.089888,735,1,67.2511,77.9602,0,19.927431,,,QUALIFIED,,-0.210163,0.018115,0.033387,0.038559,FALSE,TRUE,S1_ONLY,normal_low,,0.238497903,0.238498,S1_ONLY,0.001737,0.002834,0,0.002545,0.072892,1,LOW_CONVERGENCE,4,567,622
1688,362,0.22625,0.5201,1.21,470.3259669,698.9917127,-28000.70718,33717.35083,43.8274,459,687,488,711,4.8644,2.3091,12.9758,3.9292,1.2305,-1266.4264,1,0,0.2006,0.3559,362,0.280357,0.266012,0.070093,1,1,0.077283,0.074814,0.01046,1,1,0.007556,0.018266,0.024666,0.024628,0.028379,0.020034,0.02218,0.02169,362,1,80.591,99.4056,0,21.034629,,,QUALIFIED,,-1.417417,0.001541,0.294055,0.022092,TRUE,TRUE,BOTH,normal_low,0.335755089,0.114382354,0.225069,BOTH,0.000995,0.024959,0,0.000216,0.072833,1,LOW_CONVERGENCE,4,568,623
2529,271,0.169375,0.5283,1.42,605.1734317,2279.243542,11505.58856,30346.16421,32.4538,596,2268,615,2295,6.7443,3.4717,21.0973,5.822,2.5892,-2059.805,1,0,1,0,271,,,,0,0,0.099158,0.095047,0.01664,1,1,-0.001394,0.000577,-0.000304,-0.000507,0.008397,-0.004468,0.005558,0.004611,271,1,40.2924,84.9679,0,18.3228,,,QUALIFIED,,,,1.532095,0.170385,FALSE,TRUE,S1_ONLY,no_data,,0.14804459,0.148045,S1_ONLY,0.007675,0.130043,0,0,0.072725,1,LOW_CONVERGENCE,2,570,624
10611,283,0.176875,0.5145,1.14,1522.787986,3416.095406,39926.88516,7405.800353,40.6083,1512,3406,1537,3428,6.0391,3.389,17.8224,4.5606,1.9977,-1214.5228,1,0,0.466,0.454,283,0.213127,0.196603,0.055814,1,1,,,,0,0,1.10E-05,0.00171,0.000973,0.000479,-0.00038,-0.005784,-0.005168,-0.009085,283,1,31.5436,77.8519,0,4.677673,,,QUALIFIED,,,,,,TRUE,FALSE,CPR_ONLY,normal_low,0.242129641,,0.24213,CPR_ONLY,0,0,0,0,0.072639,1,LOW_CONVERGENCE,0,571,625
6314,1680,1.05,0.4381,1.1,1115.871429,1559.048214,-6499.294643,17578.71429,18.7411,1081,1526,1146,1585,6.2577,3.4654,29.0377,4.8964,1.9203,-2125.6205,1,0.0012,0.1839,0.345,1680,0.165188,0.162323,0.031139,1,1,,,,0,0,0.016685,0.002564,0.002329,0.002433,0.004313,0.000738,0.002338,0.003421,1680,1,-19.4926,68.1002,0,14.206095,,,QUALIFIED,,0.846329,-0.044654,0.828889,-0.463216,TRUE,FALSE,CPR_ONLY,normal_low,0.175369112,,0.175369,CPR_ONLY,0,0.070356,0.05934,0,0.072616,1,LOW_CONVERGENCE,4,572,626
8226,690,0.43125,0.5349,1.43,1305.418841,3244.911594,35647.28986,12840.02899,37.8896,1290,3223,1320,3266,5.9813,2.595,15.7607,5.2346,1.7506,-1237.2961,1,0,0.5815,0.4517,690,0.210246,0.204835,0.039689,1,1,,,,0,0,0.027037,0.035959,0.050937,0.054338,0.063494,0.060672,0.064321,0.063027,690,1,31.5436,77.8519,0.097101,0,0.002325,0.000463,QUALIFIED,,-0.329992,-0.066769,0.044445,0.020118,TRUE,FALSE,CPR_ONLY,normal_low,0.23811752,,0.238118,CPR_ONLY,0.000906,0.003772,0,0,0.072462,1,LOW_CONVERGENCE,4,575,627
5821,267,0.166875,0.5205,1.42,1038.501873,1246.786517,-14305.83708,19512.95318,24.1946,1030,1236,1049,1263,9.0452,4.0697,18.5878,7.8345,2.3832,-2449.4244,1,0,1,0,267,0.212641,0.201946,0.049128,1,1,,,,0,0,0.00039,-0.000209,2.40E-05,-0.002243,0.000632,-0.002422,-0.004741,0.003813,267,1,-19.4926,68.1002,0,22.407881,,,QUALIFIED,,,,,,TRUE,FALSE,CPR_ONLY,normal_low,0.241452831,,0.241453,CPR_ONLY,0,0,0,0,0.072436,1,LOW_CONVERGENCE,0,576,628
6629,128,0.08,0.7033,1.08,1133.34375,2447.382813,15709.07031,17141.90625,23.2512,1128,2441,1141,2455,5.1424,2.7011,12.8073,3.9645,1.3382,-1890.7375,1,0,0.9891,0.0916,128,0.286397,0.29417,0.042867,1,1,0.058692,0.054334,0.015773,1,1,0.013273,0.001585,0.001738,0.001523,0.00295,0.003624,-0.005577,-0.012456,128,1,33.734,87.2227,0,6.025156,,,QUALIFIED,,0.880585,0.123705,-0.228475,,TRUE,TRUE,BOTH,normal_low,0.344166479,0.085773685,0.21497,BOTH,0,0,0.061742,0.017378,0.072403,1,LOW_CONVERGENCE,3,578,629
5580,371,0.231875,0.6441,1,1008.90566,1749.358491,-1741.537736,20252.85849,20.3271,997,1738,1021,1762,2.9935,1.8883,12.0006,2.5569,1.5047,-2162.7684,1,0,1,0,371,0.186688,0.1786,0.04283,1,1,,,,0,0,0.008236,0.003829,0.004971,0.002821,0.004123,0.003896,0.000296,0.010339,371,1,33.7027,75.9158,0,11.882761,,,QUALIFIED,,0.53509,0.432509,0.055057,,TRUE,FALSE,CPR_ONLY,normal_low,0.205310316,,0.20531,CPR_ONLY,0,0.004673,0.037518,0.060759,0.072355,1,LOW_CONVERGENCE,3,581,630
21568,280,0.175,0.5556,1.14,2869.442857,2463.978571,16123.96429,-26260.57143,30.8163,2860,2451,2881,2475,7.7037,2.8681,15.0768,5.9266,1.3867,-548.3803,1,0,1,0,280,,,,0,0,0.073466,0.07489,0.012019,1,1,0.003984,0.001901,-0.000869,-0.007201,0.00179,-0.002015,-0.002266,-0.005197,280,1,121.4255,96.4448,0,1.06066,,,QUALIFIED,,0.522841,,2.125698,,FALSE,TRUE,S1_ONLY,no_data,,0.108508582,0.108509,S1_ONLY,0,0.180428,0.036659,0,0.072304,1,LOW_CONVERGENCE,2,583,631
13866,191,0.119375,0.6609,1,1935.947644,236.1884817,-39570.78796,-2923.191099,39.6782,1928,228,1945,245,4.8829,2.7356,17.7905,3.3398,1.6175,-2404.756,1,0,1,0,191,0.343587,0.343808,0.071198,1,1,0.023327,0.022296,0.003296,0.958115,0.958115,0.005446,0.006489,0.005522,0.006094,0.007832,0.008033,0.005355,0.003847,191,1,35.5577,101.3636,0,2.336798,,,QUALIFIED,,-0.191517,-0.103586,-0.025664,0.281606,TRUE,TRUE,BOTH,normal_low,0.423810081,0.031352429,0.227581,BOTH,0.012686,0,0,0,0.07208,1,LOW_CONVERGENCE,4,585,632
9053,201,0.125625,0.6442,1.85,1377.741294,3531.59204,42814.301,11031.96766,44.2131,1366,3526,1390,3539,11.309,2.5506,21.1148,9.8239,1.2768,-677.4864,1,0,0.0092,0.0919,201,0.158997,0.15606,0.024621,1,1,,,,0,0,-0.001761,-0.001289,0.000648,-0.00037,0.002852,-0.000832,-0.003659,-0.005143,201,1,31.5436,77.8519,0,3.668787,,,QUALIFIED,,,,1.291725,,TRUE,FALSE,CPR_ONLY,normal_low,0.166747438,,0.166747,CPR_ONLY,0,0.109641,0,0,0.071952,1,LOW_CONVERGENCE,1,587,633
16089,351,0.219375,0.5773,1.68,2227.854701,3254.598291,35889.45726,-10220.86752,37.3171,2220,3239,2239,3271,6.9744,2.7733,15.0981,5.7451,1.6974,-455.1764,1,0,0.0512,0.175,351,0.302871,0.295563,0.047258,1,1,0.076085,0.074712,0.016144,1,1,0.000165,-0.000905,-0.000182,-0.001017,-0.003637,-0.004159,-0.004209,-0.0005,351,1,71.5812,82.9217,0,17.208882,,,QUALIFIED,,,,,,TRUE,TRUE,BOTH,normal_low,0.367108404,0.112538817,0.239824,BOTH,0,0,0,0,0.071947,1,LOW_CONVERGENCE,0,588,634
8582,700,0.4375,0.5263,1.09,1340.31,1381.122857,-10947.42857,11967.75,16.2188,1322,1366,1360,1401,3.702,1.8729,9.4064,3.1509,1.3353,-2058.681,1,0,0.9993,0.0181,700,,,,0,0,0.078949,0.078186,0.012448,1,1,0.000697,-0.000446,0.001889,0.002069,0.006723,-0.007865,-0.002952,-0.001729,700,1,0.5626,56.8385,0,16.447511,,,QUALIFIED,,,-0.095289,2.169865,,FALSE,TRUE,S1_ONLY,no_data,,0.11694607,0.116946,S1_ONLY,0,0.184177,0,0,0.071919,1,LOW_CONVERGENCE,2,589,635
20005,2032,1.27,0.3298,1.01,2678.841535,1875.805118,1419.627953,-21495.53839,21.5429,2638,1834,2717,1912,9.5509,4.7373,27.3165,8.0157,3.3376,182.4871,1,0.0025,0.0803,0.2353,2032,0.315523,0.304185,0.076703,1,1,0.064232,0.060165,0.023434,1,1,0.002065,0.003251,0.001905,0.003894,-0.000509,0.004829,-0.002604,-0.006581,2032,1,147.9055,80.9548,0.009843,0,0.003326,0.000871,QUALIFIED,,-0.574334,-1.044094,,,TRUE,TRUE,BOTH,normal_low,0.384727758,0.094298887,0.239513,BOTH,0,0,0,0,0.071854,1,LOW_CONVERGENCE,2,590,636
2421,178,0.11125,0.3685,1.1,599.741573,701.8258427,-27929.85393,30481.96067,41.3421,590,690,611,713,8.2918,4.6426,20.4872,7.4909,3.9261,-1062.2283,1,0,0.7092,0.4251,178,0.237378,0.198016,0.098225,1,1,0.134809,0.131703,0.011829,1,1,0.007295,0.00799,0.005508,0.008922,0.003608,0.004285,-0.0006,-0.012785,178,1,80.591,99.4056,0,18.632264,,,QUALIFIED,,-0.095271,-0.619826,-0.187639,,TRUE,TRUE,BOTH,normal_low,0.275901927,0.202905955,0.239404,BOTH,0,0,0,0,0.071821,1,LOW_CONVERGENCE,3,591,637
9897,217,0.135625,0.6165,1.38,1455.313364,3336.165899,37928.64747,9092.665899,39.0037,1447,3325,1463,3347,3.9301,2.16,11.2662,3.7347,1.5049,-999.9406,1,0,0,0,217,0.210987,0.206658,0.029395,1,1,,,,0,0,0.042654,0.047833,0.074135,0.081478,0.097291,0.103582,0.087283,0.09439,160,0.7373,31.5436,77.8519,0,3.083221,,,QUALIFIED,,-0.121419,-0.099049,-0.064662,-0.081425,TRUE,FALSE,CPR_ONLY,normal_low,0.239149447,,0.239149,CPR_ONLY,0,0,0,0,0.071745,1,LOW_CONVERGENCE,4,592,638
6829,300,0.1875,0.4545,1.36,1159.52,2761.423333,23560.08333,16487.5,28.7563,1150,2749,1172,2779,3.7931,1.9552,9.5011,2.8765,1.0497,-2073.7104,1,0,1,0,300,0.210673,0.213577,0.021381,1,1,,,,0,0,0.000305,0.002084,-0.002958,0.001468,-0.002713,0.003054,-0.002362,-0.006817,300,1,33.734,87.2227,0,8.795027,,,QUALIFIED,,,,,,TRUE,FALSE,CPR_ONLY,normal_low,0.238712166,,0.238712,CPR_ONLY,0,0,0,0,0.071614,1,LOW_CONVERGENCE,0,594,639
10552,506,0.31625,0.4134,1.06,1512.741107,3434.021739,40375.04348,7656.972332,41.0951,1493,3418,1527,3454,3.8518,2.5611,18.7803,3.0273,1.1193,-1208.4232,1,0,0.6674,0.4114,506,0.210388,0.190769,0.076054,1,1,,,,0,0,-0.000651,-0.001252,-0.001589,0.000896,-0.001461,-0.00377,-0.004097,-0.009974,506,1,31.5436,77.8519,0,4.241241,,,QUALIFIED,,,,,,TRUE,FALSE,CPR_ONLY,normal_low,0.238315271,,0.238315,CPR_ONLY,0,0,0,0,0.071494,1,LOW_CONVERGENCE,0,595,640
3151,381,0.238125,0.5898,2.24,696.6246719,840.3674541,-24466.31365,28059.8832,37.2277,678,833,716,850,9.1074,4.4649,22.2584,7.2966,2.5416,-1320.8933,1,0,0.8505,0.3277,381,,,,0,0,0.157737,0.14098,0.050673,1,1,0.003354,0.004547,-0.000828,0.000723,-0.005354,-0.001636,0.00084,0.000909,381,1,35.9271,86.4979,0,19.802856,,,QUALIFIED,,-0.355695,,,,FALSE,TRUE,S1_ONLY,no_data,,0.238188595,0.238189,S1_ONLY,0,0,0,0,0.071457,1,LOW_CONVERGENCE,1,596,641
8896,196,0.1225,0.5939,1.47,1367.581633,3175.112245,33902.30612,11285.95918,35.7318,1356,3167,1378,3182,4.0546,1.9671,9.2243,3.4582,1.3226,-1452.918,1,0,0.7433,0.3832,196,0.205365,0.198125,0.036317,1,1,,,,0,0,0.017151,0.012593,0.013865,0.016536,0.014869,0.017829,0.015674,0.028611,196,1,25.3927,84.5067,0,1.86715,,,QUALIFIED,,0.265757,-0.192643,-0.199072,-0.82538,TRUE,FALSE,CPR_ONLY,normal_low,0.23132017,,0.23132,CPR_ONLY,0,0,0.018633,0,0.071259,1,LOW_CONVERGENCE,4,597,642
11074,1014,0.63375,0.4813,1.14,1557.015779,2958.516765,28487.41913,6550.105523,29.2311,1534,2939,1583,2982,8.0321,4.1977,21.7305,7.095,3.1834,-1825.0908,1,0,0.0462,0.1719,1014,0.206637,0.19959,0.049924,1,1,,,,0,0,0.011504,0.011373,0.018863,0.01894,0.021444,0.01988,0.017662,0.020276,1014,1,25.3927,84.5067,0,4.786243,,,QUALIFIED,,0.011387,-0.004082,0.072934,-0.148001,TRUE,FALSE,CPR_ONLY,normal_low,0.233091575,,0.233092,CPR_ONLY,0,0.006191,0.000798,0,0.071246,1,LOW_CONVERGENCE,4,598,643
1995,305,0.190625,0.5187,1.33,523.1934426,731.6721311,-27183.69672,32395.66393,42.2892,509,722,537,743,9.2073,3.7252,18.9693,7.0207,1.7318,-1119.3697,1,0,0.0746,0.2321,305,0.299549,0.294368,0.041649,1,1,0.074389,0.07376,0.008955,1,1,0.086599,0.095605,0.138405,0.145638,0.186186,0.192896,0.199657,0.194055,305,1,80.591,99.4056,0,20.56315,,,QUALIFIED,,-0.103997,-0.05226,-0.036039,0.028058,TRUE,TRUE,BOTH,normal_low,0.36248214,0.109928936,0.236206,BOTH,0.001264,0,0,0,0.071241,1,LOW_CONVERGENCE,4,599,644
3426,163,0.101875,0.5175,1.4,744.5582822,747.9141104,-26777.64724,26861.54294,37.928,734,742,755,757,10.9859,2.8983,18.6645,9.944,1.1435,-1291.2562,1,0,1,0,163,0.29247,0.279818,0.047062,0.791411,0.791411,0.07835,0.078654,0.005111,1,1,0.00265,0.002297,0.000832,0.00069,0.001769,0.01097,-0.005501,0.009624,163,1,80.591,99.4056,0,17.357743,,,QUALIFIED,,0.133208,,-5.201244,,TRUE,TRUE,BOTH,normal_low,0.352623824,0.116024301,0.234324,BOTH,0,0,0.00934,0,0.071231,1,LOW_CONVERGENCE,2,600,645
24802,402,0.25125,0.5141,1.48,3291.569652,963.6318408,-21384.70398,-36813.74129,42.5743,3274,953,3308,976,6.6985,3.3362,20.6108,6.0355,2.3481,-5662.7394,1,0,1,0,402,0.217741,0.21351,0.043953,1,1,0.072575,0.072163,0.005893,1,1,-0.000141,0.002663,-0.000771,-0.0001,0.008316,-0.000289,-0.000211,0.003401,402,1,-93.9919,109.8179,0.124378,0,2.10E-05,1.20E-05,QUALIFIED,,,,1.034752,,TRUE,TRUE,BOTH,normal_low,0.248555163,0.107137471,0.177846,BOTH,0,0.087829,0,0,0.07092,1,LOW_CONVERGENCE,1,601,646
6505,258,0.16125,0.4886,1.09,1116.906977,2432.953488,15348.33721,17552.82558,23.3168,1106,2422,1128,2446,7.531,4.4716,21.2421,5.9118,2.3692,-1906.2257,1,0,1,0,258,0.262835,0.262868,0.053324,1,1,0.069112,0.069573,0.018506,1,1,0.004997,0.001983,0.001774,0.001189,-0.003219,-0.005258,-0.009744,-0.016006,258,1,33.734,87.2227,0,6.257446,,,QUALIFIED,,0.603162,0.329763,,,TRUE,TRUE,BOTH,normal_low,0.311353704,0.101808451,0.206581,BOTH,0,0,0.04229,0.046325,0.070836,1,LOW_CONVERGENCE,2,602,647
977,278,0.17375,0.6096,1.26,313.323741,2102.611511,7089.78777,37642.40647,38.3039,302,2095,326,2114,7.3275,2.8885,14.4624,6.6947,1.9201,-630.9158,1,0,0.0475,0.1649,278,0.167407,0.166704,0.024869,1,1,0.088924,0.085306,0.020097,1,1,0.002878,0.004714,0.001497,-0.001084,0.003215,0.00698,-0.001055,-0.001118,278,1,67.2511,77.9602,0,22.723295,,,QUALIFIED,,-0.637943,1.724115,-1.171073,,TRUE,TRUE,BOTH,normal_low,0.178459323,0.132296049,0.155378,BOTH,0,0,0,0.242204,0.070834,1,LOW_CONVERGENCE,3,603,648
19032,771,0.481875,0.4831,1.11,2584.277562,2811.741894,24818.04734,-19131.43904,31.3367,2564,2791,2606,2829,7.5882,4.7586,26.1122,6.1325,3.391,1957.4728,1,0.0026,1,0,771,0.272602,0.260725,0.057726,0.840467,0.840467,0.050203,0.044556,0.013607,1,1,0.00153,-0.000894,0.000483,0.000678,0.00153,0.002933,-0.00066,-0.002618,771,1,224.1259,75.5495,0,10.028584,,,QUALIFIED,,1.584314,,-0.916993,,TRUE,TRUE,BOTH,normal_low,0.324955367,0.072710429,0.198833,BOTH,0,0,0.111084,0,0.070758,1,LOW_CONVERGENCE,2,604,649
20667,783,0.489375,0.5374,1.52,2772.914432,1851.563218,813.5804598,-23847.36079,23.8618,2751,1835,2798,1866,4.6053,2.1735,13.7442,3.8226,1.4503,194.9028,1,0,0.3418,0.4159,783,0.145114,0.138606,0.034383,1,1,0.105763,0.104532,0.020675,1,1,0.002978,0.001516,-0.000749,-0.001774,0.002533,-0.000666,-0.004559,-0.003861,783,1,147.9055,80.9548,0.014049,0,0.00225,0.000883,QUALIFIED,,0.490934,,1.262929,,TRUE,TRUE,BOTH,normal_low,0.147413776,0.158208661,0.152811,BOTH,0,0.107197,0.034422,0,0.070725,1,LOW_CONVERGENCE,2,606,650
3040,446,0.27875,0.554,1.52,675.2242152,2211.908072,9822.201794,28594.89462,30.2345,659,2201,694,2224,8.4584,4.9445,29.6176,6.3529,1.9959,-2116.3162,1,0.0202,1,0,446,,,,0,0,0.126416,0.112069,0.07502,1,1,0.000715,-0.001338,0.003261,8.30E-05,0.004619,0.005516,0.003252,0.005217,446,1,40.2924,84.9679,0,16.283466,,,QUALIFIED,,,0.974548,-0.194198,-0.604244,FALSE,TRUE,S1_ONLY,no_data,,0.189990428,0.18999,S1_ONLY,0,0,0,0.136904,0.070687,1,LOW_CONVERGENCE,3,609,651
20490,364,0.2275,0.6128,1.23,2757.714286,2708.75,22243.25,-23467.35714,32.3346,2745,2697,2772,2719,10.3895,3.2356,21.4852,9.2026,2.2407,2065.5502,1,0,0.4249,0.4454,364,0.287636,0.290257,0.04846,1,1,0.084259,0.083499,0.012405,1,1,-0.001157,-8.20E-05,0.000701,0.000831,-0.002342,-0.000434,-0.011091,-0.009097,364,1,206.9462,82.5201,0,7.209412,,,QUALIFIED,,,,,,TRUE,TRUE,BOTH,normal_low,0.345891928,0.125117337,0.235505,BOTH,0,0,0,0,0.070651,1,LOW_CONVERGENCE,0,610,652
8888,153,0.095625,0.5,1.06,1367.071895,3242.176471,35578.91176,11298.70261,37.3302,1358,3233,1375,3251,8.2292,3.7599,23.2853,7.7154,2.0925,-1354.5906,1,0,0.3344,0.4372,153,0.20829,0.205692,0.035923,1,1,,,,0,0,0.007257,0.01054,0.016366,0.017594,0.021327,0.021606,0.013948,0.020927,153,1,31.5436,77.8519,0,1.382932,,,QUALIFIED,,-0.452391,-0.075034,-0.013082,-0.500358,TRUE,FALSE,CPR_ONLY,normal_low,0.235393567,,0.235394,CPR_ONLY,0,0,0,0,0.070618,1,LOW_CONVERGENCE,4,611,653
19814,543,0.339375,0.5061,1.28,2676.160221,1935.626151,2915.153775,-21428.50552,21.6264,2662,1916,2691,1953,6.135,3.3987,23.5318,5.2896,2.7059,237.782,1,0,0.1633,0.3169,543,0.329161,0.300938,0.097787,1,1,0.046252,0.044103,0.011805,1,1,0.001831,0.003399,0.001108,0.003223,-0.000394,-0.001355,-0.002694,-0.014006,543,1,147.9055,80.9548,0.009208,0,0.003822,2.20E-05,QUALIFIED,,-0.856363,-1.908845,,,TRUE,TRUE,BOTH,normal_low,0.403720229,0.066630453,0.235175,BOTH,0,0,0,0,0.070552,1,LOW_CONVERGENCE,2,613,654
15368,371,0.231875,0.5946,1.08,2133.380054,2920.407008,27534.6752,-7859.001348,28.6349,2120,2908,2144,2934,5.3278,2.4396,13.6739,4.4574,1.6443,127.7545,1,0,0.37,0.4345,371,0.307636,0.30296,0.05826,1,1,0.02772,0.02642,0.006153,1,1,-0.001554,0.002965,0.002705,0.001035,0.000669,0.000463,-0.004784,-0.005058,371,1,127.1508,86.7202,0,8.961341,,,QUALIFIED,,,0.617375,,,TRUE,TRUE,BOTH,normal_low,0.37374421,0.038112576,0.205928,BOTH,0,0,0,0.086729,0.070451,1,LOW_CONVERGENCE,1,614,655
14034,511,0.319375,0.4227,1.26,1954.236791,2912.886497,27346.66243,-3380.419765,27.5554,1940,2893,1971,2932,8.5208,2.685,18.8163,7.5912,2.2045,-615.6538,1,0,0.0034,0.0403,511,0.222426,0.213011,0.063549,1,1,0.04455,0.044412,0.007523,1,1,0.000622,0.001121,-0.002263,0.000606,0.000131,-0.00013,0.002551,-0.001681,511,1,66.0189,90.6798,0,6.302876,,,QUALIFIED,,,,,1.658957,TRUE,TRUE,BOTH,normal_low,0.25507956,0.064011338,0.159545,BOTH,0.074732,0,0,0,0.070283,1,LOW_CONVERGENCE,1,615,656
6352,1540,0.9625,0.5704,1.33,1096.391558,1179.548052,-15986.7987,18065.71104,24.1229,1075,1149,1120,1209,6.7935,3.2246,21.4886,5.7524,2.1886,-2514.1664,1,0,0.5063,0.4451,1540,0.207209,0.201485,0.046534,1,1,,,,0,0,-0.000569,0.00127,0.000708,0.002595,-0.004662,-0.005338,-0.011771,-0.026542,1540,1,-14.3965,65.3367,0,23.198666,,,QUALIFIED,,,,,,TRUE,FALSE,CPR_ONLY,normal_low,0.233888151,,0.233888,CPR_ONLY,0,0,0,0,0.070166,1,LOW_CONVERGENCE,0,616,657
804,268,0.1675,0.4873,1.14,279.9813433,2364.335821,13632.89552,38475.96642,40.8195,271,2351,293,2376,5.4189,3.0478,15.238,3.8922,1.6865,123.8049,1,0,0.193,0.3402,268,0.270598,0.225377,0.155699,1,1,0.094938,0.092633,0.011697,1,1,0.101839,0.127858,0.181486,0.184298,0.220415,0.212884,0.245397,0.248465,268,1,67.2511,77.9602,0,16.437856,,,QUALIFIED,,-0.255492,-0.015494,0.034167,-0.012502,TRUE,TRUE,BOTH,normal_low,0.322164568,0.141550663,0.231858,BOTH,0,0.0029,0,0,0.070137,1,LOW_CONVERGENCE,4,617,658
18730,174,0.10875,0.5088,1.06,2563.327586,2506.609195,17189.72989,-18607.68966,25.3332,2555,2499,2573,2518,6.9807,4.2354,20.099,6.2055,2.9101,1717.5708,1,0,0.3218,0.3965,174,0.214914,0.210829,0.039802,1,1,0.070702,0.069378,0.010278,1,1,0.0011,0.002884,0.003155,0.000204,0.004955,0.003675,-0.002317,0.011097,174,1,206.9462,82.5201,0,3.054607,,,QUALIFIED,,-1.621818,0.935341,0.258325,,TRUE,TRUE,BOTH,normal_low,0.244618243,0.104255214,0.174437,BOTH,0,0.021926,0,0.131397,0.069856,1,LOW_CONVERGENCE,3,618,659
25781,183,0.114375,0.5545,1.47,3467.010929,1850.442623,785.5655738,-41199.77322,41.2078,3461,1839,3476,1861,5.4693,2.6777,12.3117,5.0784,2.2391,-1860.134,1,0,1,0,183,0.248653,0.248617,0.051489,1,1,0.036774,0.035995,0.003829,1,1,-8.50E-05,0.006115,0.001518,-0.000454,-0.001015,-0.001785,-0.00452,-0.011328,183,1,64.5725,120.1906,0.054645,0,0.002803,0.000633,QUALIFIED,,,1.299078,,,TRUE,TRUE,BOTH,normal_low,0.291603651,0.052045279,0.171824,BOTH,0,0,0,0.182494,0.069797,1,LOW_CONVERGENCE,1,619,660
590,246,0.15375,0.5467,1.39,213.5772358,1997.682927,4466.573171,40136.06911,40.3834,206,1986,224,2011,8.0543,4.3664,23.9752,7.4779,3.3839,-1330.7852,1,0,1,0,246,0.298982,0.294321,0.034177,1,1,0.058466,0.058579,0.004009,1,1,0.017822,0.01966,0.029296,0.028582,0.038231,0.035668,0.032112,0.029643,246,1,24.6404,85.2909,0,25.690319,,,QUALIFIED,,-0.103131,0.024372,0.06704,0.076887,TRUE,TRUE,BOTH,normal_low,0.361692527,0.085425906,0.223559,BOTH,0.003464,0.00569,0,0.003424,0.069587,1,LOW_CONVERGENCE,4,620,661
8393,407,0.254375,0.505,1.19,1321.390663,1507.702703,-7782.932432,12440.73342,14.674,1310,1493,1336,1524,6.1635,3.6605,16.5949,5.0755,2.7385,-1906.2996,1,0,0.3075,0.4217,407,,,,0,0,0.060201,0.058231,0.009705,1,1,0.005308,0.002538,0.003811,0.004971,0.003072,-0.004047,-0.003726,-0.004496,407,1,0.5626,56.8385,0,13.771756,,,QUALIFIED,,0.521854,-0.304382,2.317383,,FALSE,TRUE,S1_ONLY,no_data,,0.088095802,0.088096,S1_ONLY,0,0.196698,0.03659,0,0.069427,1,LOW_CONVERGENCE,3,622,662
5807,569,0.355625,0.4758,2.26,1026.873462,1630.717047,-4707.573814,19803.66344,20.3549,1005,1620,1057,1643,6.414,3.6422,18.0458,5.4262,2.9237,-2163.5599,1,0,0.7532,0.3917,569,0.19118,0.188319,0.038443,1,1,,,,0,0,0.005501,0.000865,-0.002039,-0.003905,-0.003347,-0.003785,-0.008054,-0.008094,569,1,33.7027,75.9158,0,13.864906,,,QUALIFIED,,0.842756,,,,TRUE,FALSE,CPR_ONLY,normal_low,0.211565939,,0.211566,CPR_ONLY,0,0,0.05909,0,0.069379,1,LOW_CONVERGENCE,1,623,663
10699,261,0.163125,0.522,1.25,1535.417625,3588.977011,44248.92529,7090.059387,44.8138,1524,3578,1544,3603,4.7354,2.2001,15.6624,4.1126,1.4922,-1216.0113,1,0,0.4631,0.4458,261,0.16642,0.163094,0.026639,1,1,,,,0,0,0.001049,-0.001357,1.50E-05,0.000127,0.000789,-0.004686,-0.004157,-0.008718,261,1,31.5436,77.8519,0,6.947347,,,QUALIFIED,,2.293613,,,,TRUE,FALSE,CPR_ONLY,normal_low,0.177084813,,0.177085,CPR_ONLY,0,0,0.160816,0,0.069207,1,LOW_CONVERGENCE,1,624,664
11112,1298,0.81125,0.4894,1.74,1583.141757,3465.5,41162,5896.956086,41.5827,1563,3431,1602,3499,11.4595,3.4905,25.5563,9.9562,2.4365,-1082.4555,1,0.0008,0.0642,0.226,1298,0.204671,0.194459,0.050622,1,1,,,,0,0,-0.000291,-0.000245,-4.80E-05,0.000525,0.000598,-0.00263,-0.006456,-0.010253,1298,1,31.5436,77.8519,0,6.190769,,,QUALIFIED,,,,,,TRUE,FALSE,CPR_ONLY,normal_low,0.230353696,,0.230354,CPR_ONLY,0,0,0,0,0.069106,1,LOW_CONVERGENCE,0,625,665
24032,1456,0.91,0.4727,1.59,3186.541209,750.459478,-26714.01305,-34188.03022,43.3874,3158,726,3228,770,6.2217,3.6427,27.7142,5.0594,2.5044,-5748.8302,1,0.0014,1,0,1456,0.190521,0.183818,0.03618,1,1,0.071869,0.067622,0.0178,1,1,0.002719,0.002225,0.001122,0.002119,0.003981,-0.000758,-0.000729,0.001495,1456,1,-96.3518,96.3954,0.144918,0,2.20E-05,1.10E-05,QUALIFIED,,0.181684,-0.888592,1.190404,,TRUE,TRUE,BOTH,normal_low,0.210648206,0.106051047,0.15835,BOTH,0,0.101041,0.012739,0,0.068987,1,LOW_CONVERGENCE,3,629,666
1482,127,0.079375,0.5427,1.38,427.5669291,2415.984252,14924.1063,34786.32677,37.8523,421,2408,434,2426,6.1251,3.0902,16.074,6.5273,2.5965,-218.6674,1,0,0.2866,0.3888,127,0.194207,0.195695,0.048489,1,1,0.1247,0.125526,0.020029,1,1,0.015338,-0.003244,7.50E-05,0.000671,-0.000766,-0.006805,-0.016499,-0.028208,127,1,-8.8513,82.0245,0,14.681898,,,QUALIFIED,,1.211501,,,,TRUE,TRUE,BOTH,normal_low,0.215781382,0.18734977,0.201566,BOTH,0,0,0.084944,0,0.068964,1,LOW_CONVERGENCE,1,630,667
505,235,0.146875,0.3615,1.04,193.7617021,2327.029787,12700.24468,40631.45745,42.5698,179,2314,205,2339,7.5872,3.2537,16.1904,6.7737,2.1992,-282.3867,1,0,0.3011,0.4033,235,0.208117,0.171414,0.108127,1,1,0.14178,0.135694,0.050571,1,1,0.136037,0.164352,0.218589,0.235338,0.274473,0.262742,0.310144,0.290708,235,1,67.2511,77.9602,0,18.044823,,,QUALIFIED,,-0.208142,-0.076623,0.04274,0.062668,TRUE,TRUE,BOTH,normal_low,0.235152644,0.213633244,0.224393,BOTH,0.002823,0.003628,0,0,0.06889,1,LOW_CONVERGENCE,4,631,668
7367,649,0.405625,0.5547,1.3,1207.446841,2724.927581,22647.68952,15289.32897,27.3256,1191,2707,1221,2746,4.1307,2.3388,19.4259,3.4027,1.4699,-2063.9439,1,0,0.7978,0.3753,649,0.228332,0.221883,0.045733,1,1,0.020908,0.021004,0.003169,0.292758,0.292758,-0.000889,0.000735,0.001784,-0.001421,-0.001768,-0.0086,-0.003621,-0.006639,649,1,33.5851,91.8903,0,7.204252,,,QUALIFIED,,,1.796525,,,TRUE,TRUE,BOTH,normal_low,0.263304339,0.027629963,0.145467,BOTH,0,0,0,0.252376,0.068878,1,LOW_CONVERGENCE,1,632,669
2253,183,0.114375,0.4586,1.11,559.8306011,1864.879781,1146.494536,31479.73497,31.5001,550,1854,569,1875,5.8228,3.1747,16.9112,5.1305,2.3482,-873.5451,1,0,0.984,0.1018,183,0.173901,0.169955,0.051522,1,1,0.089213,0.086971,0.010145,1,1,0.004493,-0.00157,0.001873,0.001813,0.004522,0.001612,-0.002295,0.006523,183,1,49.6089,82.7432,0,20.402206,,,QUALIFIED,,1.349432,0.032034,0.643521,,TRUE,TRUE,BOTH,normal_low,0.187502959,0.132740775,0.160122,BOTH,0,0.054622,0.094615,0.0045,0.068872,1,LOW_CONVERGENCE,3,633,670
7024,234,0.14625,0.5571,1.05,1172.525641,2766.764957,23693.62393,16162.35897,28.6813,1163,2757,1184,2777,6.4051,2.7158,12.5086,5.1361,1.6284,-2072.1673,1,0,1,0,234,0.203736,0.201367,0.027901,1,1,,,,0,0,-0.003869,-0.001173,-0.003044,-0.001473,-0.002783,-0.009103,-0.009392,-0.01419,234,1,33.734,87.2227,0,8.592802,,,QUALIFIED,,,,,,TRUE,FALSE,CPR_ONLY,normal_low,0.229051602,,0.229052,CPR_ONLY,0,0,0,0,0.068716,1,LOW_CONVERGENCE,0,635,671
7289,168,0.105,0.6,1.43,1202.964286,2705.517857,22162.44643,15401.39286,26.9886,1194,2699,1214,2713,3.1288,1.9895,9.5817,2.2784,0.8035,-2080.9607,1,0,1,0,168,0.231823,0.225365,0.030923,1,1,0.022208,0.022343,0.004176,0.327381,0.327381,-0.002173,0.001148,0.002812,-0.001999,-0.001497,-0.005678,-0.00402,-0.008099,168,1,33.5851,91.8903,0,7.211103,,,QUALIFIED,,,1.710882,,,TRUE,TRUE,BOTH,normal_low,0.268165955,0.029630462,0.148898,BOTH,0,0,0,0.240345,0.068704,1,LOW_CONVERGENCE,1,636,672
5779,335,0.209375,0.5857,1.18,1028.095522,1067.716418,-18782.58955,19773.11194,27.2713,1015,1056,1041,1078,6.7943,4.4583,18.5299,5.4613,2.2018,-2865.8002,1,0,1,0,335,0.196708,0.193704,0.034044,1,1,,,,0,0,0.002831,0.001661,0.002011,0.002419,0.000961,0.003943,-0.000615,2.40E-05,335,1,-14.3965,65.3367,0,22.178833,,,QUALIFIED,,0.413282,-0.202884,,,TRUE,FALSE,CPR_ONLY,normal_low,0.21926431,,0.219264,CPR_ONLY,0,0,0.028977,0,0.068677,1,LOW_CONVERGENCE,2,637,673
5999,837,0.523125,0.465,1.12,1055.316607,1255.887694,-14078.30765,19092.58483,23.7211,1036,1237,1081,1277,8.2841,4.0955,24.1711,7.2084,3.4685,-2484.0486,1,0,0.9895,0.0932,837,0.175209,0.162723,0.049199,1,1,,,,0,0,0.002657,-0.001815,-0.001518,-0.004074,-0.002582,-0.001735,-0.006793,-0.006265,837,1,-19.4926,68.1002,0,22.001847,,,QUALIFIED,,1.683101,,,,TRUE,FALSE,CPR_ONLY,normal_low,0.189324499,,0.189324,CPR_ONLY,0,0,0.11801,0,0.068598,1,LOW_CONVERGENCE,1,638,674
25990,439,0.274375,0.4065,1.88,3525.107062,1660.004556,-3975.386105,-42652.17654,42.8375,3505,1647,3550,1671,5.6853,3.5698,20.7029,4.0755,2.017,-2106.4026,1,0,1,0,439,0.311124,0.309773,0.071125,1,1,0.054029,0.052894,0.009791,1,1,6.10E-05,0.000671,0.00065,0.000828,0.000507,-0.001821,-0.003537,-0.00111,439,1,64.5725,120.1906,0,0.182003,,,QUALIFIED,,,,,,TRUE,TRUE,BOTH,normal_low,0.378601648,0.078598051,0.2286,BOTH,0,0,0,0,0.06858,1,LOW_CONVERGENCE,0,639,675
9709,3108,1.9425,0.307,1.54,1439.986486,3365.870335,38671.25837,9475.837838,39.8157,1405,3311,1486,3436,7.7285,2.9656,23.3608,6.7758,2.256,-1054.3576,1,0,0.1861,0.3557,3108,0.198652,0.190785,0.059096,1,1,,,,0,0,0.015563,0.021161,0.029551,0.032632,0.041748,0.036948,0.037255,0.037604,3103,0.9984,31.5436,77.8519,0,2.015099,,,QUALIFIED,,-0.359699,-0.10426,0.114976,-0.009368,TRUE,FALSE,CPR_ONLY,normal_low,0.221971552,,0.221972,CPR_ONLY,0,0.009759,0,0,0.068543,1,LOW_CONVERGENCE,4,641,676
20151,1322,0.82625,0.4393,1.16,2725.241301,2080.871407,6546.285174,-22655.53253,23.583,2700,2051,2751,2110,7.7714,4.4555,27.5734,6.7458,3.569,827.0865,1,0.0008,0.3942,0.4283,1322,0.292276,0.283559,0.072018,1,1,0.070911,0.067193,0.022901,1,1,-0.000145,0.000689,0.000937,0.001,-0.001057,-0.003956,-0.007415,-0.008721,1322,1,150.2524,84.7415,0.122542,0,0.002719,1.00E-05,QUALIFIED,,,,,,TRUE,TRUE,BOTH,normal_low,0.352353657,0.104576833,0.228465,BOTH,0,0,0,0,0.06854,1,LOW_CONVERGENCE,0,642,677
6277,985,0.615625,0.5568,2.1,1110.493401,1615.789848,-5080.753807,17713.16497,18.4268,1081,1602,1142,1631,5.1177,2.1064,15.7987,4.1478,1.1504,-2030.6575,1,0,0.1274,0.291,985,0.189449,0.187202,0.029477,1,1,,,,0,0,0.013366,0.002466,0.000283,-0.000645,-0.000379,-0.000999,-0.003411,-0.000617,985,1,33.7027,75.9158,0,13.095443,,,QUALIFIED,,0.815502,,,,TRUE,FALSE,CPR_ONLY,normal_low,0.209155324,,0.209155,CPR_ONLY,0,0,0.057179,0,0.068464,1,LOW_CONVERGENCE,1,643,678
4701,138,0.08625,0.6053,1.58,899.7173913,355.2608696,-36593.97826,22982.56522,43.2118,891,350,910,362,6.2145,2.4738,11.4643,5.8594,1.985,257.4574,1,0,0.9997,0.0034,138,0.187165,0.185852,0.026206,1,1,0.046047,0.045899,0.005311,1,1,0.023638,0.011104,0.010322,0.008947,0.008451,0.00012,0.002356,0.001454,138,1,242.8669,107.6454,0,7.384824,,,QUALIFIED,,0.530248,0.133211,0.9858,0.382852,TRUE,TRUE,BOTH,normal_low,0.205974593,0.066314989,0.136145,BOTH,0.017246,0.083674,0.037178,0.018713,0.068341,1,LOW_CONVERGENCE,4,645,679
24214,167,0.104375,0.6523,1,3204.083832,784.9161677,-25852.59581,-34626.59581,43.213,3197,777,3213,793,4.3715,2.8407,14.3391,3.1069,0.9463,-5751.6879,1,0,1,0,167,0.161975,0.161999,0.016855,1,1,0.079262,0.078341,0.012238,1,1,0.003037,0.00426,0.003908,0.002511,0.00929,0.003121,0.005178,0.001819,167,1,-101.9481,118.7877,0.449102,0,2.30E-05,1.50E-05,QUALIFIED,,-0.4027,0.357472,0.664047,0.648706,TRUE,TRUE,BOTH,normal_low,0.170894643,0.117427728,0.144161,BOTH,0.029222,0.056364,0,0.050218,0.06831,1,LOW_CONVERGENCE,4,646,680
16256,450,0.28125,0.5143,1.4,2245.553333,3326.875556,37696.38889,-10663.33333,39.1762,2228,3316,2263,3341,5.4482,2.9166,15.59,4.3439,1.4587,-621.1268,1,0,0.0681,0.2172,450,0.216535,0.214311,0.028378,1,1,0.040936,0.038953,0.007399,1,1,0.000848,0.001878,0.001527,-0.000911,-5.90E-05,0.003926,-0.004814,-0.002899,450,1,71.5812,82.9217,0,18.939657,,,QUALIFIED,,,1.596595,,,TRUE,TRUE,BOTH,normal_low,0.24687567,0.058449952,0.152663,BOTH,0,0,0,0.22429,0.068228,1,LOW_CONVERGENCE,1,648,681
2262,173,0.108125,0.4806,1.6,564.9537572,2172.890173,8846.754335,31351.65607,32.5756,557,2161,572,2185,10.1557,3.5544,17.5363,9.3523,2.5126,-2002.6173,1,0,1,0,173,,,,0,0,0.085601,0.085435,0.005273,1,1,-0.0064,-0.000247,0.006048,-0.00298,0.00283,0.001328,-0.006402,0.000174,173,1,40.2924,84.9679,0,19.329673,,,QUALIFIED,,,1.492725,0.530742,,FALSE,TRUE,S1_ONLY,no_data,,0.127182467,0.127182,S1_ONLY,0,0.045049,0,0.209698,0.068134,1,LOW_CONVERGENCE,2,650,682
3137,151,0.094375,0.5992,1.29,698.5562914,1381.735099,-10932.12252,28011.59272,30.0686,692,1374,706,1392,6.0966,2.0836,14.4555,5.7764,1.0019,-3431.9626,1,0,1,0,151,0.22103,0.214209,0.058954,1,1,0.091412,0.089125,0.010802,1,1,8.90E-05,0.001271,0.003238,0.000998,0.000698,0.023644,-0.00745,-0.008641,151,1,-31.9971,79.6277,0,24.073455,,,QUALIFIED,,,0.691785,,,TRUE,TRUE,BOTH,normal_low,0.253135471,0.136124696,0.19463,BOTH,0,0,0,0.097182,0.068107,1,LOW_CONVERGENCE,1,651,683
3361,227,0.141875,0.4671,1.5,726.8281938,780.8590308,-25954.02423,27304.79515,37.6711,719,770,737,797,11.4812,3.7023,20.8059,9.8911,2.179,-1169.8129,1,0,1,0,227,,,,0,0,0.091966,0.092785,0.006506,1,1,0.003588,0.003727,0.000545,0.003847,0.001413,-0.000824,-0.001447,-0.003575,227,1,80.591,99.4056,0,18.225892,,,QUALIFIED,,-0.03874,,1.583156,,FALSE,TRUE,S1_ONLY,no_data,,0.136977216,0.136977,S1_ONLY,0,0.134377,0,0,0.067968,1,LOW_CONVERGENCE,2,652,684
9677,3083,1.926875,0.4426,1.06,1432.762893,1529.480376,-7238.490594,9656.427668,12.0675,1394,1481,1480,1562,8.4626,4.8653,27.7938,7.129,3.7756,-1827.6222,1,0.0032,0.3632,0.4461,3083,,,,0,0,0.077809,0.07227,0.02902,1,1,0.006369,0.003997,0.004812,0.003614,0.006545,0.002606,0.004011,-0.001052,3083,1,0.5626,56.8385,0,11.509235,,,QUALIFIED,,0.372429,0.248961,0.601833,1.262279,FALSE,TRUE,S1_ONLY,no_data,,0.115191786,0.115192,S1_ONLY,0.056862,0.051083,0.026113,0.034974,0.067942,1,LOW_CONVERGENCE,4,653,685
4379,145,0.090625,0.5035,1.12,856.2758621,1363.172414,-11396.18966,24068.60345,26.6296,848,1356,866,1372,5.6857,3.5217,15.859,5.0124,1.725,-3561.4441,1,0,1,0,145,0.195714,0.196412,0.024724,1,1,0.073271,0.07109,0.022651,1,1,-0.00134,-0.003334,0.002233,0.001241,0.003592,0.000913,0.004745,0.005853,145,1,-19.4926,68.1002,0,22.050128,,,QUALIFIED,,,0.444245,0.745824,-0.233509,TRUE,TRUE,BOTH,normal_low,0.217880051,0.108208507,0.163044,BOTH,0,0.063305,0,0.062408,0.067815,1,LOW_CONVERGENCE,3,654,686
6615,675,0.421875,0.5515,1.06,1130.819259,2653.401481,20859.53704,17205.01852,27.0395,1112,2637,1146,2673,7.4109,3.1692,17.2249,6.3205,2.315,-1945.6615,1,0,0.8439,0.3319,675,0.25321,0.251281,0.036136,1,1,0.033043,0.031975,0.00669,1,1,0.003722,-0.000462,0.000812,0.001901,0.00583,0.002995,-0.010394,-0.001105,675,1,33.734,87.2227,0,7.88214,,,QUALIFIED,,1.124127,,0.486278,,TRUE,TRUE,BOTH,normal_low,0.297949793,0.046303848,0.172127,BOTH,0,0.041275,0.078818,0,0.067775,1,LOW_CONVERGENCE,2,655,687
24165,353,0.220625,0.5014,1.45,3197.827195,826.7790368,-24806.02408,-34470.17989,42.4681,3189,810,3211,842,8.2665,3.4141,21.4621,6.9443,2.0676,-5698.7866,1,0,1,0,353,0.166119,0.164409,0.019482,1,1,0.066633,0.065936,0.00849,1,1,0.003764,0.004619,0.004223,0.002967,0.012112,0.003243,0.007195,0.002032,353,1,-46.7006,94.2531,0.246459,0,3.20E-05,2.10E-05,QUALIFIED,,-0.227152,0.297419,0.732249,0.717582,TRUE,TRUE,BOTH,normal_low,0.176665636,0.097993654,0.13733,BOTH,0.032325,0.062153,0,0.041781,0.067505,1,LOW_CONVERGENCE,4,658,688
7990,286,0.17875,0.5417,1.09,1269.975524,2294.041958,11875.54895,13726.11189,18.1503,1259,2283,1283,2305,9.6391,3.0711,16.0341,8.7657,1.996,-1593.3766,1,0,0.1169,0.2453,286,0.197347,0.191072,0.050116,1,1,,,,0,0,0.04878,0.06365,0.088976,0.102344,0.121694,0.112524,0.116802,0.120414,286,1,86.6499,88.4185,0,1.733854,,,QUALIFIED,,-0.304838,-0.150243,0.075353,-0.030924,TRUE,FALSE,CPR_ONLY,normal_low,0.22015419,,0.220154,CPR_ONLY,0,0.006396,0,0,0.067325,1,LOW_CONVERGENCE,4,661,689
20322,1127,0.704375,0.5576,1.09,2709.843833,1835.769299,418.7324756,-22270.59583,22.275,2685,1816,2732,1859,9.4831,3.5719,28.1307,7.8522,2.075,85.4425,1,0.0062,0.4779,0.4358,1127,0.209073,0.203596,0.044466,1,1,0.088181,0.083172,0.022141,1,1,0.00144,0.01012,0.005253,0.000702,-0.000939,-0.000201,-0.004407,-0.004116,946,0.8394,147.9055,80.9548,0.078083,0,0.002705,0.000765,QUALIFIED,,-6.027778,0.866362,,,TRUE,TRUE,BOTH,normal_low,0.236483984,0.131152687,0.183818,BOTH,0,0,0,0.121706,0.067316,1,LOW_CONVERGENCE,2,662,690
6088,663,0.414375,0.6278,1.03,1081.438914,1149.524887,-16737.37783,18439.52715,24.9022,1066,1133,1098,1166,6.2653,3.452,19.9799,5.2101,2.1269,-2593.7811,1,0,0.8192,0.3411,663,0.200289,0.198353,0.03453,1,1,,,,0,0,-0.002379,-0.000137,7.20E-05,0.001319,-0.005258,-0.001681,-0.010722,-0.024647,663,1,-14.3965,65.3367,0,23.340549,,,QUALIFIED,,,,,,TRUE,FALSE,CPR_ONLY,normal_low,0.224251261,,0.224251,CPR_ONLY,0,0,0,0,0.067275,1,LOW_CONVERGENCE,0,664,691
2382,842,0.52625,0.3803,1.32,594.3515439,2265.612827,11164.82067,30616.7114,32.5886,576,2245,617,2299,7.3687,3.9588,24.5034,6.2479,2.7437,-2043.1352,1,0,1,0,842,,,,0,0,0.094356,0.093825,0.016982,1,1,-0.001171,0.003283,-0.000961,0.000988,-0.001403,-0.004008,0.00153,-0.001309,842,1,40.2924,84.9679,0,18.203108,,,QUALIFIED,,,,,1.855556,FALSE,TRUE,S1_ONLY,no_data,,0.140655056,0.140655,S1_ONLY,0.083588,0,0,0,0.067273,1,LOW_CONVERGENCE,1,665,692
2015,1925,1.203125,0.5812,1.44,521.0597403,701.9158442,-27927.6039,32449.00649,42.8115,489,678,558,726,8.6952,3.5924,28.0655,7.4008,2.3994,-1218.6738,1,0.0026,0.0352,0.1536,1925,0.286394,0.281887,0.049994,1,1,0.069805,0.069097,0.009409,1,1,0.068441,0.07805,0.108421,0.115254,0.145072,0.145346,0.151945,0.150363,1925,1,80.591,99.4056,0,19.614296,,,QUALIFIED,,-0.140398,-0.063023,-0.001889,0.010412,TRUE,TRUE,BOTH,normal_low,0.344162301,0.10287487,0.223519,BOTH,0.000469,0,0,0,0.067196,1,LOW_CONVERGENCE,4,666,693
532,161,0.100625,0.5649,1.27,194.8944099,2058.21118,5979.779503,40603.13975,41.0407,187,2050,202,2069,6.8725,3.3336,16.7385,6.7638,2.9474,-1116.405,1,0,0.2825,0.3944,161,0.212548,0.196972,0.079655,1,1,0.137093,0.13265,0.029389,1,1,-0.001556,-0.000425,0.0009,-0.00226,-0.000395,-0.003724,-0.010342,-0.012905,161,1,67.2511,77.9602,0,24.394479,,,QUALIFIED,,,,,,TRUE,TRUE,BOTH,normal_low,0.241323318,0.206420677,0.223872,BOTH,0,0,0,0,0.067162,1,LOW_CONVERGENCE,0,667,694
24603,140,0.0875,0.5882,1.21,3259.6,1715.464286,-2588.892857,-36014.5,36.1079,3253,1708,3267,1725,4.4651,2.1218,10.6717,3.6404,0.6964,-1848.9417,1,0,0.9749,0.1339,140,0.201372,0.196399,0.018795,0.25,0.25,0.047974,0.048433,0.007568,1,1,0.002551,0.003821,0.003122,0.005432,0.004274,0.003948,0.006844,-0.004088,140,1,64.5725,120.1906,0,0.190394,,,QUALIFIED,,-0.497844,-0.73991,0.076275,1.597312,TRUE,TRUE,BOTH,normal_low,0.225759462,0.069280344,0.14752,BOTH,0.071955,0.006474,0,0,0.067137,1,LOW_CONVERGENCE,4,669,695
7218,148,0.0925,0.5139,1.12,1193.75,1502.101351,-7922.966216,15631.75,17.5243,1186,1492,1202,1510,4.2993,2.3653,9.9452,3.5764,1.4221,-2154.7584,1,0,0.0841,0.2413,148,0.183828,0.178976,0.0263,1,1,,,,0,0,0.027276,0.002175,0.002112,0.0021,-0.002626,-0.002706,-0.012302,-0.03075,148,1,-19.4926,68.1002,0,15.274263,,,QUALIFIED,,0.92026,0.005682,,,TRUE,FALSE,CPR_ONLY,normal_low,0.20132744,,0.201327,CPR_ONLY,0,0,0.064524,0.000798,0.06693,1,LOW_CONVERGENCE,2,671,696
412,267,0.166875,0.4334,1.27,162.8576779,2290.737828,11792.94569,41404.05805,43.0504,149,2280,177,2302,8.7266,4.5458,24.9687,7.5058,3.0358,-367.7997,1,0,0.5696,0.4704,267,0.269898,0.264523,0.08693,1,1,0.078411,0.076274,0.009155,1,1,0.046473,0.048999,0.072134,0.070853,0.089968,0.093638,0.097727,0.090979,267,1,67.2511,77.9602,0,19.196696,,,QUALIFIED,,-0.054354,0.017759,-0.040792,0.069049,TRUE,TRUE,BOTH,normal_low,0.321189738,0.116118171,0.218654,BOTH,0.00311,0,0,0.002495,0.066779,1,LOW_CONVERGENCE,4,672,697
6009,254,0.15875,0.5976,1.47,1061.066929,2732.783465,22844.08661,18948.82677,29.6802,1052,2719,1069,2744,6.0207,3.8718,20.4355,4.8574,1.9861,-1888.7663,1,0,1,0,254,0.17182,0.166763,0.035253,1,1,0.032977,0.030754,0.010326,1,1,0.001007,0.002727,8.50E-05,0.003627,0.001154,-0.001031,-0.004402,-0.001773,254,1,33.734,87.2227,0,9.167879,,,QUALIFIED,,-1.708044,,1.893414,,TRUE,TRUE,BOTH,normal_low,0.184604929,0.046202284,0.115404,BOTH,0,0.160712,0,0,0.066764,1,LOW_CONVERGENCE,2,673,698
22496,289,0.180625,0.5236,1.04,2962.861592,2038.086505,5476.66263,-28596.03979,29.1163,2953,2027,2977,2050,10.7,4.4733,23.6004,9.665,3.7221,-437.3819,1,0,0.0634,0.2009,289,0.263185,0.254936,0.039488,1,1,0.063395,0.063367,0.009776,1,1,0.003289,0.000478,0.001228,0.001809,0.000888,0.003714,-0.002659,-0.004888,289,1,84.0064,107.1887,0,2.961841,0.004244,0.003801,QUALIFIED,,0.854667,-0.473127,,,TRUE,TRUE,BOTH,normal_low,0.311841119,0.093010873,0.202426,BOTH,0,0,0.059925,0,0.06672,1,LOW_CONVERGENCE,2,674,699
8137,1447,0.904375,0.5609,1.4,1315.392536,3279.062198,36501.05494,12590.68659,38.6119,1290,3255,1350,3298,9.2321,3.5609,20.256,8.0508,2.3323,-1173.584,1,0,0.144,0.2941,1447,0.197827,0.182857,0.056674,1,1,,,,0,0,0.032028,0.041058,0.052458,0.057594,0.067727,0.066093,0.065995,0.066871,1398,0.9661,31.5436,77.8519,0.026261,0,0.003055,0.000532,QUALIFIED,,-0.281941,-0.097907,0.024126,-0.013274,TRUE,FALSE,CPR_ONLY,normal_low,0.220822645,,0.220823,CPR_ONLY,0,0.002048,0,0,0.066656,1,LOW_CONVERGENCE,4,675,700
15216,1098,0.68625,0.5116,1.57,2117.167577,98.91621129,-43002.59472,-7453.689435,43.6434,2102,72,2139,130,5.3343,2.968,18.3968,4.1442,1.9015,-2438.3738,1,0,1,0,1098,0.235729,0.215974,0.081309,1,1,0.00778,0.007828,0.000878,0.424408,0.424408,0.003614,0.003037,0.001596,0.001559,0.006461,-0.002252,0.001017,0.006471,1098,1,57.7818,98.3332,0,1.200521,,,QUALIFIED,,0.159657,0.023183,1.348553,-5.362832,TRUE,TRUE,BOTH,normal_low,0.273605506,0.007428005,0.140517,BOTH,0,0.114464,0.011194,0.003257,0.066493,1,LOW_CONVERGENCE,4,679,701
14946,1262,0.78875,0.4683,1.12,2075.3542,82.22503962,-43419.87401,-6408.354992,43.8898,2050,55,2099,110,5.1011,3.6192,24.9718,3.5999,1.5948,-2404.1794,1,0,1,0,1262,0.252089,0.246656,0.043961,1,1,0.007857,0.007707,0.001147,0.561807,0.561807,0.002883,0.005231,0.004971,0.004065,0.006956,0.007368,0.006326,-0.002239,1262,1,57.7818,98.3332,0,0.340037,,,QUALIFIED,,-0.814429,0.182257,-0.059229,1.353936,TRUE,TRUE,BOTH,normal_low,0.296388673,0.007546496,0.151968,BOTH,0.060991,0,0,0.025603,0.066448,1,LOW_CONVERGENCE,4,681,702
5832,665,0.415625,0.5329,1.22,1051.771429,1607.2,-5295.5,19181.21429,19.8982,1039,1590,1071,1629,5.1901,3.1199,16.92,4.0794,1.8658,-2130.2384,1,0,0.434,0.453,665,0.187213,0.186318,0.034131,1,1,,,,0,0,0.006495,0.002282,-0.003446,-0.002351,-0.004478,-0.004284,-0.01228,-0.018026,665,1,33.7027,75.9158,0,14.052958,,,QUALIFIED,,0.648653,,,,TRUE,FALSE,CPR_ONLY,normal_low,0.206041439,,0.206041,CPR_ONLY,0,0,0.04548,0,0.06636,1,LOW_CONVERGENCE,1,682,703
15378,2540,1.5875,0.432,1.88,2114.514567,2946.420472,28185.01181,-7387.364173,29.1377,2062,2919,2167,2975,9.4706,3.9663,29.5962,8.0322,3.0703,126.1481,1,0.0016,0.0322,0.1459,2540,0.30659,0.300224,0.060164,1,1,0.048228,0.040554,0.027423,1,1,-0.00089,0.001554,-0.000909,-0.000744,0.000177,0.000273,-0.003698,-0.002971,2540,1,127.1508,86.7202,0,8.776994,,,QUALIFIED,,,,,,TRUE,TRUE,BOTH,normal_low,0.372287536,0.06967121,0.220979,BOTH,0,0,0,0,0.066294,1,LOW_CONVERGENCE,0,683,704
17562,1368,0.855,0.413,1.44,2447.634503,2605.27193,19656.29825,-15715.36257,25.167,2417,2585,2486,2633,6.6651,3.7944,24.1832,5.3425,2.4077,2137.155,1,0,0.1763,0.3258,1368,0.278464,0.263858,0.083239,1,1,0.073189,0.070885,0.015586,1,1,-0.001244,-0.001304,0.000792,0.001831,-0.004473,-0.003741,-0.006673,-0.008749,1368,1,206.9462,82.5201,0,3.778971,,,QUALIFIED,,,,,,TRUE,TRUE,BOTH,normal_low,0.333118871,0.108082322,0.220601,BOTH,0,0,0,0,0.06618,1,LOW_CONVERGENCE,0,685,705
5803,533,0.333125,0.5288,1.29,1048.889306,2411.499062,14811.97655,19253.26735,24.2915,1038,2396,1066,2432,6.2962,3.6212,21.1286,5.0038,1.9678,-1914.1641,1,0,1,0,533,0.237836,0.233134,0.047128,0.966229,0.966229,0.053262,0.050539,0.011675,1,1,0.001966,-0.001696,0.00073,-0.000386,-0.001438,-0.008816,-0.008551,-0.007634,533,1,33.734,87.2227,0,7.646282,,,QUALIFIED,,1.862665,,,,TRUE,TRUE,BOTH,normal_low,0.276539744,0.077417756,0.176979,BOTH,0,0,0.1306,0,0.066154,1,LOW_CONVERGENCE,1,687,706
24372,480,0.3,0.4868,1.17,3224.054167,738.3395833,-27017.01042,-35125.85417,44.3142,3205,724,3239,753,7.1846,4.5249,23.6731,5.6126,3.0058,-5770.6182,1,0,1,0,480,0.25211,0.243729,0.049794,1,1,0.096826,0.092983,0.01286,1,1,0.000215,0.001952,8.30E-05,0.001253,-0.000948,-0.005238,-0.005422,-0.007824,480,1,-101.9481,118.7877,0.44375,0,3.30E-05,1.50E-05,QUALIFIED,,,,,,TRUE,TRUE,BOTH,normal_low,0.296417918,0.144456003,0.220437,BOTH,0,0,0,0,0.066131,1,LOW_CONVERGENCE,0,688,707
1203,390,0.24375,0.5804,1.17,376.8564103,2333.712821,12867.32051,36054.08974,38.2811,366,2320,390,2348,5.8618,3.5253,22.4174,4.2468,1.4746,33.6702,1,0,0.3066,0.3843,390,,,,0,0,0.067215,0.064319,0.014672,1,1,0.002141,0.001263,0.00343,0.003927,0.003337,-0.003252,-0.010377,-0.011212,390,1,67.2511,77.9602,0,16.692532,,,QUALIFIED,,0.410089,-0.144898,1.974528,,FALSE,TRUE,S1_ONLY,no_data,,0.098889262,0.098889,S1_ONLY,0,0.167597,0.028753,0,0.066061,1,LOW_CONVERGENCE,3,689,708
5975,331,0.206875,0.4963,1.26,1061.271903,1542.060423,-6923.989426,18943.70242,20.1688,1049,1528,1072,1557,6.0251,4.1367,17.4959,4.4977,2.5383,-2179.4445,1,0,0.2793,0.3925,331,0.194848,0.1921,0.030071,1,1,,,,0,0,0.00621,0.005328,0.001766,0.002897,-0.002052,0.001717,-0.008718,-0.018207,331,1,-19.4926,68.1002,0,15.419833,,,QUALIFIED,,0.142029,-0.64043,,,TRUE,FALSE,CPR_ONLY,normal_low,0.216674047,,0.216674,CPR_ONLY,0,0,0.009958,0,0.065998,1,LOW_CONVERGENCE,2,691,709
20942,127,0.079375,0.567,1.14,2796.897638,1761.779528,-1431.011811,-24446.94094,24.4893,2789,1754,2803,1770,6.707,2.7004,22.1997,5.4885,1.593,-3.9991,1,0,0.0214,0.1077,127,0.199167,0.197273,0.028677,1,1,0.05933,0.053453,0.014262,1,1,0.006824,0.00739,-0.000655,0.000715,0.003204,-0.000465,-0.00658,-0.006596,127,1,147.9055,80.9548,0,1.66527,,,QUALIFIED,,-0.082943,,1.145131,,TRUE,TRUE,BOTH,normal_low,0.222688748,0.086755468,0.154722,BOTH,0,0.097198,0,0,0.065856,1,LOW_CONVERGENCE,2,692,710
20497,644,0.4025,0.4694,1.75,2748.231366,2085.729814,6667.745342,-23230.28416,24.1689,2734,2061,2762,2110,11.4623,4.3683,28.5302,9.8971,3.1612,849.8752,1,0.0047,0.157,0.322,644,0.264629,0.254096,0.059646,1,1,0.084237,0.068667,0.049381,1,1,0.001406,0.001461,-0.000295,0.001185,0.000294,-0.002912,-0.00226,-0.005538,644,1,150.2524,84.7415,0.113354,0,0.002088,1.30E-05,QUALIFIED,,-0.039118,,,,TRUE,TRUE,BOTH,normal_low,0.313852054,0.125083482,0.219468,BOTH,0,0,0,0,0.06584,1,LOW_CONVERGENCE,1,693,711
2378,555,0.346875,0.5595,1.03,578.245045,1861.372973,1058.824324,31019.37387,31.037,564,1847,595,1879,5.6665,3.5416,18.8775,4.6721,2.6993,-868.4288,1,0,0.864,0.3118,555,0.175674,0.16911,0.040905,0.886486,0.886486,0.07377,0.072716,0.009499,1,1,0.002611,0.001729,0.003164,0.000297,0.001441,0.000945,-0.004541,0.006722,555,1,49.6089,82.7432,0,19.757166,,,QUALIFIED,,0.337802,0.906131,0.344205,,TRUE,TRUE,BOTH,normal_low,0.189972064,0.108976391,0.149474,BOTH,0,0.029216,0.023685,0.127293,0.065783,1,LOW_CONVERGENCE,3,694,712
10657,547,0.341875,0.521,1.17,1540.243144,1500.111517,-7972.712066,6969.421389,10.5888,1527,1480,1557,1515,8.2448,2.7895,17.1488,7.2703,2.1659,-2347.0094,1,0,1,0,547,,,,0,0,0.062345,0.060321,0.011258,1,1,-0.001926,0.002462,-0.000669,0.002769,0.003676,-0.004605,0.000476,9.70E-05,547,1,0.5626,56.8385,0,11.868024,,,QUALIFIED,,,,2.25272,,FALSE,TRUE,S1_ONLY,no_data,,0.091395086,0.091395,S1_ONLY,0,0.191209,0,0,0.06566,1,LOW_CONVERGENCE,1,697,713
11460,775,0.484375,0.4688,1.97,1607.496774,3382.145806,39078.14516,5288.080645,39.4347,1596,3356,1625,3413,7.9402,3.1716,21.2113,6.1771,1.2695,-1139.236,1,0,0.0706,0.2375,775,0.196082,0.187739,0.045379,1,1,,,,0,0,0.088409,0.099527,0.140446,0.146978,0.180345,0.181626,0.189021,0.18724,751,0.969,63.3495,86.7715,0,6.735447,,,QUALIFIED,,-0.125756,-0.046509,-0.007103,0.009422,TRUE,FALSE,CPR_ONLY,normal_low,0.218392533,,0.218393,CPR_ONLY,0.000424,0,0,0,0.065645,1,LOW_CONVERGENCE,4,698,714
11008,328,0.205,0.4556,1.8,1567.185976,3403.210366,39604.75915,6295.85061,40.1025,1559,3386,1579,3422,4.4934,3.0297,19.4813,3.774,1.655,-1205.0802,1,0,0.2151,0.3247,328,0.195876,0.186032,0.04672,1,1,,,,0,0,0.000877,0.001067,-1.40E-05,0.000136,-9.10E-05,-0.005091,-0.000942,-0.011158,328,1,31.5436,77.8519,0,5.821512,,,QUALIFIED,,,,,,TRUE,FALSE,CPR_ONLY,normal_low,0.218105655,,0.218106,CPR_ONLY,0,0,0,0,0.065432,1,LOW_CONVERGENCE,0,700,715
5911,369,0.230625,0.509,1.16,1050.425474,1230.203252,-14720.4187,19214.86314,24.2047,1035,1216,1064,1241,4.6403,2.1451,11.8682,3.9264,1.2601,-2492.7989,1,0,1,0,369,0.182631,0.176357,0.032249,1,1,,,,0,0,0.005045,0.001128,0.000438,-0.000251,0.001405,0.00227,-0.003189,-0.00082,369,1,-19.4926,68.1002,0,22.792227,,,QUALIFIED,,0.776412,,-0.615658,,TRUE,FALSE,CPR_ONLY,normal_low,0.199660481,,0.19966,CPR_ONLY,0,0,0.054438,0,0.065342,1,LOW_CONVERGENCE,2,702,716
2721,515,0.321875,0.6503,1.38,638.4116505,2324.332039,12632.80097,29515.20874,32.1048,627,2308,651,2341,7.3963,3.3063,23.3455,6.2588,1.7663,-2078.5836,1,0,1,0,515,,,,0,0,0.116226,0.109157,0.029652,1,1,-0.003216,0.001932,0.003845,0.000287,0.003598,0.009153,-0.000905,0.006795,515,1,40.2924,84.9679,0,17.352593,,,QUALIFIED,,,0.925358,-1.543913,,FALSE,TRUE,S1_ONLY,no_data,,0.174309597,0.17431,S1_ONLY,0,0,0,0.129994,0.065292,1,LOW_CONVERGENCE,2,703,717
5555,167,0.104375,0.6326,2.18,1012.071856,1616.682635,-5058.434132,20173.70359,20.7976,1001,1611,1025,1622,6.8956,2.6727,13.3635,5.5608,1.4253,-2142.4513,1,0,0.9916,0.0676,167,0.180328,0.177369,0.030025,1,1,,,,0,0,0.00717,0.000689,-0.000192,-0.002682,-0.001787,-0.004326,-0.007291,-0.000266,167,1,33.7027,75.9158,0,14.526226,,,QUALIFIED,,0.903905,,,,TRUE,FALSE,CPR_ONLY,normal_low,0.19645329,,0.196453,CPR_ONLY,0,0,0.063377,0,0.065274,1,LOW_CONVERGENCE,1,704,718
7049,246,0.15375,0.5467,1.39,1174.808943,1557.280488,-6543.487805,16105.27642,17.3832,1163,1548,1188,1566,4.433,1.7265,8.8613,3.5197,0.8902,-2097.1789,1,0,0.1273,0.2521,246,0.164432,0.159744,0.029901,1,1,,,,0,0,0.020428,0.008257,0.004222,0.004837,0.001691,0.005909,0.004675,0.001651,246,1,-19.4926,68.1002,0,14.113048,,,QUALIFIED,,0.5958,-0.145666,-2.494382,0.646845,TRUE,FALSE,CPR_ONLY,normal_low,0.174316296,,0.174316,CPR_ONLY,0.029139,0,0.041774,0,0.065214,1,LOW_CONVERGENCE,4,705,719
7272,1177,0.735625,0.5288,1.26,1202.005098,1546.676296,-6808.592608,15425.37256,16.8605,1185,1520,1227,1573,4.6582,2.5506,16.2193,3.7931,1.5426,-2083.7669,1,0,0.0853,0.2249,1177,0.182334,0.178778,0.034953,1,1,,,,0,0,0.019177,0.004431,0.002897,0.004975,0.005708,0.008546,0.0028,0.003798,1177,1,0.5626,56.8385,0,13.787177,,,QUALIFIED,,0.768942,-0.717294,-0.497197,-0.356429,TRUE,FALSE,CPR_ONLY,normal_low,0.199246874,,0.199247,CPR_ONLY,0,0,0.053914,0,0.065166,1,LOW_CONVERGENCE,4,707,720
3500,2862,1.78875,0.3705,1.37,769.0754717,1272.555206,-13661.61985,26248.61321,29.5904,724,1232,827,1307,11.3815,3.6767,22.93,9.7666,2.7697,-3585.9366,1,0,1,0,2862,,,,0,0,0.079147,0.082365,0.022664,1,1,0.000713,-0.001039,0.001924,0.001184,0.002719,-0.001215,-0.004342,-0.007065,2862,1,-31.9971,79.6277,0,24.28787,,,QUALIFIED,,,0.384615,1.446855,,FALSE,TRUE,S1_ONLY,no_data,,0.117250761,0.117251,S1_ONLY,0,0.122808,0,0.054031,0.06514,1,LOW_CONVERGENCE,2,708,721
16524,151,0.094375,0.4935,1.06,2293.556291,3356.887417,38446.68543,-11863.40728,40.236,2286,3348,2303,3366,4.6596,2.9409,14.3648,4.7506,2.4521,-689.3902,1,0,0.1963,0.3348,151,0.270019,0.27454,0.039143,1,1,0.01901,0.018855,0.001774,1,1,0.00143,-0.001259,-4.60E-05,0.000587,-0.001747,0.000444,-0.001978,-0.005113,151,1,71.5812,82.9217,0,20.426239,,,QUALIFIED,,1.88042,,,,TRUE,TRUE,BOTH,normal_low,0.321358244,0.024709235,0.173034,BOTH,0,0,0.131845,0,0.065095,1,LOW_CONVERGENCE,1,710,722
1901,655,0.409375,0.5387,1.19,498.4732824,635.7832061,-29580.91985,33013.66794,44.3269,484,619,516,657,5.8452,4.4281,26.6163,4.9073,2.3538,-1373.5559,1,0.0031,0.7638,0.3606,655,0.258193,0.234025,0.093531,1,1,0.086566,0.086373,0.010769,1,1,9.30E-05,0.00158,0.000226,0.001511,-0.000233,-0.019324,-0.005532,-0.009291,655,1,80.591,99.4056,0,19.280252,,,QUALIFIED,,,,,,TRUE,TRUE,BOTH,normal_low,0.30488919,0.128667452,0.216778,BOTH,0,0,0,0,0.065033,1,LOW_CONVERGENCE,0,712,723
2438,594,0.37125,0.4967,1.77,597.0218855,1846.377104,683.9276094,30549.95286,30.5571,585,1823,611,1869,8.135,3.2942,26.449,6.9017,2.0077,-820.5672,1,0.0034,0.5273,0.4425,594,0.182154,0.182747,0.03363,0.464646,0.464646,0.067676,0.066061,0.012236,1,1,0.003018,0.003365,0.007447,0.001831,0.003741,0.001746,-0.007522,0.001284,594,1,49.6089,82.7432,0,19.424871,,,QUALIFIED,,-0.114977,0.754129,0.53328,,TRUE,TRUE,BOTH,normal_low,0.198996204,0.099598669,0.149297,BOTH,0,0.045264,0,0.10594,0.064436,1,LOW_CONVERGENCE,3,725,724
2672,243,0.151875,0.486,1.25,629.0288066,2172.337449,8832.936214,29749.77984,31.033,619,2162,639,2187,6.7197,4.3541,18.4553,4.9013,1.8818,-2094.9671,1,0,1,0,243,,,,0,0,0.130844,0.117207,0.052924,1,1,0.00282,0.000752,0.000576,0.003393,-0.002646,-0.009276,-0.007558,-0.014369,243,1,40.2924,84.9679,0,17.658567,,,QUALIFIED,,0.733333,,,,FALSE,TRUE,S1_ONLY,no_data,,0.196804434,0.196804,S1_ONLY,0,0,0.051417,0,0.064183,1,LOW_CONVERGENCE,1,728,725
6013,1003,0.626875,0.4193,1.13,1071.361914,1580.044865,-5974.378365,18691.45214,19.6224,1048,1554,1094,1606,4.767,2.0346,14.2103,4.0776,1.2557,-2120.0008,1,0,0.1693,0.3278,1003,0.181886,0.177421,0.034993,1,1,,,,0,0,0.008215,0.002921,-0.000256,-0.00052,-0.001758,-0.005129,-0.009854,-0.0129,1003,1,-19.4926,68.1002,0,14.246337,,,QUALIFIED,,0.644431,,,,TRUE,FALSE,CPR_ONLY,normal_low,0.198622983,,0.198623,CPR_ONLY,0,0,0.045184,0,0.064105,1,LOW_CONVERGENCE,1,730,726
24134,582,0.36375,0.5196,1.43,3177.972509,676.709622,-28557.75945,-33973.81271,44.3821,3165,660,3193,700,4.1339,2.1821,16.2977,3.7316,1.8186,-5742.3449,1,0,1,0,582,0.217146,0.211869,0.047382,1,1,0.090484,0.080625,0.028906,1,1,0.002396,0.000182,-0.002238,-7.00E-06,-0.000291,-0.005615,-0.014203,-0.012101,582,1,-96.3518,96.3954,0.250859,0,2.20E-05,1.00E-05,QUALIFIED,,0.92404,,,,TRUE,TRUE,BOTH,normal_low,0.247726557,0.134696647,0.191212,BOTH,0,0,0.064789,0,0.063842,1,LOW_CONVERGENCE,1,733,727
6595,860,0.5375,0.4343,1.82,1120.453488,2701.22093,22055.02326,17464.16279,28.1323,1091,2683,1151,2716,5.5185,4.5131,29.2498,4.6992,3.6477,-2019.5581,1,0.0058,1,0,860,0.245295,0.241006,0.046769,0.87907,0.87907,0.019493,0.019241,0.002207,1,1,0.007424,0.001044,0.000939,0.000873,0.004039,0.001505,-0.009298,-0.001483,860,1,33.734,87.2227,0,8.514693,,,QUALIFIED,,0.859375,,0.627383,,TRUE,TRUE,BOTH,normal_low,0.286927253,0.025452497,0.15619,BOTH,0,0.053252,0.060255,0,0.063533,1,LOW_CONVERGENCE,2,740,728
6308,293,0.183125,0.5813,1.14,1093.133106,2415.040956,14900.52389,18147.17235,23.4807,1084,2403,1105,2427,5.5368,2.4101,12.6921,3.938,1.2187,-1939.3111,1,0,1,0,293,0.245254,0.241474,0.038941,1,1,0.041506,0.03969,0.009032,1,1,0.018188,0.014496,0.012529,0.010661,0.010524,0.013027,0.010798,0.004355,293,1,33.734,87.2227,0,6.736329,,,QUALIFIED,,0.202991,0.149094,-0.237837,0.596685,TRUE,TRUE,BOTH,normal_low,0.286870155,0.059327094,0.173099,BOTH,0.026879,0,0.014233,0.020945,0.063511,1,LOW_CONVERGENCE,4,741,729
8119,1383,0.864375,0.4918,1.95,1293.951555,1357.954447,-11526.63883,13126.71114,17.4685,1273,1319,1311,1393,11.42,3.0423,22.0361,9.9808,2.2197,-1945.4642,1,0,0.9993,0.0183,1383,,,,0,0,0.081323,0.071929,0.028782,1,1,0.001325,-8.90E-05,0.001661,0.001013,0.002844,0.000468,0.000963,-0.001854,1383,1,0.5626,56.8385,0,17.094754,,,QUALIFIED,,1.06717,0.390126,0.835443,,FALSE,TRUE,S1_ONLY,no_data,,0.120599288,0.120599,S1_ONLY,0,0.070912,0.074824,0.054805,0.063325,1,LOW_CONVERGENCE,3,743,730
5793,350,0.21875,0.4704,1.29,1028.38,1617.148571,-5046.785714,19766,20.3995,1012,1606,1043,1630,3.9508,2.1261,13.6512,3.1995,1.197,-2142.0194,1,0,0.8915,0.2512,350,0.178537,0.172273,0.035591,1,1,,,,0,0,0.007934,0.002167,-0.001814,-0.002238,-0.001303,-0.00443,-0.006685,-0.007491,350,1,33.7027,75.9158,0,14.166554,,,QUALIFIED,,0.726872,,,,TRUE,FALSE,CPR_ONLY,normal_low,0.193959118,,0.193959,CPR_ONLY,0,0,0.050964,0,0.063284,1,LOW_CONVERGENCE,1,744,731
10803,1816,1.135,0.4511,1.08,1562.287445,3148.564427,33238.61068,6418.313877,33.853,1534,3117,1595,3183,7.0063,3.0075,19.7093,5.9213,2.2938,-1752.7974,1,0,0.9992,0.0253,1816,0.159382,0.152882,0.033896,1,1,,,,0,0,0.003318,-0.002837,-0.000266,0.000735,0.000506,-0.002927,-0.004426,-0.006726,1748,0.9626,25.3927,84.5067,0,6.095336,,,QUALIFIED,,1.855033,,,,TRUE,FALSE,CPR_ONLY,normal_low,0.167283595,,0.167284,CPR_ONLY,0,0,0.130065,0,0.063192,1,LOW_CONVERGENCE,1,746,732
8298,1144,0.715,0.6231,1.59,1309.065559,1677.125,-3547.375,12748.86101,13.2326,1283,1659,1337,1693,7.2326,3.4975,21.1128,6.1183,2.4387,-1793.5486,1,0,0.0546,0.2078,1144,,,,0,0,0.056587,0.055394,0.008252,0.413462,0.413462,0.004861,0.002011,0.006998,0.004509,0.004601,-0.003253,-0.00199,0.003676,1144,1,85.0522,75.7671,0,9.84816,,,QUALIFIED,,0.586299,0.355673,1.70702,,FALSE,TRUE,S1_ONLY,no_data,,0.082534416,0.082534,S1_ONLY,0,0.144891,0.041108,0.049965,0.062846,1,LOW_CONVERGENCE,3,749,733
6461,126,0.07875,0.5833,1.5,1109.674603,2480.603175,16539.57937,17733.63492,24.2495,1102,2475,1120,2487,3.0244,2.2391,12.0299,3.1798,2.0513,-1887.1644,1,0,1,0,126,0.247591,0.24294,0.036215,1,1,0.053717,0.050933,0.013784,1,1,-0.00284,0.000758,0.001206,0.000554,-0.001926,-0.003112,-0.004453,-0.011928,126,1,33.734,87.2227,0,6.828067,,,QUALIFIED,,,0.54063,,,TRUE,TRUE,BOTH,normal_low,0.290124695,0.078117931,0.184121,BOTH,0,0,0,0.075948,0.062831,1,LOW_CONVERGENCE,1,750,734
25922,303,0.189375,0.6474,1.44,3510.570957,1669.924092,-3727.39769,-42288.77393,42.4532,3498,1661,3524,1679,5.1403,2.8994,15.9617,3.7788,1.7869,-2098.9976,1,0,1,0,303,0.248185,0.216515,0.088782,1,1,0.05001,0.051547,0.01403,1,1,-0.000457,0.000803,0.002149,0.000893,0.000741,-0.005125,-0.001973,-0.001686,303,1,64.5725,120.1906,0,0.125,,,QUALIFIED,,,0.584458,,,TRUE,TRUE,BOTH,normal_low,0.290951907,0.072413432,0.181683,BOTH,0,0,0,0.082105,0.062715,1,LOW_CONVERGENCE,1,754,735
11468,237,0.148125,0.687,1.53,1615.670886,3108.814346,32244.85865,5083.727848,32.6436,1608,3098,1623,3121,3.6357,2.0211,8.9183,2.5025,0.9057,-1725.362,1,0,0.5159,0.4235,237,0.165815,0.165811,0.017086,1,1,,,,0,0,-0.0017,-0.000773,0.001297,0.000405,-0.003398,-0.010782,-0.007806,-0.010233,237,1,66.0189,90.6798,0,8.363051,,,QUALIFIED,,,0.687741,,,TRUE,FALSE,CPR_ONLY,normal_low,0.176242281,,0.176242,CPR_ONLY,0,0,0,0.096614,0.062534,1,LOW_CONVERGENCE,1,756,736
18366,416,0.26,0.4333,1.67,2518.747596,2502.754808,17093.37019,-17493.1899,24.4587,2506,2485,2530,2525,11.1362,4.7308,22.2235,9.5428,3.1717,1768.1266,1,0,0.0388,0.1485,416,0.21513,0.206565,0.049898,1,1,0.045468,0.04503,0.004607,1,1,0.001011,-0.001267,-0.00106,0.000438,-0.000773,0.003974,-0.004987,-0.003833,416,1,206.9462,82.5201,0,2.505619,,,QUALIFIED,,2.253215,,,,TRUE,TRUE,BOTH,normal_low,0.244919047,0.065423998,0.155172,BOTH,0,0,0.157983,0,0.06235,1,LOW_CONVERGENCE,1,760,737
23988,405,0.253125,0.4095,1.87,3164.560494,1885.246914,1655.67284,-33638.51235,33.6798,3154,1861,3177,1904,7.2102,3.9567,20.8128,6.1975,3.254,-1754.082,1,0,0.4528,0.4497,405,0.227153,0.215473,0.048863,0.995062,0.995062,0.046237,0.046359,0.005337,1,1,-0.001532,-0.003197,0.004105,0.000275,-8.00E-06,-0.004094,-0.006043,-0.003475,405,1,73.237,102.5391,0.024691,0,0.002366,0.000628,QUALIFIED,,,0.933009,,,TRUE,TRUE,BOTH,normal_low,0.261662447,0.06660737,0.164135,BOTH,0,0,0,0.131069,0.062347,1,LOW_CONVERGENCE,1,761,738
3934,374,0.23375,0.4359,1.27,812.1764706,2533.502674,17862.06684,25171.08824,30.8647,794,2522,827,2548,10.2729,3.8516,18.1309,9.0563,3.2408,-945.0195,1,0,0.7358,0.4261,374,,,,0,0,0.037908,0.035998,0.007863,1,1,-8.10E-05,0.002013,-0.001228,-0.00083,0.004246,-0.007308,-0.00368,0.000392,374,1,33.734,87.2227,0,12.968664,,,QUALIFIED,,,,2.721149,,FALSE,TRUE,S1_ONLY,no_data,,0.053790329,0.05379,S1_ONLY,0,0.230969,0,0,0.062331,1,LOW_CONVERGENCE,1,762,739
23878,322,0.20125,0.5367,1.04,3148.431677,1664.298137,-3868.046584,-33235.29193,33.4601,3136,1653,3160,1678,7.6437,4.4619,21.4129,5.5204,2.6266,-1829.0716,1,0,0.7441,0.4039,322,,,,0,0,0.06221,0.06077,0.0077,1,1,1.40E-05,0.001621,0.000949,0.00219,0.001944,-0.002058,-0.003111,0.002047,322,1,73.237,102.5391,0,1.873833,,,QUALIFIED,,,,2.058642,,FALSE,TRUE,S1_ONLY,no_data,,0.091187342,0.091187,S1_ONLY,0,0.174736,0,0,0.062303,1,LOW_CONVERGENCE,1,763,740
24763,525,0.328125,0.6048,1.11,3278.08381,1718.647619,-2509.309524,-36476.59524,36.5633,3264,1705,3292,1736,7.7296,3.8169,21.1857,6.2453,2.4803,-1842.4706,1,0,0.9838,0.0997,525,0.243498,0.20668,0.102339,0.95619,0.95619,0.042783,0.042227,0.006229,1,1,0.004749,-0.000902,0.005807,0.005024,0.003041,0.006974,0.004102,0.005157,525,1,64.5725,120.1906,0.03619,0,0.002205,0.000278,QUALIFIED,,1.189935,0.134837,-1.293325,-0.257192,TRUE,TRUE,BOTH,normal_low,0.284424725,0.061292199,0.172858,BOTH,0,0,0.083432,0.018942,0.062095,1,LOW_CONVERGENCE,4,766,741
5217,712,0.445,0.5511,1.12,971.130618,1687.154494,-3296.63764,21197.23455,21.4515,956,1666,990,1704,10.2574,2.5992,17.5308,9.0916,1.5967,-2012.8907,1,0,1,0,712,0.211184,0.202999,0.050325,1,1,0.029923,0.029833,0.002529,0.630618,0.630618,0.000922,0.002771,0.000531,0.001347,0.010877,-0.001831,-3.90E-05,0.000537,712,1,33.7027,75.9158,0,13.546794,,,QUALIFIED,,,,1.168337,,TRUE,TRUE,BOTH,normal_low,0.239423792,0.041502651,0.140463,BOTH,0,0.099168,0,0,0.061972,1,LOW_CONVERGENCE,1,769,742
12985,879,0.549375,0.586,1.67,1795.202503,2863.836177,26120.40444,595.4374289,26.1277,1780,2838,1810,2888,8.647,3.8862,22.2757,7.3231,2.649,-1218.1056,1,0,0.0146,0.0906,879,0.192217,0.179713,0.060511,0.60182,0.60182,0.069589,0.063729,0.020592,1,1,0.001495,-0.001593,-0.002339,7.40E-05,-0.001707,-0.001916,-0.007216,-0.012055,712,0.81,66.0189,90.6798,0,3.00853,,,QUALIFIED,,2.065552,,,,TRUE,TRUE,BOTH,normal_low,0.21301008,0.10254248,0.157776,BOTH,0,0,0.144825,0,0.061815,1,LOW_CONVERGENCE,1,774,743
23831,156,0.0975,0.6446,2,3144.75,1649.50641,-4237.839744,-33143.25,33.4135,3140,1639,3151,1661,4.9874,2.1564,11.7763,4.2479,1.4099,-1814.1418,1,0,0.7323,0.3859,156,,,,0,0,0.066478,0.066367,0.008503,1,1,-0.000451,0.000607,0.000169,0.000498,0.004365,-0.003959,-0.00179,-0.004229,156,1,73.237,102.5391,0,2.316247,,,QUALIFIED,,,,1.906987,,FALSE,TRUE,S1_ONLY,no_data,,0.097755133,0.097755,S1_ONLY,0,0.161864,0,0,0.061699,1,LOW_CONVERGENCE,1,775,744
2971,187,0.116875,0.685,1.62,675.9304813,2352.604278,13339.60695,28577.23797,31.5371,666,2347,687,2360,4.9348,2.5047,15.4791,4.1789,1.7469,-2130.2338,1,0,1,0,187,,,,0,0,0.076394,0.076282,0.008807,1,1,-0.002263,-0.001709,-0.000305,-0.001472,0.004954,-0.003124,-0.007551,-0.006313,187,1,40.2924,84.9679,0,16.706679,,,QUALIFIED,,,,1.630602,,FALSE,TRUE,S1_ONLY,no_data,,0.11301432,0.113014,S1_ONLY,0,0.138404,0,0,0.061585,1,LOW_CONVERGENCE,1,777,745
3434,236,0.1475,0.4214,1.4,734.8898305,2482.15678,16578.41949,27103.25424,31.7714,722,2473,750,2493,9.432,3.9506,18.6437,8.4107,3.1827,-654.1227,1,0,0.0276,0.1372,236,,,,0,0,0.074989,0.072493,0.017866,1,1,-0.001266,-0.001941,0.001308,-0.001311,-0.001328,-0.009907,-0.008555,-0.022102,236,1,-8.8513,82.0245,0,13.962203,,,QUALIFIED,,,2.002294,,,FALSE,TRUE,S1_ONLY,no_data,,0.110852243,0.110852,S1_ONLY,0,0,0,0.281282,0.061384,1,LOW_CONVERGENCE,1,780,746
24584,455,0.284375,0.4182,1.06,3253.483516,756.8263736,-26554.84066,-35861.58791,44.6231,3237,743,3269,777,4.9453,3.9911,22.3437,4.2893,3.1195,-5760.1505,1,0,1,0,455,0.18163,0.164383,0.056808,1,1,0.08928,0.084073,0.024065,1,1,-0.00089,-0.012658,0.003831,0.000637,0.000674,-0.002284,-0.002964,-0.001731,455,1,-101.9481,118.7877,0.47033,0,2.40E-05,1.30E-05,QUALIFIED,,,0.833725,,,TRUE,TRUE,BOTH,normal_low,0.198266474,0.132843878,0.165555,BOTH,0,0,0,0.117122,0.061379,1,LOW_CONVERGENCE,1,781,747
3026,371,0.231875,0.4744,1.48,669.7061995,2262.54717,11088.17925,28732.84501,30.7978,652,2250,686,2273,7.5674,4.7861,29.2695,6.5744,3.3893,-2132.9185,1,0.0108,1,0,371,,,,0,0,0.100535,0.095021,0.02268,1,1,0.000288,0.000762,0.003309,0.000272,0.004019,0.003208,0.000161,0.003449,371,1,40.2924,84.9679,0,16.575773,,,QUALIFIED,,,0.9178,0.201791,,FALSE,TRUE,S1_ONLY,no_data,,0.150163579,0.150164,S1_ONLY,0,0.017128,0,0.128932,0.061368,1,LOW_CONVERGENCE,2,782,748
9213,383,0.239375,0.6079,1.94,1399.634465,3487.869452,41721.23629,10484.63838,43.0188,1391,3470,1409,3505,9.457,2.6852,20.0803,8.1747,1.2628,-849.5174,1,0,0.6575,0.4492,383,0.158673,0.156028,0.026409,1,1,,,,0,0,-0.003176,0.000196,0.001742,0.00036,0.000859,-0.009986,-0.002757,0.000209,383,1,31.5436,77.8519,0,2.710166,,,QUALIFIED,,,0.793341,,,TRUE,FALSE,CPR_ONLY,normal_low,0.166296231,,0.166296,CPR_ONLY,0,0,0,0.111448,0.061034,1,LOW_CONVERGENCE,1,786,749
5954,865,0.540625,0.5258,1.34,1048.957225,2503.687861,17116.69653,19251.56936,25.7605,1034,2482,1069,2529,6.9614,3.8458,18.5174,5.4783,2.4279,-1940.0331,1,0,1,0,865,0.231638,0.225066,0.049683,0.198844,0.198844,0.052347,0.050615,0.013476,1,1,0.004588,-0.001373,-0.002494,0.001292,-0.001105,-0.00736,-0.005094,-0.011115,865,1,33.734,87.2227,0,8.090774,,,QUALIFIED,,1.299259,,,,TRUE,TRUE,BOTH,normal_low,0.267908321,0.076009713,0.171959,BOTH,0,0,0.091097,0,0.060697,1,LOW_CONVERGENCE,1,791,750
22927,403,0.251875,0.4815,1.15,3019.354839,2371.985112,13824.12779,-30008.37097,33.0402,3007,2358,3038,2385,8.5024,4.0127,27.0277,7.6985,3.5234,-123.3142,1,0.0025,0.1857,0.3352,403,0.219732,0.213279,0.042014,1,1,0.071067,0.070416,0.008761,1,1,0.004914,-0.000164,-0.001371,0.000528,-0.002299,-0.001235,-0.006516,-0.006856,403,1,84.0064,107.1887,0,0.291548,,,QUALIFIED,,1.033374,,,,TRUE,TRUE,BOTH,normal_low,0.251327858,0.104816893,0.178072,BOTH,0,0,0.072455,0,0.060667,1,LOW_CONVERGENCE,1,792,751
6821,132,0.0825,0.5546,1.21,1152.507576,2124.893939,7646.848485,16662.81061,18.3334,1145,2119,1162,2133,4.3891,2.6982,15.0857,4.3005,1.7785,-1145.8306,1,0,0.7464,0.3656,132,0.170373,0.175036,0.036277,1,1,,,,0,0,0.014036,0.002342,0.001316,0.002444,0.000936,0.000703,-0.007751,-0.006094,132,1,53.7768,91.9349,0,4.575615,,,QUALIFIED,,0.833143,-0.857143,,,TRUE,FALSE,CPR_ONLY,normal_low,0.182589817,,0.18259,CPR_ONLY,0,0,0.058416,0,0.060619,1,LOW_CONVERGENCE,2,794,752
23663,4652,2.9075,0.462,1.12,3089.929708,1546.197979,-6820.550516,-31772.74269,32.497,3045,1500,3140,1606,8.6134,4.5257,29.1747,7.1702,3.1766,-1744.8073,1,0.0028,0.1479,0.3171,4652,0.206175,0.199919,0.043862,1,1,0.090466,0.081501,0.04234,1,1,0.002495,0.000637,-0.000988,-0.000115,-0.001424,-0.005528,-0.006847,-0.00618,4652,1,62.9466,93.772,0,4.215448,,,QUALIFIED,,0.744689,,,,TRUE,TRUE,BOTH,normal_low,0.232448188,0.134668948,0.183559,BOTH,0,0,0.052214,0,0.060289,1,LOW_CONVERGENCE,1,798,753
15703,413,0.258125,0.5074,1.68,2157.723971,1133.990315,-17125.74213,-8467.599274,19.1045,2140,1126,2177,1148,9.0242,3.1273,17.3749,8.727,2.8677,2584.7543,1,0,1,0,413,0.201079,0.193183,0.048916,0.825666,0.825666,0.049369,0.048804,0.008222,1,1,0.010207,0.005636,0.005622,0.000568,0.001969,0.002058,0.000705,0.021909,413,1,202.389,88.4478,0,16.202045,,,QUALIFIED,,0.44783,0.898968,-0.045201,,TRUE,TRUE,BOTH,normal_low,0.225351426,0.071427033,0.148389,BOTH,0,0,0.031399,0.126287,0.060285,1,LOW_CONVERGENCE,3,799,754
14960,784,0.49,0.4683,2.3,2092.756378,101.5267857,-42937.33036,-6843.409439,43.4789,2079,68,2106,130,5.477,3.1712,22.4189,4.432,1.8599,-2408.5727,1,0,1,0,784,0.244993,0.243172,0.044864,1,1,0.007935,0.007852,0.001032,0.173469,0.173469,0.006015,0.003824,0.005006,0.005009,0.005244,0.006934,0.002788,-1.40E-05,784,1,57.7818,98.3332,0,0.700446,,,QUALIFIED,,0.364256,-0.000599,-0.322273,1.005022,TRUE,TRUE,BOTH,normal_low,0.286506683,0.007666526,0.147087,BOTH,0.045274,0,0.02554,0,0.060262,1,LOW_CONVERGENCE,4,800,755
25033,713,0.445625,0.5025,1.3,3319.082749,1738.524544,-2012.386396,-37501.56872,37.556,3303,1716,3336,1759,5.3584,2.7096,18.4584,4.2054,1.8707,-1860.3748,1,0,0.9889,0.0822,713,0.215886,0.203484,0.066463,1,1,0.050344,0.04826,0.008684,1,1,0.002118,0.001139,0.002256,0.002749,0.004964,0.004224,0.003393,0.001791,713,1,64.5725,120.1906,0.249649,0,0.002071,0.00017,QUALIFIED,,0.462229,-0.218528,0.149073,0.472149,TRUE,TRUE,BOTH,normal_low,0.245971864,0.072927407,0.15945,BOTH,0.021269,0.012653,0.032409,0,0.059987,1,LOW_CONVERGENCE,4,805,756
11932,1022,0.63875,0.4005,1.32,1684.170254,3168.676125,33741.40313,3371.24364,33.9099,1660,3140,1704,3198,7.3222,4.7475,23.8625,6.0714,3.6236,-1718.8011,1,0,0.3416,0.4309,1022,0.169259,0.159589,0.044299,1,1,,,,0,0,0.002259,0.000577,-0.002069,0.000209,0.000983,0.000149,-0.002699,-0.003973,1022,1,66.0189,90.6798,0,9.167879,,,QUALIFIED,,0.744577,,,,TRUE,FALSE,CPR_ONLY,normal_low,0.181038444,,0.181038,CPR_ONLY,0,0,0.052206,0,0.059532,1,LOW_CONVERGENCE,1,815,757
12942,481,0.300625,0.5924,1.04,1799.775468,2920.972973,27548.82432,481.1133056,27.5535,1787,2910,1815,2939,6.6354,3.0611,15.9681,5.9009,2.4922,-1353.6493,1,0,0.023,0.13,481,0.193353,0.190734,0.074775,1,1,0.059926,0.057619,0.013158,1,1,0.001618,-0.001624,-0.001597,-0.00156,-0.000753,-0.001544,-0.005654,-0.007077,481,1,66.0189,90.6798,0,4.658125,,,QUALIFIED,,2.003708,,,,TRUE,TRUE,BOTH,normal_low,0.214592089,0.08767262,0.151132,BOTH,0,0,0.140489,0,0.059388,1,LOW_CONVERGENCE,1,816,758
22156,459,0.286875,0.5695,1.19,2930.204793,2406.647059,14690.67647,-27779.61983,31.4256,2914,2393,2945,2419,6.272,3.5457,18.7875,5.47,2.7943,-590.8145,1,0,1,0,459,,,,0,0,0.094412,0.09076,0.019604,1,1,0.00223,-0.002457,0.001267,0.001052,0.000869,0.001263,-0.004509,-0.00789,459,1,121.4255,96.4448,0,0.035355,,,QUALIFIED,,2.101794,0.169692,,,FALSE,TRUE,S1_ONLY,no_data,,0.140741231,0.140741,S1_ONLY,0,0,0.147367,0.023838,0.059343,1,LOW_CONVERGENCE,2,818,759
8941,913,0.570625,0.4949,1.1,1376.398686,1498.016429,-8025.089266,11065.53286,13.6685,1354,1480,1399,1521,6.7892,3.3579,22.2061,5.7102,2.3943,-1877.2225,1,0,0.1688,0.3302,913,,,,0,0,0.07695,0.071385,0.020154,1,1,0.005457,0.002538,0.004331,0.001631,0.001502,0.00039,-0.001951,-0.004581,913,1,0.5626,56.8385,0,13.339064,,,QUALIFIED,,0.534909,0.623413,0.740346,,FALSE,TRUE,S1_ONLY,no_data,,0.113869918,0.11387,S1_ONLY,0,0.06284,0.037505,0.087577,0.059237,1,LOW_CONVERGENCE,3,820,760
1345,146,0.09125,0.5407,1.2,401.7191781,2263.287671,11106.69178,35432.52055,37.1322,394,2255,409,2273,9.0936,4.0011,18.8215,7.422,1.9228,-73.8655,1,0,0.5879,0.4222,146,,,,0,0,0.106657,0.107075,0.009252,1,1,0.003104,-0.000945,0.001031,0.00089,-0.004149,-0.009724,-0.008305,-0.007406,146,1,40.2924,84.9679,0,18.532674,,,QUALIFIED,,1.304446,0.13676,,,FALSE,TRUE,S1_ONLY,no_data,,0.159584389,0.159584,S1_ONLY,0,0,0.091461,0.019212,0.058942,1,LOW_CONVERGENCE,2,827,761
6631,167,0.104375,0.6423,1.54,1136.071856,2754.305389,23382.13473,17073.70359,28.9524,1131,2745,1144,2765,5.813,1.8136,14.3168,5.1226,1.2821,-2061.0505,1,0,1,0,167,0.187257,0.18527,0.019115,1,1,0.016845,0.016904,0.001131,0.335329,0.335329,0.001686,-0.001132,0.000661,0.001554,0.001415,0.000337,-0.007334,-0.00053,167,1,33.734,87.2227,0,9.263807,,,QUALIFIED,,1.671412,,0.761837,,TRUE,TRUE,BOTH,normal_low,0.206102714,0.021377636,0.11374,BOTH,0,0.064664,0.11719,0,0.058774,1,LOW_CONVERGENCE,2,830,762
9459,707,0.441875,0.567,1.48,1425.379066,1568.934936,-6252.126591,9841.023338,11.6584,1411,1548,1440,1591,5.0142,3.0545,20.547,4.4406,2.0912,-1750.4345,1,0,0.2322,0.3746,707,,,,0,0,0.082403,0.079331,0.020938,1,1,0.010612,0.009497,0.007843,0.007649,0.014514,0.002545,0.008011,0.00398,707,1,0.5626,56.8385,0,11.204129,,,QUALIFIED,,0.10507,0.024735,0.824652,0.503183,FALSE,TRUE,S1_ONLY,no_data,,0.12226124,0.122261,S1_ONLY,0.022667,0.069996,0.007367,0.003475,0.058562,1,LOW_CONVERGENCE,4,831,763
2532,290,0.18125,0.5503,1.82,609.6137931,1329.844828,-12229.37931,30235.15517,32.6141,601,1313,618,1344,6.5035,2.8245,14.0391,6.1085,2.5686,-2747.4676,1,0,0.5862,0.468,290,0.081357,0.080193,0.012371,1,1,0.116522,0.116391,0.006839,1,1,-0.001288,0.004325,0.002548,0.00322,0.002425,-0.000933,-0.006748,0.001098,290,1,-31.9971,79.6277,0,26.36239,,,QUALIFIED,,,-0.263736,1.384742,,TRUE,TRUE,BOTH,normal_low,0.058624877,0.174765095,0.116695,BOTH,0,0.117536,0,0,0.058516,1,LOW_CONVERGENCE,2,832,764
15213,516,0.3225,0.4743,1.06,2128.899225,3444.263566,40631.08915,-7746.98062,41.3636,2111,3427,2145,3459,9.0495,4.2289,23.1316,7.083,2.6812,-838.8198,1,0,0.1147,0.2933,516,0.190668,0.191957,0.027637,1,1,0.064446,0.058986,0.015467,1,1,0.001931,-0.001517,-0.002357,0.000725,0.00066,-0.002766,-0.002746,0.002618,516,1,71.5812,82.9217,0,19.661193,,,QUALIFIED,,1.785603,,,,TRUE,TRUE,BOTH,normal_low,0.21085292,0.0946282,0.152741,BOTH,0,0,0.125197,0,0.058342,1,LOW_CONVERGENCE,1,836,765
7649,1554,0.97125,0.4246,1.02,1249.185972,1293.608752,-13135.28121,14245.85071,19.3766,1227,1266,1288,1326,6.9337,2.4434,19.1948,6.0389,1.7876,-1874.0963,1,0,0.075,0.2347,1554,,,,0,0,0.070956,0.071794,0.019851,1,1,0.000382,-0.000428,0.002913,0.00295,0.001465,-0.00086,-0.00239,-0.007065,1554,1,0.5626,56.8385,0,19.060643,,,QUALIFIED,,,-0.012702,1.587031,,FALSE,TRUE,S1_ONLY,no_data,,0.104646081,0.104646,S1_ONLY,0,0.134706,0,0,0.058335,1,LOW_CONVERGENCE,2,837,766
9718,278,0.17375,0.5419,1.42,1437.097122,2579.589928,19014.2482,9548.071942,21.2771,1424,2571,1451,2590,6.8415,3.0696,15.8832,5.5579,1.5706,-1840.4032,1,0,0.0429,0.1568,278,0.243421,0.23485,0.055128,1,1,0.026342,0.02566,0.002969,1,1,0.000241,0.000973,0.001188,0.000325,0.002379,0.002564,-0.003886,-0.001705,278,1,33.5851,91.8903,0,0.687841,,,QUALIFIED,,,0.726431,-0.077764,,TRUE,TRUE,BOTH,normal_low,0.284317494,0.035992047,0.160155,BOTH,0,0,0,0.102049,0.058251,1,LOW_CONVERGENCE,2,839,767
18970,184,0.115,0.5154,1.24,2584.173913,2415.228261,14905.20652,-19128.84783,24.251,2573,2408,2594,2425,10.819,4.9312,25.6071,9.5933,3.0861,1162.5917,1,0.0054,0.1198,0.2781,184,0.221672,0.204528,0.058345,1,1,0.015738,0.01566,0.001761,1,1,0.00065,0.000846,0.000219,-0.006183,0.00274,3.00E-05,-0.002029,-0.000689,184,1,206.9462,82.5201,0,0.98298,,,QUALIFIED,,,,0.989051,,TRUE,TRUE,BOTH,normal_low,0.254029529,0.019674134,0.136852,BOTH,0,0.08395,0,0,0.057846,1,LOW_CONVERGENCE,1,843,768
2924,318,0.19875,0.4938,1.22,654.3553459,2182.657233,9090.930818,29116.61635,30.5025,641,2172,669,2195,6.9359,3.1795,16.5242,5.6521,1.6044,-2111.0336,1,0,1,0,318,,,,0,0,0.102294,0.104809,0.014192,1,1,-0.004722,0.004967,0.00441,0.000687,0.004391,0.016213,-0.004492,0.014976,318,1,40.2924,84.9679,0,16.90416,,,QUALIFIED,,,0.844218,-2.692325,,FALSE,TRUE,S1_ONLY,no_data,,0.152870408,0.15287,S1_ONLY,0,0,0,0.118596,0.057721,1,LOW_CONVERGENCE,2,847,769
24779,1277,0.798125,0.4244,1.16,3280.032106,1768.606891,-1260.327721,-36525.30266,36.5475,3254,1746,3313,1797,6.3322,3.516,24.317,4.8048,2.0119,-1854.7563,1,0,0.9508,0.1795,1277,0.209775,0.20216,0.055308,1,1,0.051896,0.048603,0.01376,1,1,0.003731,0.000594,0.004259,0.002771,0.002553,0.007385,0.004129,0.004835,1277,1,64.5725,120.1906,0.042287,0,0.003369,0.000247,QUALIFIED,,0.840793,0.349378,-1.892675,-0.170986,TRUE,TRUE,BOTH,normal_low,0.237461599,0.075315694,0.156389,BOTH,0,0,0.058952,0.049081,0.05772,1,LOW_CONVERGENCE,4,848,770
6670,155,0.096875,0.4844,1.25,1128.63871,2567.522581,18712.56452,17259.53226,25.4569,1121,2561,1141,2577,3.8008,2.0204,9.5891,3.0076,1.0892,-2055.7388,1,0,1,0,155,0.19252,0.187329,0.023419,1,1,0.050234,0.051252,0.013563,1,1,0.009361,-0.000831,0.00203,0.001621,0.004039,0.003119,-0.016203,-0.008729,155,1,33.734,87.2227,0,7.019437,,,QUALIFIED,,1.088773,0.201478,0.227779,,TRUE,TRUE,BOTH,normal_low,0.213432042,0.072758134,0.143095,BOTH,0,0.019334,0.076339,0.028304,0.05726,1,LOW_CONVERGENCE,3,851,771
16139,461,0.288125,0.5122,1.44,2224.542299,3322.327549,37582.68872,-10138.05748,38.9267,2214,3305,2239,3341,10.1117,4.681,27.1076,8.3329,3.494,-611.9633,1,0.0022,0.0549,0.2016,461,0.203157,0.20379,0.036985,1,1,0.044184,0.042011,0.008506,1,1,0.001489,-0.001378,-0.000271,-0.001491,-0.003321,-0.007538,7.70E-05,-0.003229,461,1,71.5812,82.9217,0,18.593564,,,QUALIFIED,,1.925453,,,,TRUE,TRUE,BOTH,normal_low,0.228245278,0.063448121,0.145847,BOTH,0,0,0.135002,0,0.057254,1,LOW_CONVERGENCE,1,852,772
23144,331,0.206875,0.6269,1.09,3033.326284,2389.120846,14252.52115,-30357.6571,33.5375,3021,2380,3045,2402,8.3153,4.1984,19.8449,7.4584,3.4624,-104.943,1,0,0.5239,0.469,331,0.201224,0.200657,0.026405,1,1,0.066371,0.065358,0.008426,1,1,0.001244,-0.000279,0.000853,-0.000999,0.000633,-0.002953,-0.001688,-0.0035,331,1,84.0064,107.1887,0,0.795692,,,QUALIFIED,,1.224277,,,,TRUE,TRUE,BOTH,normal_low,0.225553355,0.097590476,0.161572,BOTH,0,0,0.08584,0,0.057056,1,LOW_CONVERGENCE,1,853,773
20807,1234,0.77125,0.389,1.17,2770.219611,1882.342788,1583.069692,-23779.99028,23.8332,2746,1859,2798,1920,7.9617,3.5089,24.8091,6.7924,2.6577,194.232,1,0,0.8861,0.2779,1234,0.190999,0.17258,0.061027,1,1,0.09444,0.090888,0.021396,1,1,0.002905,0.00117,-0.001266,-0.002405,8.90E-05,-0.003242,-0.005929,-0.003874,1234,1,147.9055,80.9548,0.212318,0,0.001164,0.000869,QUALIFIED,,0.597246,,,,TRUE,TRUE,BOTH,normal_low,0.211313876,0.140784319,0.176049,BOTH,0,0,0.041876,0,0.057002,1,LOW_CONVERGENCE,1,855,774
23400,171,0.106875,0.6287,1.06,3076.584795,1565.795322,-6330.616959,-31439.11988,32.0705,3069,1558,3085,1575,5.1924,3.4192,20.9339,4.0676,1.7298,-1772.9469,1,0,0.3268,0.4101,171,0.20066,0.19625,0.036002,1,1,0.08032,0.076386,0.012713,1,1,0.004908,0.001129,-0.002939,-0.0017,-0.002081,-3.60E-05,-0.008473,-0.004941,171,1,62.9466,93.772,0,4.941913,,,QUALIFIED,,0.769967,,,,TRUE,TRUE,BOTH,normal_low,0.224767921,0.119055826,0.171912,BOTH,0,0,0.053986,0,0.056972,1,LOW_CONVERGENCE,1,856,775
3807,273,0.170625,0.523,1.61,791.2783883,1306.556777,-12811.58059,25693.54029,28.7099,782,1294,800,1323,5.4456,3.2713,18.0147,4.4349,2.2818,-3696.7505,1,0,1,0,273,,,,0,0,0.062633,0.062834,0.005529,1,1,0.00119,-0.00359,0.003087,0.002816,-0.001742,-0.011158,-0.005529,-0.021653,273,1,-31.9971,79.6277,0,23.938424,,,QUALIFIED,,4.016807,0.087787,,,FALSE,TRUE,S1_ONLY,no_data,,0.091838274,0.091838,S1_ONLY,0,0,0.281637,0.012332,0.056948,1,LOW_CONVERGENCE,2,857,776
8109,353,0.220625,0.5094,1.57,1275.331445,1412.286119,-10168.34703,13592.21388,16.9741,1260,1402,1293,1423,4.5233,2.1737,11.3891,3.9101,1.7856,-2034.5141,1,0,0.8567,0.3141,353,,,,0,0,0.07282,0.07561,0.016039,1,1,0.000834,0.001855,0.002694,0.002615,0.002989,0.011477,0.00215,-0.001712,353,1,0.5626,56.8385,0,16.531126,,,QUALIFIED,,,0.029324,-2.839746,1.796279,FALSE,TRUE,S1_ONLY,no_data,,0.107514488,0.107514,S1_ONLY,0.080918,0,0,0.004119,0.056942,1,LOW_CONVERGENCE,3,858,777
10136,696,0.435,0.5581,1.48,1478.227011,948.2327586,-21769.68103,8519.824713,23.3768,1454,934,1497,963,10.9145,2.9038,29.1281,9.7043,2.218,-630.379,1,0.0029,0.2579,0.4052,696,,,,0,0,0.043877,0.043157,0.00756,1,1,0.002673,0.003222,0.001868,0.001493,0.002768,-0.002946,-0.003142,-0.006424,696,1,50.752,65.3557,0,15.352952,,,QUALIFIED,,-0.205387,0.200749,2.064306,,FALSE,TRUE,S1_ONLY,no_data,,0.062975695,0.062976,S1_ONLY,0,0.175217,0,0.028201,0.056756,1,LOW_CONVERGENCE,3,863,778
8600,2700,1.6875,0.5,1.04,1355.879259,1638.060741,-4523.981481,11578.51852,12.4303,1322,1600,1394,1675,6.7119,3.1596,29.775,5.5747,1.8939,-1752.6835,1,0.0019,0.0683,0.2217,2700,,,,0,0,0.068036,0.065281,0.018292,1,1,0.011868,0.004912,0.006391,0.004501,0.006545,-0.00042,0.000268,0.002016,2700,1,85.0522,75.7671,0,9.961175,,,QUALIFIED,,0.586114,0.295728,1.064171,,FALSE,TRUE,S1_ONLY,no_data,,0.100152653,0.100153,S1_ONLY,0,0.090326,0.041095,0.041544,0.056375,1,LOW_CONVERGENCE,3,866,779
3253,370,0.23125,0.4907,1.12,710.5405405,1454.875676,-9103.608108,27711.98649,29.1684,700,1440,726,1469,6.9695,2.9422,20.3008,5.9835,1.804,-3497.0121,1,0,1,0,370,0.182847,0.173548,0.040452,1,1,0.083934,0.089008,0.025759,1,1,0.002078,0.004757,0.005819,0.002832,0.005208,0.016345,0.003452,0.009915,370,1,-31.9971,79.6277,0,22.293567,,,QUALIFIED,,-1.28922,0.513318,-2.138441,-1.872248,TRUE,TRUE,BOTH,normal_low,0.199961285,0.124617212,0.162289,BOTH,0,0,0,0.072111,0.055898,1,LOW_CONVERGENCE,4,872,780
18141,131,0.081875,0.5038,1.54,2495.396947,2717.198473,22454.46183,-16909.42366,28.11,2487,2712,2507,2725,5.7676,2.3005,12.1604,4.9435,1.5848,2267.0702,1,0,0.0437,0.1692,131,,,,0,0,0.07976,0.070169,0.020626,1,1,-0.001289,0.000639,0.001647,-0.000749,-0.001752,-3.80E-05,-0.00241,-0.00278,131,1,206.9462,82.5201,0,7.233689,,,QUALIFIED,,,1.454766,,,FALSE,TRUE,S1_ONLY,no_data,,0.118194073,0.118194,S1_ONLY,0,0,0,0.204365,0.055895,1,LOW_CONVERGENCE,1,873,781
23080,1313,0.820625,0.5761,1.23,3036.439452,1420.712871,-9957.678218,-30435.48629,32.0233,3013,1394,3056,1447,9.3696,4.5662,27.8563,7.9309,2.7518,-1246.4591,1,0.0076,0.0259,0.1311,1313,0.173801,0.169943,0.032484,1,1,0.084975,0.082337,0.012521,1,1,0.013481,0.002791,0.004617,0.004785,0.006282,0.005577,0.004982,0.004531,1313,1,62.9466,93.772,0,8.246211,,,QUALIFIED,,0.792968,-0.036387,0.112225,0.090526,TRUE,TRUE,BOTH,normal_low,0.187363698,0.12621915,0.156791,BOTH,0.004078,0.009526,0.055599,0,0.055726,1,LOW_CONVERGENCE,4,878,782
23756,204,0.1275,0.6,1.18,3125.833333,1605.504902,-5337.877451,-32670.33333,33.1039,3117,1595,3134,1615,5.7807,3.5072,21.386,5.0958,2.865,-1815.4384,1,0,0.6867,0.396,204,,,,0,0,0.10716,0.099518,0.022891,1,1,0.001348,-6.90E-05,0.000273,-0.000541,-0.001171,-0.002029,-0.002735,-0.002113,204,1,73.237,102.5391,0,3.530227,,,QUALIFIED,,1.051187,,,,FALSE,TRUE,S1_ONLY,no_data,,0.160358428,0.160358,S1_ONLY,0,0,0.073704,0,0.055478,1,LOW_CONVERGENCE,1,884,783
25824,422,0.26375,0.4851,1.03,3486.902844,1854.876777,896.4194313,-41697.07109,41.7072,3473,1843,3503,1872,8.8092,3.6039,19.9673,7.6464,2.7881,-1861.0182,1,0,1,0,422,0.192218,0.185152,0.037204,1,1,0.062371,0.053476,0.026064,1,1,-0.001372,-0.000606,0.001595,0.000524,-0.000591,-6.50E-05,-0.004164,-0.006077,422,1,64.5725,120.1906,0.094787,0,0.002665,0.000564,QUALIFIED,,,0.671473,,,TRUE,TRUE,BOTH,normal_low,0.213011472,0.091435096,0.152223,BOTH,0,0,0,0.094328,0.0551,1,LOW_CONVERGENCE,1,891,784
22319,571,0.356875,0.3884,1.63,2931.406305,2418.105079,14977.12697,-27809.65762,31.5869,2905,2400,2954,2430,6.9256,3.4745,22.3813,5.4174,1.9144,-598.5297,1,0,1,0,571,0.231702,0.233515,0.009714,0.015762,0.015762,0.089407,0.08392,0.019812,1,1,0.001036,-0.001194,0.000637,0.000287,0.000629,0.000416,-0.004292,-0.004454,571,1,121.4255,96.4448,0,0.325,,,QUALIFIED,,2.15251,,,,FALSE,TRUE,S1_ONLY,normal_low,,0.133039311,0.133039,S1_ONLY,0,0,0.150922,0,0.055004,1,LOW_CONVERGENCE,1,893,785
24758,802,0.50125,0.5141,1.03,3283.154613,1805.733167,-332.1708229,-36603.36534,36.6054,3262,1786,3302,1825,5.8675,3.792,24.8207,4.7527,2.1743,-1835.1017,1,0,0.9602,0.157,802,0.186654,0.185305,0.040062,1,1,0.061212,0.059838,0.013744,1,1,0.002747,0.000325,0.001653,0.001124,0.001556,0.003168,0.002205,0.002303,662,0.8254,64.5725,120.1906,0.026185,0,0.003685,0.0002,QUALIFIED,,0.881689,0.320024,-1.03599,-0.044444,TRUE,TRUE,BOTH,normal_low,0.205262967,0.089651575,0.147457,BOTH,0,0,0.061819,0.044957,0.054915,1,LOW_CONVERGENCE,4,895,786
7776,992,0.62,0.5135,1.1,1262.78629,1460.717742,-8957.556452,13905.84274,16.5405,1243,1436,1285,1482,4.9972,3.0576,18.8661,3.9997,2.0154,-2060.9691,1,0,0.4279,0.4288,992,,,,0,0,0.056434,0.054735,0.011129,0.767137,0.767137,-0.001158,0.00026,0.000996,0.002735,0.002923,0.003021,0.001387,-0.001715,992,1,0.5626,56.8385,0,15.177656,,,QUALIFIED,,,,-0.033527,2.236482,FALSE,TRUE,S1_ONLY,no_data,,0.082298973,0.082299,S1_ONLY,0.100748,0,0,0,0.054914,1,LOW_CONVERGENCE,2,896,787
3039,339,0.211875,0.452,1.2,674.3480826,2160.020649,8525.016224,28616.79794,29.8593,661,2148,686,2178,6.1812,3.9173,19.8578,5.1775,2.9457,-2133.0041,1,0,1,0,339,,,,0,0,0.093843,0.084228,0.021796,1,1,2.00E-06,0.001078,0.00197,0.000156,0.002662,0.006142,-0.016833,0.006024,339,1,40.2924,84.9679,0,16.490944,,,QUALIFIED,,,0.920812,-1.307288,,FALSE,TRUE,S1_ONLY,no_data,,0.139865628,0.139866,S1_ONLY,0,0,0,0.129356,0.054895,1,LOW_CONVERGENCE,2,897,788
21423,1032,0.645,0.3468,1.29,2856.527132,2418.508721,14987.21802,-25937.67829,29.957,2837,2391,2885,2453,9.4299,4.9411,25.9077,7.5849,3.342,-568.579,1,0.0019,0.9438,0.2116,1032,,,,0,0,0.096445,0.081858,0.043522,1,1,0.001377,-0.000906,-0.001905,-0.004208,1.40E-05,-0.002549,-0.003418,-0.006114,1032,1,121.4255,96.4448,0.327519,0,0.000596,0.000475,QUALIFIED,,1.657952,,,,FALSE,TRUE,S1_ONLY,no_data,,0.143869703,0.14387,S1_ONLY,0,0,0.116247,0,0.054786,1,LOW_CONVERGENCE,1,899,789
18583,216,0.135,0.4898,1,2549.393519,2509.615741,17264.89352,-18259.33796,25.13,2539,2500,2560,2521,5.6597,3.994,21.4888,4.0796,1.6791,1728.9902,1,0,0.22,0.3512,216,0.20129,0.200116,0.036658,1,1,0.05982,0.060041,0.010394,1,1,-0.000348,0.00179,0.001961,0.00088,0.003238,0.008795,-0.004405,0.00768,216,1,206.9462,82.5201,0,3.045181,,,QUALIFIED,,,0.551249,-1.716183,,TRUE,TRUE,BOTH,normal_low,0.225645268,0.087509502,0.156577,BOTH,0,0,0,0.077439,0.054717,1,LOW_CONVERGENCE,2,901,790
10169,150,0.09375,0.6787,1.31,1482.733333,2636.733333,20442.83333,8407.166667,22.1043,1474,2630,1491,2643,5.6973,2.3703,12.0974,4.5953,1.2765,-1729.0155,1,0,0.0064,0.0506,150,0.204955,0.198827,0.037597,1,1,0.020373,0.019942,0.001797,0.6,0.6,0.010181,0.005922,0.006284,0.006885,0.006975,0.008118,0.010365,0.000535,150,1,33.5851,91.8903,0,0.57717,,,QUALIFIED,,0.418328,-0.09564,-0.163871,0.948384,TRUE,TRUE,BOTH,normal_low,0.230749199,0.026806681,0.128778,BOTH,0.042722,0,0.029331,0,0.054383,1,LOW_CONVERGENCE,4,907,791
12157,1408,0.88,0.2922,1.3,1697.825284,2967.179688,28703.99219,3029.867898,28.8639,1669,2923,1730,3002,8.4141,3.9573,26.5389,7.0358,3.2127,-1746.654,1,0.0036,0.0102,0.0722,1408,,,,0,0,0.053171,0.047691,0.019104,0.409091,0.409091,0.002863,0.002408,0.00157,7.70E-05,0.001324,2.70E-05,-0.002619,-5.10E-05,1316,0.9347,66.0189,90.6798,0,4.234162,,,QUALIFIED,,0.158924,0.950955,0.979607,,FALSE,TRUE,S1_ONLY,no_data,,0.077277722,0.077278,S1_ONLY,0,0.083148,0.011143,0.13359,0.054286,1,LOW_CONVERGENCE,3,908,792
9206,638,0.39875,0.6224,1.64,1396.123824,1515.869906,-7578.752351,10572.40439,13.0075,1384,1496,1409,1537,5.9137,2.6821,19.5673,4.9533,1.936,-1834.5245,1,0,0.3422,0.4481,638,,,,0,0,0.078528,0.078541,0.014151,1,1,0.007406,0.002359,0.004962,0.003796,0.003497,0.001166,1.00E-05,-0.003206,638,1,0.5626,56.8385,0,12.790548,,,QUALIFIED,,0.681474,0.234986,0.666571,,FALSE,TRUE,S1_ONLY,no_data,,0.116298216,0.116298,S1_ONLY,0,0.056578,0.047781,0.033011,0.054284,1,LOW_CONVERGENCE,3,909,793
9018,500,0.3125,0.3918,1.52,1376.792,897.924,-23027.4,11055.7,25.5432,1362,873,1391,917,7.3753,4.3462,26.9709,6.8923,2.4401,-960.6938,1,0.008,0.0496,0.1919,500,,,,0,0,0.048539,0.046441,0.013318,1,1,0.000533,-0.000284,0.001242,0.001601,0.006908,-0.006407,-0.003082,-0.002234,500,1,50.752,65.3557,0,14.483309,,,QUALIFIED,,,-0.28905,1.927475,,FALSE,TRUE,S1_ONLY,no_data,,0.070149791,0.07015,S1_ONLY,0,0.163603,0,0,0.053766,1,LOW_CONVERGENCE,2,918,794
10771,423,0.264375,0.4976,1.36,1531.501182,3568.567376,43738.6844,7187.970449,44.3258,1519,3548,1544,3582,9.4867,3.9952,26.9059,7.733,2.4849,-1191.5164,1,0.0024,0.0485,0.1816,423,0.147675,0.146961,0.019591,1,1,,,,0,0,0.001881,-0.000346,-5.00E-06,0.000167,0.000334,-0.00963,-0.016491,-0.023601,423,1,31.5436,77.8519,0,6.59095,,,QUALIFIED,,1.183945,,,,TRUE,FALSE,CPR_ONLY,normal_low,0.150980261,,0.15098,CPR_ONLY,0,0,0.083012,0,0.053595,1,LOW_CONVERGENCE,1,922,795
25016,196,0.1225,0.4949,1.22,3320.311224,1756.709184,-1557.770408,-37532.28061,37.5651,3313,1745,3331,1767,5.1005,2.8098,12.9946,4.1829,1.7722,-1856.7692,1,0,0.9924,0.0716,196,0.173035,0.169316,0.03232,1,1,0.053424,0.052169,0.007339,1,1,0.001584,0.000231,0.00109,0.002042,0.003282,0.001748,0.002305,0.004205,196,1,64.5725,120.1906,0.020408,0,0.003435,0.000374,QUALIFIED,,0.854167,-0.873394,0.467398,-0.824295,TRUE,TRUE,BOTH,normal_low,0.186296955,0.077667049,0.131982,BOTH,0,0.039672,0.05989,0,0.053518,1,LOW_CONVERGENCE,4,925,796
8904,452,0.2825,0.5113,1.31,1366.971239,1760.252212,-1469.19469,11301.21903,11.3958,1350,1747,1384,1773,10.9174,3.9263,20.5926,9.8058,2.9707,-1323.8019,1,0,0.0095,0.0822,452,,,,0,0,0.072236,0.070059,0.01879,1,1,0.006289,0.003553,0.003814,0.001914,0.003766,0.001339,-0.00073,-0.001748,452,1,85.0522,75.7671,0,7.483524,,,QUALIFIED,,0.435045,0.498165,0.64445,,FALSE,TRUE,S1_ONLY,no_data,,0.106615803,0.106616,S1_ONLY,0,0.0547,0.030503,0.069982,0.052973,1,LOW_CONVERGENCE,3,926,797
15326,292,0.1825,0.5771,1.05,2133.578767,100.489726,-42963.25685,-7863.969178,43.6766,2123,90,2145,113,3.6294,2.0477,10.9774,2.8375,1.138,-2428.6281,1,0,1,0,292,0.191246,0.18486,0.033324,1,1,0.00737,0.007367,0.000652,0.342466,0.342466,0.000568,0.003156,0.002718,0.004075,0.006266,-0.00117,0.001785,0.009576,292,1,57.7818,98.3332,0,1.616516,,,QUALIFIED,,,-0.499264,1.186722,-4.364706,TRUE,TRUE,BOTH,normal_low,0.211657851,0.006797079,0.109227,BOTH,0,0.100728,0,0,0.052914,1,LOW_CONVERGENCE,3,927,798
1320,239,0.149375,0.4918,1.5,386.376569,2111.857741,7320.943515,35816.08577,36.5563,371,2104,398,2122,9.4385,3.5627,20.3671,8.808,3.229,-594.7406,1,0,0.9446,0.2059,239,0.144669,0.142272,0.059105,0.983264,0.983264,0.100587,0.100046,0.007233,1,1,0.004694,-0.000367,-0.000438,-0.000647,-0.001485,-0.003505,-0.004829,-0.003486,239,1,67.2511,77.9602,0,22.312903,,,QUALIFIED,,1.078185,,,,TRUE,TRUE,BOTH,normal_low,0.146794063,0.150243599,0.148519,BOTH,0,0,0.075597,0,0.052115,1,LOW_CONVERGENCE,1,938,799
12423,253,0.158125,0.575,1.1,1726.798419,3144.972332,33148.8083,2305.539526,33.2294,1718,3135,1738,3157,9.364,2.3393,15.86,8.4887,1.7305,-1579.836,1,0,0.0112,0.0855,253,0.142674,0.13047,0.055068,1,1,,,,0,0,0.001182,-0.000302,-0.000896,-0.000822,-0.002112,-0.000163,-0.006356,-0.002837,253,1,66.0189,90.6798,0,9.403623,,,QUALIFIED,,1.255499,,,,TRUE,FALSE,CPR_ONLY,normal_low,0.144015798,,0.144016,CPR_ONLY,0,0,0.088029,0,0.052008,1,LOW_CONVERGENCE,1,940,800
16403,576,0.36,0.6019,1.14,2275.494792,3513.050347,42350.75868,-11411.86979,43.862,2260,3498,2293,3527,6.1006,3.4858,22.7816,4.8229,2.2397,-929.9383,1,0,0.1944,0.3487,576,0.201408,0.196973,0.040727,0.611111,0.611111,0.040577,0.037343,0.012653,1,1,0.001693,-0.000519,0.000985,0.00096,-0.003464,-0.007469,-0.009873,-0.009124,576,1,71.5812,82.9217,0,23.347511,,,QUALIFIED,,1.306556,,,,TRUE,TRUE,BOTH,normal_low,0.225809596,0.057897507,0.141854,BOTH,0,0,0.091609,0,0.051717,1,LOW_CONVERGENCE,1,944,801
23824,345,0.215625,0.6319,1.24,3141.202899,1693.397101,-3140.572464,-33054.57246,33.2039,3132,1681,3153,1707,4.4666,2.8961,16.6439,3.2623,1.4658,-1825.5484,1,0,0.7754,0.3647,345,,,,0,0,0.060935,0.064277,0.013329,1,1,0.002742,0.004663,0.004319,0.003715,0.007313,0.000416,0.004911,0.002441,345,1,73.237,102.5391,0,1.252248,,,QUALIFIED,,-0.700584,0.139847,0.943115,0.502953,FALSE,TRUE,S1_ONLY,no_data,,0.089225315,0.089225,S1_ONLY,0.022657,0.080051,0,0.019646,0.051539,1,LOW_CONVERGENCE,4,949,802
8966,445,0.278125,0.5298,1.07,1380.283146,1655.017978,-4100.050562,10968.42135,11.709,1366,1643,1396,1671,9.1409,4.4263,22.3635,7.1107,3.0338,-1701.6684,1,0,0.2654,0.4093,445,,,,0,0,0.068561,0.065641,0.017989,1,1,0.012548,0.006124,0.007507,0.005211,0.00575,0.004678,0.005098,0.001318,445,1,85.0522,75.7671,0,9.866357,,,QUALIFIED,,0.511954,0.305848,0.186435,0.741467,FALSE,TRUE,S1_ONLY,no_data,,0.100960547,0.100961,S1_ONLY,0.033401,0.015824,0.035895,0.042966,0.051359,1,LOW_CONVERGENCE,4,955,803
3120,174,0.10875,0.6021,1,686.2586207,2078.33908,6482.977011,28319.03448,29.0512,677,2071,694,2088,5.9492,4.4234,22.2886,4.2163,1.9261,-2187.4699,1,0,1,0,174,,,,0,0,0.061288,0.061849,0.004205,1,1,9.90E-05,-0.00096,0.002993,0.000239,0.0039,0.001314,-0.005396,0.003364,174,1,40.2924,84.9679,0,16.301265,,,QUALIFIED,,,0.920147,0.663077,,FALSE,TRUE,S1_ONLY,no_data,,0.089768527,0.089769,S1_ONLY,0,0.056282,0,0.129262,0.051113,1,LOW_CONVERGENCE,2,957,804
23664,1021,0.638125,0.557,1.21,3116.467189,1776.880509,-1053.487267,-32436.17973,32.4538,3097,1756,3136,1803,5.1477,2.8923,18.6571,4.2033,1.9347,-1801.0314,1,0,0.1646,0.3321,1021,,,,0,0,0.066231,0.063865,0.014617,1,1,0.00144,0.002779,0.002342,0.001867,0.002989,-0.000326,-0.001879,-0.006351,1021,1,73.237,102.5391,0.000979,0,0.003652,0.000952,QUALIFIED,,-0.929861,0.202818,1.109067,,FALSE,TRUE,S1_ONLY,no_data,,0.097375038,0.097375,S1_ONLY,0,0.094137,0,0.028492,0.050889,1,LOW_CONVERGENCE,3,961,805
21695,132,0.0825,0.5546,1.21,2877.742424,2452.378788,15833.9697,-26468.06061,30.8434,2871,2446,2888,2460,4.7277,2.243,11.0858,4.0357,1.2009,-575.8455,1,0,1,0,132,,,,0,0,0.059612,0.055935,0.010675,1,1,0.000963,0.002135,-0.000498,-0.007637,0.003643,-0.001661,-0.002035,-0.005194,132,1,121.4255,96.4448,0,0.97788,,,QUALIFIED,,,,1.455943,,FALSE,TRUE,S1_ONLY,no_data,,0.087189423,0.087189,S1_ONLY,0,0.123579,0,0,0.050872,1,LOW_CONVERGENCE,1,962,806
9074,254,0.15875,0.5976,1.47,1377.472441,1732.133858,-2172.153543,11038.68898,11.2498,1364,1724,1389,1741,11.2974,3.5675,21.4275,9.9706,2.9298,-1446.9706,1,0,0.4013,0.4722,254,,,,0,0,0.088511,0.080058,0.031605,1,1,0.010387,0.002258,0.00171,0.001037,0.00243,0.004091,-0.000865,-0.0045,254,1,85.0522,75.7671,0,8.143249,,,QUALIFIED,,0.782613,0.393567,-0.683539,,FALSE,TRUE,S1_ONLY,no_data,,0.131660506,0.131661,S1_ONLY,0,0,0.054873,0.055288,0.050514,1,LOW_CONVERGENCE,3,966,807
2380,139,0.086875,0.4877,1.27,589.9568345,2174.179856,8878.996403,30726.57914,31.9834,583,2163,598,2182,4.6122,2.0688,12.1011,3.8638,1.0918,-2076.663,1,0,1,0,139,,,,0,0,0.094148,0.090835,0.013396,1,1,0.000275,0.003287,0.003639,0.001493,-0.001596,-0.004238,-0.003981,-0.006266,139,1,40.2924,84.9679,0,18.677828,,,QUALIFIED,,,0.589722,,,FALSE,TRUE,S1_ONLY,no_data,,0.140334976,0.140335,S1_ONLY,0,0,0,0.082844,0.050385,1,LOW_CONVERGENCE,1,967,808
24124,525,0.328125,0.4972,1.03,3197.552381,1765.849524,-1329.261905,-34463.30952,34.4894,3183,1751,3216,1783,5.9978,2.9036,16.2619,5.0835,1.958,-1818.9112,1,0,0.6508,0.4147,525,,,,0,0,0.046343,0.042939,0.01155,1,1,0.001276,0.002276,0.00209,0.001966,0.004529,-0.00211,0.003249,0.002155,525,1,73.237,102.5391,0.04381,0,0.003052,0.000545,QUALIFIED,,-0.783699,0.05933,1.465887,0.336719,FALSE,TRUE,S1_ONLY,no_data,,0.066770487,0.06677,S1_ONLY,0.015168,0.124424,0,0.008335,0.0503,1,LOW_CONVERGENCE,4,968,809
24529,188,0.1175,0.5266,1.24,3252.388298,1702.989362,-2900.765957,-35834.20745,35.9519,3245,1692,3262,1713,5.3276,2.6444,13.9529,3.7881,1.4529,-1849.2849,1,0,1,0,188,,,,0,0,0.035067,0.032525,0.007489,1,1,0.001439,0.004076,0.001052,0.001987,0.005342,0.003903,0.004334,-0.005523,188,1,64.5725,120.1906,0,0.548862,,,QUALIFIED,,-1.832523,-0.888783,0.269375,2.274342,FALSE,TRUE,S1_ONLY,no_data,,0.04941847,0.049418,S1_ONLY,0.102453,0.022864,0,0,0.050134,1,LOW_CONVERGENCE,4,971,810
23916,143,0.089375,0.3972,1.11,3161.412587,1813.825175,-129.8706294,-33559.81469,33.5606,3153,1803,3171,1823,2.792,1.9327,10.3423,2.3028,1.0013,-1786.6926,1,0,0.518,0.3865,143,,,,0,0,0.077042,0.074348,0.011033,1,1,-0.00167,0.002101,0.004084,-0.000534,-0.000953,-0.003569,-0.005553,-0.000673,64,0.4476,73.237,102.5391,0,0.055902,0.004465,0.003506,QUALIFIED,,,1.130754,,,FALSE,TRUE,S1_ONLY,no_data,,0.114011492,0.114011,S1_ONLY,0,0,0,0.158848,0.050088,1,LOW_CONVERGENCE,1,973,811
2986,224,0.14,0.5359,1.16,668.8526786,2143.089286,8101.732143,28754.18304,29.8734,659,2132,681,2151,7.3473,4.0089,19.096,5.8578,2.0712,-2154.2193,1,0,1,0,224,,,,0,0,0.080562,0.080508,0.009227,1,1,-0.001119,0.002949,0.004015,4.60E-05,0.003461,0.015725,-0.042494,0.002315,224,1,40.2924,84.9679,0,16.611762,,,QUALIFIED,,,0.988543,-3.543485,,FALSE,TRUE,S1_ONLY,no_data,,0.119428227,0.119428,S1_ONLY,0,0,0,0.13887,0.049715,1,LOW_CONVERGENCE,2,976,812
9809,461,0.288125,0.4657,1.1,1443.889371,1618.442516,-5014.437093,9378.265727,10.634,1429,1603,1459,1636,8.3574,3.5259,18.3198,7.0092,2.0372,-1643.7509,1,0,0.0351,0.146,461,,,,0,0,0.077199,0.075909,0.015648,1,1,0.008741,0.005714,0.005965,0.005145,0.005141,0.005093,0.004546,0.000921,461,1,85.0522,75.7671,0,10.066187,,,QUALIFIED,,0.346299,0.137469,0.009337,0.797404,FALSE,TRUE,S1_ONLY,no_data,,0.114253091,0.114253,S1_ONLY,0.035921,0.000793,0.024281,0.019312,0.04957,1,LOW_CONVERGENCE,4,978,813
3509,622,0.38875,0.2945,1.09,741.7877814,2294.019293,11874.98232,26930.80547,29.4324,717,2269,761,2317,6.3068,3.6464,20.8938,4.7394,2.1583,-2151.3833,1,0,1,0,622,,,,0,0,0.051054,0.050902,0.012819,1,1,0.002951,0.002196,0.002843,0.002269,0.004153,-0.001392,-0.005619,-0.004376,622,1,40.2924,84.9679,0,14.776713,,,QUALIFIED,,0.255845,0.201899,1.335179,,FALSE,TRUE,S1_ONLY,no_data,,0.074019987,0.07402,S1_ONLY,0,0.113329,0.017938,0.028363,0.049502,1,LOW_CONVERGENCE,3,979,814
21021,878,0.54875,0.4695,1.62,2804.417995,1864.013667,1124.841686,-24634.94989,24.6611,2787,1839,2821,1894,5.9778,2.7874,17.4596,5.1377,1.9154,211.0032,1,0,0.2294,0.373,878,0.165006,0.152367,0.047637,1,1,0.063478,0.060091,0.018378,1,1,0.002147,-0.000601,0.000351,0.000601,-0.002501,-0.004767,-0.007957,-0.010464,878,1,73.237,102.5391,0,0.459619,,,QUALIFIED,,1.279925,,,,TRUE,TRUE,BOTH,normal_low,0.175115657,0.093138598,0.134127,BOTH,0,0,0.089741,0,0.049212,1,LOW_CONVERGENCE,1,980,815
13011,262,0.16375,0.6238,1.05,1807.790076,317.8587786,-37529.03053,280.7480916,37.5296,1798,307,1819,327,6.6001,4.4335,22.3119,6.4885,3.6379,-1790.4692,1,0,0.8176,0.3506,262,0.171952,0.1648,0.04022,1,1,0.044962,0.043532,0.008068,1,1,0.006354,0.008035,0.006993,0.007473,0.010122,0.007098,0.009526,0.004829,262,1,35.5577,101.3636,0,2.486966,,,QUALIFIED,,-0.264558,-0.06864,0.298755,0.493072,TRUE,TRUE,BOTH,normal_low,0.184788754,0.064645342,0.124717,BOTH,0.022212,0.025358,0,0,0.04915,1,LOW_CONVERGENCE,4,981,816
9358,144,0.09,0.5294,1.06,1403.125,568.2013889,-31270.46528,10397.375,32.9531,1396,559,1412,576,7.8123,3.3542,16.0811,6.557,2.5831,1717.5142,1,0,0.0192,0.0961,144,,,,0,0,0.071989,0.067572,0.013802,1,1,0.012664,0.007778,0.006887,0.01113,0.018928,0.013189,0.015252,0.004631,144,1,162.995,83.983,0,7.037844,,,QUALIFIED,,0.385818,-0.616088,0.303202,0.696368,FALSE,TRUE,S1_ONLY,no_data,,0.106235708,0.106236,S1_ONLY,0.03137,0.025736,0.027051,0,0.049134,1,LOW_CONVERGENCE,4,982,817
122,299,0.186875,0.6229,1.2,64.15719064,1590.598662,-5710.533445,43871.57023,44.2411,54,1580,74,1604,5.4274,3.527,21.3257,4.3964,3.2161,-3891.8919,1,0,1,0,299,,,,0,0,0.050387,0.049187,0.005604,1,1,0.002189,0.005352,-0.001601,0.001094,-0.000441,-0.005311,0.001054,-0.001052,299,1,-34.341,89.0052,0,34.289074,,,QUALIFIED,,-1.444952,,,1.998102,FALSE,TRUE,S1_ONLY,no_data,,0.072993577,0.072994,S1_ONLY,0.090009,0,0,0,0.048901,1,LOW_CONVERGENCE,2,986,818
10444,361,0.225625,0.5785,1.08,1515.567867,1052.404432,-19165.3892,7586.303324,20.6116,1504,1040,1528,1066,8.3723,2.571,16.3916,7.1682,1.574,-971.2177,1,0,0.0811,0.234,361,,,,0,0,0.050693,0.049215,0.008213,1,1,0.002777,0.003366,0.001505,-0.001341,-0.001671,-0.000744,-0.006481,-0.006742,361,1,50.752,65.3557,0,17.927911,,,QUALIFIED,,-0.212099,1.89103,,,FALSE,TRUE,S1_ONLY,no_data,,0.073464463,0.073464,S1_ONLY,0,0,0,0.265652,0.048604,1,LOW_CONVERGENCE,2,990,819
5167,190,0.11875,0.5938,1.25,958.1736842,2587.689474,19216.73684,21521.15789,28.8521,949,2581,969,2597,6.9887,4.2836,22.6512,5.2806,2.5205,-1541.241,1,0,1,0,190,,,,0,0,0.041205,0.041087,0.004914,1,1,0.000936,0.00073,0.004007,-0.000868,0.004536,0.000857,-0.001149,0.006679,190,1,33.734,87.2227,0,11.225445,,,QUALIFIED,,,1.216621,0.811067,,FALSE,TRUE,S1_ONLY,no_data,,0.058863901,0.058864,S1_ONLY,0,0.068843,0,0.170911,0.048519,1,LOW_CONVERGENCE,2,992,820
8878,147,0.091875,0.5742,1,1363.034014,1560.598639,-6460.534014,11399.64966,13.1024,1354,1554,1370,1570,4.1163,2.701,15.3016,3.5308,1.3755,-1858.3219,1,0,0.262,0.3744,147,,,,0,0,0.0642,0.065525,0.005589,1,1,0.016763,0.006755,0.00706,0.006049,0.009566,0.001826,-0.001691,-0.004469,147,1,0.5626,56.8385,0,12.350152,,,QUALIFIED,,0.597029,0.143201,0.809116,,FALSE,TRUE,S1_ONLY,no_data,,0.094249644,0.09425,S1_ONLY,0,0.068677,0.04186,0.020117,0.048208,1,LOW_CONVERGENCE,3,999,821
9130,378,0.23625,0.5833,1.12,1393.399471,1959.272487,3506.312169,10640.51323,11.203,1381,1949,1408,1973,7.2246,2.9942,15.7176,6.1527,1.6264,-128.2422,1,0,0.0495,0.1835,378,,,,0,0,0.049852,0.046649,0.010988,1,1,0.011765,0.008251,0.006919,0.008112,0.013908,0.004741,0.009298,0.000461,378,1,85.0522,75.7671,0,2.65059,,,QUALIFIED,,0.298683,-0.172424,0.659117,0.950419,FALSE,TRUE,S1_ONLY,no_data,,0.072170295,0.07217,S1_ONLY,0.042814,0.055945,0.020942,0,0.047778,1,LOW_CONVERGENCE,4,1005,822
12012,887,0.554375,0.3051,1.12,1689.045096,2932.257046,27830.92616,3249.372604,28.0204,1662,2904,1713,2961,6.7076,3.9629,20.065,5.7001,3.0109,-1786.1453,1,0,0.061,0.1993,887,,,,0,0,0.05583,0.054755,0.011567,0.412627,0.412627,0.0047,0.005825,0.005026,0.002534,0.004215,0.000273,-0.001269,-0.003739,887,1,66.0189,90.6798,0,3.585126,,,QUALIFIED,,-0.239362,0.495822,0.935231,,FALSE,TRUE,S1_ONLY,no_data,,0.081369511,0.08137,S1_ONLY,0,0.079382,0,0.069653,0.047253,1,LOW_CONVERGENCE,3,1016,823
23915,129,0.080625,0.6719,1.33,3158.72093,1806.387597,-315.8100775,-33492.52326,33.4945,3151,1801,3167,1813,4.005,2.0453,11.9082,3.1147,1.2169,-1792.334,1,0,0.8012,0.3134,129,,,,0,0,0.069659,0.069608,0.005179,1,1,-0.001376,0.00319,0.002445,-0.000382,-0.001479,-0.002903,-0.005619,-8.70E-05,129,1,73.237,102.5391,0,0.05,0.003571,0.001275,QUALIFIED,,,1.156237,,,FALSE,TRUE,S1_ONLY,no_data,,0.102650199,0.10265,S1_ONLY,0,0,0,0.162428,0.047038,1,LOW_CONVERGENCE,1,1023,824
21159,140,0.0875,0.5128,1.62,2818.692857,1551.828571,-6679.785714,-24991.82143,25.8695,2809,1547,2830,1560,8.0202,4.2697,26.0106,7.8739,3.0098,-57.928,1,0.0071,0.036,0.1688,140,0.177866,0.172494,0.035628,1,1,0.054934,0.051789,0.007652,1,1,0.001511,0.000398,8.10E-05,0.001453,-0.000624,-0.002611,-0.006326,-0.006602,140,1,62.9466,93.772,0,6.367152,,,QUALIFIED,,0.736598,,,,TRUE,TRUE,BOTH,normal_low,0.193024674,0.079990705,0.136508,BOTH,0,0,0.051646,0,0.046117,1,LOW_CONVERGENCE,1,1035,825
5118,556,0.3475,0.4916,1.34,954.8111511,2531.008993,17799.72482,21605.22122,27.9931,933,2517,972,2546,9.125,3.2423,17.8217,7.9077,2.468,-1498.9736,1,0,0.9939,0.0618,556,,,,0,0,0.059546,0.058668,0.01374,1,1,-3.80E-05,-0.001568,0.000506,-0.000354,0.002093,-0.000354,-0.005158,-0.000326,556,1,33.734,87.2227,0,10.680385,,,QUALIFIED,,,,1.169135,,FALSE,TRUE,S1_ONLY,no_data,,0.087087859,0.087088,S1_ONLY,0,0.099235,0,0,0.045973,1,LOW_CONVERGENCE,1,1037,826
23583,337,0.210625,0.4814,1.12,3103.406528,1466.210682,-8820.232938,-32109.6632,33.2994,3090,1454,3118,1479,5.193,2.4341,13.0121,4.7289,1.6189,-1490.8045,1,0,0.1002,0.2408,337,0.153775,0.15445,0.035377,1,1,0.076012,0.070492,0.024286,1,1,0.006401,0.002028,-0.001013,-0.000106,0.000536,-0.005244,-0.003861,-0.002617,337,1,62.9466,93.772,0,6.997321,,,QUALIFIED,,0.683175,,,,TRUE,TRUE,BOTH,normal_low,0.159475207,0.112426482,0.135951,BOTH,0,0,0.047901,0,0.045575,1,LOW_CONVERGENCE,1,1044,827
15739,182,0.11375,0.6319,1.12,2176.78022,75.68131868,-43583.46703,-8944.005495,44.4913,2167,68,2185,84,3.8157,2.4506,13.1832,3.5352,1.943,-2395.1749,1,0,1,0,182,0.184639,0.184079,0.02144,1,1,0.00958,0.009558,0.001479,1,1,0.003128,-0.002828,0.003727,0.004351,0.002591,0.002616,-0.000894,0.006289,182,1,57.7818,98.3332,0,1.804508,,,QUALIFIED,,1.904092,-0.167427,-0.009649,,TRUE,TRUE,BOTH,normal_low,0.20245685,0.010197926,0.106327,BOTH,0,0,0.133505,0,0.045249,1,LOW_CONVERGENCE,3,1046,828
12612,244,0.1525,0.5837,1.16,1751.303279,2733.356557,22858.41393,1692.918033,22.9215,1741,2726,1763,2745,9.3118,4.5367,21.1906,9.0901,3.8946,-1132.2302,1,0,0.1557,0.3335,244,,,,0,0,0.040141,0.039115,0.006757,1,1,0.000558,0.000106,-3.50E-05,0.000232,0.001745,-0.001115,-0.007392,-0.007314,244,1,109.6418,85.181,0.004098,0,8.00E-05,8.00E-05,QUALIFIED,,,,1.638968,,FALSE,TRUE,S1_ONLY,no_data,,0.05722657,0.057227,S1_ONLY,0,0.139115,0,0,0.044991,1,LOW_CONVERGENCE,1,1052,829
21014,374,0.23375,0.5397,1.57,2808.425134,2421.917112,15072.42781,-24735.12834,28.9663,2798,2406,2819,2439,7.2396,3.5223,17.098,6.1096,2.2149,-504.4961,1,0,0.3767,0.4326,374,,,,0,0,0.075556,0.070583,0.018691,1,1,0.001525,-0.000884,-0.001198,0.008481,0.000329,-0.001743,-0.000363,-0.005267,374,1,121.4255,96.4448,0,0.05,0.003914,0.001718,QUALIFIED,,1.579672,,,,FALSE,TRUE,S1_ONLY,no_data,,0.111724768,0.111725,S1_ONLY,0,0,0.110758,0,0.044593,1,LOW_CONVERGENCE,1,1059,830
23992,900,0.5625,0.455,1.07,3166.028889,1637.804444,-4530.388889,-33675.22222,33.979,3148,1617,3191,1663,6.3435,3.9552,29.139,5.6344,3.4894,-1826.6038,1,0.0011,0.6593,0.4179,900,,,,0,0,0.064718,0.061178,0.013443,1,1,-0.000455,0.000229,0.002057,-0.000289,-0.002175,-0.006463,-0.006968,-0.003169,900,1,73.237,102.5391,0,2.192316,,,QUALIFIED,,,1.140496,,,FALSE,TRUE,S1_ONLY,no_data,,0.095046765,0.095047,S1_ONLY,0,0,0,0.160217,0.044536,1,LOW_CONVERGENCE,1,1061,831
5042,1264,0.79,0.5089,1.17,945.5759494,2556.398734,18434.46835,21836.10127,28.5769,925,2531,971,2585,8.4076,3.8421,24.2933,6.8835,2.3189,-1477.9455,1,0,0.9796,0.1277,1264,,,,0,0,0.052129,0.050435,0.008478,1,1,-0.000415,-0.001324,0.00069,-0.002195,0.004872,-0.001373,-0.00482,9.70E-05,1264,1,33.734,87.2227,0,10.831955,,,QUALIFIED,,,,1.281814,,FALSE,TRUE,S1_ONLY,no_data,,0.075674245,0.075674,S1_ONLY,0,0.1088,0,0,0.044462,1,LOW_CONVERGENCE,1,1062,832
5280,167,0.104375,0.4883,1.06,968.1077844,2723.976048,22623.9012,21272.80539,31.0544,959,2714,978,2732,3.5993,1.9296,9.3934,3.2006,1.3879,-1526.7495,1,0,0.1643,0.3104,167,0.202312,0.198031,0.038353,1,1,0.026114,0.024532,0.006347,1,1,0.005198,0.001678,-0.001621,0.000532,-0.000423,0.001996,-0.007352,-0.015035,167,1,33.734,87.2227,0,9.041087,,,QUALIFIED,,0.677184,,,,TRUE,TRUE,BOTH,normal_low,0.227068519,0.035641191,0.131355,BOTH,0,0,0.047481,0,0.044155,1,LOW_CONVERGENCE,1,1064,833
21404,133,0.083125,0.475,1.43,2840.18797,2484.323308,16632.58271,-25529.19925,30.4701,2832,2474,2846,2494,6.1506,3.1471,15.7728,5.8586,1.8388,-491.6195,1,0,0.246,0.3664,133,,,,0,0,0.081726,0.080382,0.012708,1,1,0.003306,-0.000352,-9.60E-05,0.000391,-0.000407,-0.001848,-0.001971,-0.005997,133,1,121.4255,96.4448,0,1.467353,,,QUALIFIED,,1.106473,,,,FALSE,TRUE,S1_ONLY,no_data,,0.121219442,0.121219,S1_ONLY,0,0,0.07758,0,0.044124,1,LOW_CONVERGENCE,1,1066,834
17652,398,0.24875,0.5467,1.08,2430.620603,714.8316583,-27604.70854,-15290.01508,31.5562,2419,700,2445,728,4.8104,2.3406,11.7092,4.0682,1.8395,-2167.3493,1,0,0.3888,0.44,398,0.188434,0.189142,0.041641,1,1,0.017613,0.017334,0.001694,1,1,0.001944,-0.000618,-0.001273,0.000368,0.000629,-0.001563,-0.001536,-0.003387,398,1,-42.3675,82.1954,0,7.179354,,,QUALIFIED,,1.317901,,,,TRUE,TRUE,BOTH,normal_low,0.20774182,0.022559469,0.115151,BOTH,0,0,0.092404,0,0.043786,1,LOW_CONVERGENCE,1,1071,835
8268,4413,2.758125,0.3823,1.07,1311.346703,1552.387945,-6665.801382,12691.83243,14.3351,1263,1504,1367,1615,7.8109,3.605,28.0814,6.4973,2.6122,-1924.2846,1,0.0005,0.0876,0.2585,4413,,,,0,0,0.053878,0.051001,0.013223,0.88058,0.88058,0.012144,0.004229,0.003536,0.005876,0.006333,0.000586,-0.001179,0.000541,4413,1,0.5626,56.8385,0,11.735949,,,QUALIFIED,,0.651762,-0.661765,0.907469,,FALSE,TRUE,S1_ONLY,no_data,,0.078365685,0.078366,S1_ONLY,0,0.077025,0.045698,0,0.043485,1,LOW_CONVERGENCE,3,1074,836
22150,553,0.345625,0.5643,1.25,2931.446655,2434.889693,15396.74231,-27810.66637,31.7889,2915,2422,2950,2450,5.0829,3.0908,16.0369,3.5644,1.5745,-602.4427,1,0,1,0,553,0.199418,0.1963,0.026189,0.039783,0.039783,0.075726,0.072491,0.015285,1,1,0.001877,-0.000612,0.000396,0.001277,0.000915,-0.000721,-0.008985,-0.009944,553,1,121.4255,96.4448,0,0.728011,,,QUALIFIED,,1.326052,,,,FALSE,TRUE,S1_ONLY,normal_low,,0.111986372,0.111986,S1_ONLY,0,0,0.092976,0,0.042893,1,LOW_CONVERGENCE,1,1079,837
21471,307,0.191875,0.4723,1.04,2853.348534,2475.368078,16408.70195,-25858.21336,30.6257,2842,2464,2868,2489,6.6335,2.8752,17.1267,5.7935,1.594,-520.0851,1,0,0.6793,0.4412,307,,,,0,0,0.07932,0.077363,0.011883,1,1,0.005481,-0.000306,-0.001058,-0.001534,-0.00047,-0.002896,-0.004115,-0.0074,307,1,121.4255,96.4448,0,1.31577,,,QUALIFIED,,1.055829,,,,FALSE,TRUE,S1_ONLY,no_data,,0.117516981,0.117517,S1_ONLY,0,0,0.074029,0,0.042658,1,LOW_CONVERGENCE,1,1081,838
24472,154,0.09625,0.5133,1.33,3245.233766,1713.935065,-2627.123377,-35655.34416,35.7525,3235,1707,3255,1722,5.4946,2.913,16.3199,5.0593,2.3647,-1843.6166,1,0,0.9366,0.1943,154,,,,0,0,0.038517,0.037618,0.007469,1,1,8.10E-05,0.003653,-4.20E-05,0.002692,0.010073,0.004187,0.005472,-0.000992,154,1,64.5725,120.1906,0,0.325,,,QUALIFIED,,,,0.584334,1.181287,FALSE,TRUE,S1_ONLY,no_data,,0.054727486,0.054727,S1_ONLY,0.053214,0.049598,0,0,0.042302,1,LOW_CONVERGENCE,2,1084,839
5184,205,0.128125,0.5138,1.11,962.604878,1019.263415,-19993.91463,21410.37805,29.2937,953,1007,972,1028,6.2892,3.3262,21.0471,4.8497,1.5657,-2916.1229,1,0,1,0,205,,,,0,0,0.036227,0.035724,0.005336,1,1,0.00099,-1.40E-05,-0.001843,0.001486,0.00179,-0.001014,-0.001611,0.004221,205,1,-14.3965,65.3367,0,21.270123,,,QUALIFIED,,,,1.56648,,FALSE,TRUE,S1_ONLY,no_data,,0.051203531,0.051204,S1_ONLY,0,0.132962,0,0,0.041954,1,LOW_CONVERGENCE,1,1086,840
24475,140,0.0875,0.4605,1.19,3243.4,1726.378571,-2316.035714,-35609.5,35.6852,3237,1717,3253,1736,8.6985,3.7319,22.0511,6.3536,1.7996,-1858.6171,1,0,0.912,0.2492,140,0.13968,0.143424,0.005876,0.035714,0.035714,0.043999,0.042003,0.007588,1,1,-0.000631,0.003111,-0.000917,0.003703,0.010696,0.003573,0.005341,0.000743,140,1,64.5725,120.1906,0.014286,0,0.002342,0.000586,QUALIFIED,,,,0.66595,0.860887,FALSE,TRUE,S1_ONLY,normal_low,,0.063163435,0.063163,S1_ONLY,0.038781,0.056525,0,0,0.041888,1,LOW_CONVERGENCE,2,1087,841
13798,570,0.35625,0.5746,1.03,1932.861404,3436.049123,40425.72807,-2846.035088,40.5263,1917,3420,1948,3452,6.6472,3.3259,18.1158,5.9295,2.3894,-750.9063,1,0,0.0493,0.1865,570,0.106655,0.108529,0.031956,1,1,0.052838,0.051007,0.012127,1,1,0.000814,-0.003186,0.001261,-0.000183,-0.000525,-0.002325,-0.005983,-0.005739,570,1,63.3495,86.7715,0,14.783859,,,QUALIFIED,,,1.145123,,,TRUE,TRUE,BOTH,normal_low,0.093855229,0.076765286,0.08531,BOTH,0,0,0,0.160867,0.04168,1,LOW_CONVERGENCE,1,1088,842
5286,308,0.1925,0.4968,1.55,977.0227273,971.4090909,-21190.27273,21049.93182,29.8678,961,961,992,981,5.2059,3.7979,25.2552,4.8581,3.9515,-2925.4584,1,0.0032,1,0,308,,,,0,0,0.027585,0.027248,0.002048,0.724026,0.724026,-0.000971,0.002824,0.000722,0.001377,0.002801,-0.002046,-0.001874,0.001791,308,1,-14.3965,65.3367,0,20.109948,,,QUALIFIED,,,,1.730453,,FALSE,TRUE,S1_ONLY,no_data,,0.037904832,0.037905,S1_ONLY,0,0.14688,0,0,0.040748,1,LOW_CONVERGENCE,1,1099,843
9714,432,0.27,0.5729,1.12,1432.560185,1154.5625,-16611.4375,9661.49537,19.2161,1422,1142,1448,1171,11.0267,2.4931,19.1538,9.8766,1.632,-1623.8173,1,0,0.0001,0.0019,432,,,,0,0,0.034766,0.034276,0.006133,1,1,0.006173,0.002893,0.005161,0.003016,0.002506,0.000122,0.001944,0.002941,432,1,50.752,65.3557,0,20.697252,,,QUALIFIED,,0.531346,0.415617,0.951317,-0.51286,FALSE,TRUE,S1_ONLY,no_data,,0.048955278,0.048955,S1_ONLY,0,0.080747,0.037255,0.058386,0.0404,1,LOW_CONVERGENCE,4,1106,844
3249,684,0.4275,0.4442,1.26,696.8362573,673.6169591,-28635.07602,28054.59357,40.087,675,659,719,694,10.3821,4.6083,23.1979,8.8371,3.2211,-1673.4861,1,0,1,0,684,0.143539,0.130312,0.052424,1,1,0.010999,0.010836,0.001806,1,1,0.002337,0.004048,0.001727,-0.000309,-0.004606,-0.003283,-0.004879,-0.009315,684,1,80.591,99.4056,0,16.422641,,,QUALIFIED,,-0.732135,1.178923,,,TRUE,TRUE,BOTH,normal_low,0.145220409,0.012381547,0.078801,BOTH,0,0,0,0.165615,0.040202,1,LOW_CONVERGENCE,2,1109,845
24223,219,0.136875,0.584,1.67,3206.753425,1695.009132,-3100.271689,-34693.33562,34.832,3195,1688,3220,1703,7.338,4.0495,24.2455,4.9357,1.3226,-1843.3394,1,0,0.9814,0.1,219,,,,0,0,0.042037,0.040119,0.006661,1,1,0.001842,0.00216,0.003163,0.001734,0.005336,0.000371,0.00334,0.004332,219,1,64.5725,120.1906,0,1.02774,,,QUALIFIED,,-0.172638,0.451786,0.930472,-0.297006,FALSE,TRUE,S1_ONLY,no_data,,0.060144221,0.060144,S1_ONLY,0,0.078978,0,0.063467,0.040186,1,LOW_CONVERGENCE,4,1110,846
2946,667,0.416875,0.5775,1.06,654.4017991,2103.148426,7103.210645,29115.45502,29.969,639,2090,674,2123,7.5834,4.8741,23.1383,6.0224,3.0782,-2176.0519,1,0,1,0,667,,,,0,0,0.062787,0.061765,0.007419,1,1,-0.000102,0.001892,0.003064,0.000335,0.004128,0.00652,-0.011722,-0.00481,667,1,40.2924,84.9679,0,16.786639,,,QUALIFIED,,,0.890666,-0.579457,,FALSE,TRUE,S1_ONLY,no_data,,0.092075256,0.092075,S1_ONLY,0,0,0,0.125121,0.040135,1,LOW_CONVERGENCE,2,1111,847
3599,381,0.238125,0.5498,1.57,756.1076115,2245.984252,10674.1063,26572.80971,28.6363,739,2235,772,2256,5.5218,4.3059,22.4544,4.1299,2.6078,-2134.0912,1,0,1,0,381,,,,0,0,0.033032,0.032923,0.002354,1,1,0.004292,0.006392,0.001265,0.003516,0.00437,-0.002306,-0.002215,-0.002436,381,1,40.2924,84.9679,0,14.405945,,,QUALIFIED,,-0.489282,-1.779447,1.527689,,FALSE,TRUE,S1_ONLY,no_data,,0.046286921,0.046287,S1_ONLY,0,0.129669,0,0,0.03982,1,LOW_CONVERGENCE,3,1116,848
3224,126,0.07875,0.5526,1.58,710.015873,2283.373016,11608.8254,27725.10317,30.0571,701,2278,720,2290,5.6161,4.0313,20.1839,5.2778,1.9185,-2129.5927,1,0,1,0,126,,,,0,0,0.07149,0.069988,0.008263,1,1,0.006271,-0.000549,0.000904,-0.00085,0.000151,-0.008097,-0.011016,-0.00914,126,1,40.2924,84.9679,0,15.8,,,QUALIFIED,,1.087546,,,,FALSE,TRUE,S1_ONLY,no_data,,0.105467824,0.105468,S1_ONLY,0,0,0.076253,0,0.039266,1,LOW_CONVERGENCE,1,1123,849
24195,401,0.250625,0.4975,1.19,3210.895262,1745.476309,-1838.592269,-34796.88155,34.8459,3197,1729,3223,1760,5.4089,3.079,16.5041,4.1622,1.5614,-1832.3007,1,0,0.715,0.3866,401,,,,0,0,0.049577,0.047423,0.009106,1,1,0.00212,0.004249,0.002362,0.002737,0.006387,-8.60E-05,0.003701,0.009691,401,1,64.5725,120.1906,0.022444,0,0.003292,0.000529,QUALIFIED,,-1.004245,-0.158764,1.013465,-1.618481,FALSE,TRUE,S1_ONLY,no_data,,0.071747112,0.071747,S1_ONLY,0,0.086022,0,0,0.038728,1,LOW_CONVERGENCE,4,1133,850
14692,157,0.098125,0.4984,1.4,2046.426752,3388.687898,39241.69745,-5685.16879,39.6519,2038,3379,2053,3400,6.4673,3.4527,16.5677,6.6749,2.9329,-801.6545,1,0,0,0,157,0.087403,0.049707,0.063226,1,1,0.051198,0.051649,0.013726,1,1,0.000996,-0.002082,0.002909,-0.000675,0.003029,0.003338,-0.00278,-0.000789,157,1,71.5812,82.9217,0,17.775018,,,QUALIFIED,,,1.232039,-0.102014,,TRUE,TRUE,BOTH,normal_low,0.067044622,0.07424158,0.070643,BOTH,0,0,0,0.173077,0.038501,1,LOW_CONVERGENCE,2,1136,851
9279,1761,1.100625,0.5244,1.59,1413.79841,1941.280522,3056.513061,10130.53975,10.5813,1391,1907,1437,1980,10.755,3.0417,24.7364,9.4475,1.8828,-140.8955,1,0,0.0023,0.0334,1761,,,,0,0,0.051171,0.049042,0.01191,0.993754,0.993754,0.006698,0.010752,0.010668,0.009078,0.012767,0.007793,0.010347,0.004733,1761,1,85.0522,75.7671,0,2.40013,,,QUALIFIED,,-0.605255,0.149044,0.389598,0.542573,FALSE,TRUE,S1_ONLY,no_data,,0.074200031,0.0742,S1_ONLY,0.024441,0.033069,0,0.020938,0.0383,1,LOW_CONVERGENCE,4,1139,852
21065,200,0.125,0.5848,1.06,2810.225,2452.84,15845.5,-24780.125,29.4139,2802,2445,2821,2463,7.6331,4.6243,19.5625,6.9963,3.3385,-454.4908,1,0,0.3188,0.4147,200,,,,0,0,0.072052,0.068701,0.011788,1,1,0.002995,0.00031,-0.001133,0.005833,0.000382,0.001243,0.000914,-0.006179,200,1,121.4255,96.4448,0,0.798827,,,QUALIFIED,,0.896494,,,,FALSE,TRUE,S1_ONLY,no_data,,0.106332655,0.106333,S1_ONLY,0,0,0.062857,0,0.038186,1,LOW_CONVERGENCE,1,1141,853
5751,800,0.5,0.551,1.33,1035.90875,2477.705,16467.125,19577.78125,25.5823,1019,2459,1052,2503,7.0618,3.6135,19.9622,5.5104,2.5941,-1943.5422,1,0,1,0,800,0.258497,0.2595,0.047365,0.00375,0.00375,0.05631,0.05379,0.01493,1,1,0.002755,-0.002296,-0.002848,-0.00194,-0.005986,-0.011442,-0.013761,-0.022931,800,1,33.734,87.2227,0,8.279568,,,QUALIFIED,,1.833394,,,,FALSE,TRUE,S1_ONLY,normal_low,,0.082108156,0.082108,S1_ONLY,0,0,0.128548,0,0.037487,1,LOW_CONVERGENCE,1,1152,854
2954,865,0.540625,0.2626,1.13,682.7965318,2068.834682,6245.367052,28405.58671,29.0837,655,2040,716,2094,9.4627,4.7957,27.7527,8.2087,4.0735,-2148.3484,1,0.0035,1,0,865,,,,0,0,0.057112,0.058874,0.011729,1,1,0.000741,0.001553,0.002769,0.000703,0.005695,0.005033,-0.014158,-0.001447,865,1,40.2924,84.9679,0,15.83345,,,QUALIFIED,,,0.746118,0.116242,,FALSE,TRUE,S1_ONLY,no_data,,0.08334231,0.083342,S1_ONLY,0,0.009867,0,0.104815,0.037458,1,LOW_CONVERGENCE,2,1153,855
24038,497,0.310625,0.4564,1,3178.742455,2667.466801,21211.17002,-33993.06137,40.0687,3165,2649,3198,2682,6.0624,3.1612,18.4378,5.4122,2.0216,-411.5921,1,0,0.0266,0.1264,497,,,,0,0,0.039064,0.039247,0.004305,1,1,0.000103,-0.000219,-0.001313,0.00053,0.010338,-0.002317,-0.001513,-0.003847,497,1,121.4255,96.4448,0,7.189228,,,QUALIFIED,,,,1.224125,,FALSE,TRUE,S1_ONLY,no_data,,0.055569234,0.055569,S1_ONLY,0,0.103903,0,0,0.037451,1,LOW_CONVERGENCE,1,1154,856
8180,3690,2.30625,0.3812,1.25,1254.953659,1393.475339,-10638.61653,14101.65854,17.6639,1208,1357,1318,1445,9.7202,3.6243,23.7395,8.4181,2.8449,-1978.3223,1,0,0.4686,0.4827,3690,,,,0,0,0.052558,0.045972,0.01684,0.80813,0.80813,0.001071,-0.000858,0.00119,0.002638,0.002738,0.002495,-2.60E-05,-0.001723,3690,1,0.5626,56.8385,0,16.248385,,,QUALIFIED,,1.80112,-1.216807,0.088751,,FALSE,TRUE,S1_ONLY,no_data,,0.076334409,0.076334,S1_ONLY,0,0.007533,0.126285,0,0.037035,1,LOW_CONVERGENCE,3,1156,857
23655,497,0.310625,0.6347,1.07,3123.307847,1622.939638,-4902.009054,-32607.19618,32.974,3108,1611,3137,1638,7.122,3.9813,21.8919,5.352,2.3845,-1813.3395,1,0,0.6022,0.4335,497,0.182778,0.182778,0.04716,0.004024,0.004024,0.071841,0.069107,0.016977,1,1,0.001755,0.000512,0.000219,-2.90E-05,-0.000913,-0.002614,-0.001677,-0.007777,497,1,73.237,102.5391,0,3.046001,,,QUALIFIED,,0.708262,,,,FALSE,TRUE,S1_ONLY,normal_low,,0.106007959,0.106008,S1_ONLY,0,0,0.04966,0,0.036768,1,LOW_CONVERGENCE,1,1159,858
21651,1953,1.220625,0.378,1.3,2878.528418,2481.223246,16555.08116,-26487.71045,31.2364,2842,2432,2905,2514,6.9109,3.8937,24.4324,5.5964,2.5749,-538.558,1,0,0.897,0.296,1953,,,,0,0,0.067276,0.064095,0.013077,1,1,0.002775,0.000472,-0.000205,-0.002688,-0.001912,-0.004103,-0.004594,-0.006991,1953,1,121.4255,96.4448,0,0.784618,,,QUALIFIED,,0.82991,,,,FALSE,TRUE,S1_ONLY,no_data,,0.098983131,0.098983,S1_ONLY,0,0,0.058189,0,0.035514,1,LOW_CONVERGENCE,1,1168,859
7764,3528,2.205,0.3886,1.15,1233.794785,1334.999433,-12100.51417,14630.63039,18.9855,1191,1278,1293,1367,9.144,3.0638,18.7537,7.9664,2.4021,-1879.6437,1,0,0.1847,0.3794,3528,,,,0,0,0.042928,0.041787,0.009477,0.790816,0.790816,0.003065,-2.10E-05,0.001703,0.002548,0.003297,0.001404,0.000324,-0.00235,3528,1,0.5626,56.8385,0,18.096149,,,QUALIFIED,,1.006852,-0.496183,0.574158,,FALSE,TRUE,S1_ONLY,no_data,,0.061515332,0.061515,S1_ONLY,0,0.048734,0.070595,0,0.035261,1,LOW_CONVERGENCE,3,1174,860
5360,1109,0.693125,0.5722,1.68,959.6041479,991.1632101,-20696.41975,21485.3963,29.8316,931,976,988,1010,5.6203,3.4635,19.2976,4.3675,2.1847,-2908.939,1,0,1,0,1109,,,,0,0,0.030389,0.029991,0.003627,0.950406,0.950406,0.002071,0.001804,-0.000945,0.001501,0.003147,-0.000607,-0.000332,0.004655,1109,1,-14.3965,65.3367,0,20.443168,,,QUALIFIED,,0.128923,,1.192882,,FALSE,TRUE,S1_ONLY,no_data,,0.042219753,0.04222,S1_ONLY,0,0.101251,0.009039,0,0.03382,1,LOW_CONVERGENCE,2,1188,861
23614,412,0.2575,0.592,1.21,3104.339806,1872.871359,1346.283981,-32132.99515,32.1617,3090,1861,3119,1885,10.0054,2.8828,28.8466,9.0497,1.7556,-1637.5858,1,0.0073,0.1092,0.2472,412,,,,0,0,0.061193,0.059683,0.007592,1,1,0.001995,0.000218,-0.000571,-0.000208,0.000333,-0.004981,-0.004954,-0.004601,412,1,73.237,102.5391,0,1.201301,,,QUALIFIED,,0.890727,,,,FALSE,TRUE,S1_ONLY,no_data,,0.089622337,0.089622,S1_ONLY,0,0,0.062453,0,0.033132,1,LOW_CONVERGENCE,1,1190,862
3389,621,0.388125,0.5272,1.23,728.0322061,2244.178744,10628.9686,27274.69485,29.2723,710,2229,748,2260,5.4777,3.5564,20.0166,4.0728,2.1338,-2134.8811,1,0,1,0,621,,,,0,0,0.046218,0.048366,0.010719,1,1,0.00185,0.001322,0.001901,0.00043,-0.001739,-0.012302,-0.014833,-0.026953,621,1,40.2924,84.9679,0,14.969239,,,QUALIFIED,,0.285405,0.773803,,,FALSE,TRUE,S1_ONLY,no_data,,0.066578132,0.066578,S1_ONLY,0,0,0.020011,0.108704,0.032845,1,LOW_CONVERGENCE,2,1193,863
23522,199,0.124375,0.5025,1.22,3104.924623,1893.030151,1850.253769,-32147.61558,32.2013,3095,1884,3117,1902,6.1954,3.3632,27.4507,5.8568,2.4503,-1604.9282,1,0.005,0.123,0.2619,199,,,,0,0,0.055484,0.055084,0.005613,1,1,0.003229,-0.000723,-0.000455,-0.000457,0.000462,-0.003198,-0.002055,-0.003273,199,1,73.237,102.5391,0,1.375909,,,QUALIFIED,,1.223908,,,,FALSE,TRUE,S1_ONLY,no_data,,0.08083707,0.080837,S1_ONLY,0,0,0.085814,0,0.032832,1,LOW_CONVERGENCE,1,1194,864
14769,527,0.329375,0.5862,1.07,2070.981025,755.1480076,-26596.79981,-6299.025617,27.3322,2057,742,2088,771,6.8775,3.1925,20.2023,5.7624,2.1696,2037.1832,1,0,0.106,0.2493,527,,,,0,0,0.030078,0.029968,0.003897,1,1,0.005605,0.00255,0.004144,0.003276,0.005097,0.005507,0.002587,2.30E-05,527,1,117.2382,89.0249,0,15.208961,,,QUALIFIED,,0.545049,0.209459,-0.080439,0.991109,FALSE,TRUE,S1_ONLY,no_data,,0.041741172,0.041741,S1_ONLY,0.044647,0,0.038216,0.029425,0.03268,1,LOW_CONVERGENCE,4,1195,865
12643,154,0.09625,0.6039,1.13,1751.136364,1253.694805,-14133.12987,1697.090909,14.2341,1745,1245,1760,1262,5.3947,2.5792,11.3982,4.9184,1.4034,-2736.8579,1,0,1,0,154,,,,0,0,0.018708,0.018809,0.003127,1,1,0.006127,0.00407,0.000684,0.003091,0.005376,-0.001864,-0.006308,-0.008409,154,1,121.4156,78.1985,0,17.680515,,,QUALIFIED,,0.335727,,1.346726,,FALSE,TRUE,S1_ONLY,no_data,,0.024244504,0.024245,S1_ONLY,0,0.114309,0.023539,0,0.032489,1,LOW_CONVERGENCE,2,1197,866
21470,351,0.219375,0.5502,1.32,2852.706553,2458.797721,15994.44302,-25842.16382,30.3921,2840,2448,2869,2470,9.9655,4.3689,22.2504,8.0176,2.7203,-522.6898,1,0,0.6612,0.4468,351,,,,0,0,0.05982,0.057962,0.009231,1,1,0.004653,0.000774,-0.001402,-0.002269,0.000302,-0.002363,-0.005117,-0.005711,351,1,121.4255,96.4448,0,0.903466,,,QUALIFIED,,0.833656,,,,FALSE,TRUE,S1_ONLY,no_data,,0.087509502,0.08751,S1_ONLY,0,0,0.058452,0,0.032098,1,LOW_CONVERGENCE,1,1200,867
5290,199,0.124375,0.5265,1.17,975.4623116,2546.748744,18193.21859,21088.94221,27.852,967,2537,985,2558,6.4326,3.0969,17.1144,5.317,1.5166,-1523.6147,1,0,1,0,199,,,,0,0,0.049145,0.049249,0.006384,1,1,0.002327,-0.001007,-0.000798,-0.003248,0.000128,0.003952,-0.001265,-0.004195,199,1,33.734,87.2227,0,10.475716,,,QUALIFIED,,1.432746,,,,FALSE,TRUE,S1_ONLY,no_data,,0.071082331,0.071082,S1_ONLY,0,0,0.100456,0,0.03137,1,LOW_CONVERGENCE,1,1205,868
8120,134,0.08375,0.5234,1,1288.276119,1540.08209,-6973.447761,13268.59701,14.9888,1280,1533,1296,1549,7.3433,3.6926,19.1778,6.8168,3.1797,-2008.7158,1,0,0.0313,0.1451,134,,,,0,0,0.054379,0.052583,0.006645,1,1,0.01394,0.004128,0.005029,0.00423,0.001845,0.007274,-0.003846,-0.0038,134,1,0.5626,56.8385,0,13.472217,,,QUALIFIED,,0.703874,0.158879,-2.942547,,FALSE,TRUE,S1_ONLY,no_data,,0.079136646,0.079137,S1_ONLY,0,0,0.049352,0.022319,0.030908,1,LOW_CONVERGENCE,3,1208,869
12480,301,0.188125,0.5658,1.47,1739.491694,1201.860465,-15428.98837,1988.207641,15.556,1727,1192,1755,1211,5.7757,2.9702,15.2984,5.0258,1.863,-2746.392,1,0,1,0,301,,,,0,0,0.054813,0.017958,0.071879,1,1,0.007855,0.000972,1.10E-05,-0.000567,-0.000244,-0.005781,-0.008285,-0.008648,301,1,121.4156,78.1985,0,18.920244,,,QUALIFIED,,0.876257,,,,FALSE,TRUE,S1_ONLY,no_data,,0.079804505,0.079805,S1_ONLY,0,0,0.061438,0,0.030085,1,LOW_CONVERGENCE,1,1216,870
11869,829,0.518125,0.4958,1.16,1662.318456,2842.861279,25596.03197,3917.538601,25.8945,1641,2825,1685,2863,8.7002,4.0586,21.0359,7.574,3.2928,-1811.7391,1,0,0.02,0.1166,829,,,,0,0,0.042014,0.040426,0.006174,0.310012,0.310012,-0.000926,0.000631,0.001105,0.000158,-0.001103,-0.002015,-0.002616,-0.014043,829,1,66.0189,90.6798,0,1.485345,,,QUALIFIED,,,0.857014,,,FALSE,TRUE,S1_ONLY,no_data,,0.060108827,0.060109,S1_ONLY,0,0,0,0.120393,0.030072,1,LOW_CONVERGENCE,1,1217,871
8121,164,0.1025,0.4881,1.31,1287.371951,1555.829268,-6579.768293,13291.20122,14.83,1280,1546,1296,1567,6.9034,2.3567,17.353,6.0164,1.1942,-1976.8429,1,0,0.2351,0.3756,164,,,,0,0,0.050705,0.05133,0.005716,0.829268,0.829268,0.01322,0.004979,0.004984,0.003889,0.002825,0.012313,-0.004063,-0.005403,164,1,0.5626,56.8385,0,13.091529,,,QUALIFIED,,0.623374,0.219703,-3.358584,,FALSE,TRUE,S1_ONLY,no_data,,0.07348293,0.073483,S1_ONLY,0,0,0.043708,0.030864,0.029502,1,LOW_CONVERGENCE,3,1220,872
23627,1195,0.746875,0.4878,1.02,3102.296234,1919.411715,2509.792887,-32081.90586,32.1805,3078,1894,3128,1943,7.6003,3.9634,21.7601,6.5564,2.9058,-1621.1548,1,0,0.1107,0.2611,1195,0.265149,0.2553,0.046531,0.029289,0.029289,0.04779,0.046048,0.006941,1,1,0.002821,0.000149,0.000422,0.000241,0.000864,-0.006776,-0.003527,-0.005621,1195,1,73.237,102.5391,0,1.184536,,,QUALIFIED,,0.947182,,,,FALSE,TRUE,S1_ONLY,normal_low,,0.068997196,0.068997,S1_ONLY,0,0,0.066411,0,0.02734,1,LOW_CONVERGENCE,1,1230,873
22625,375,0.234375,0.4507,1.23,2971.098667,2946.341333,28183.03333,-28801.96667,40.2976,2956,2932,2988,2958,10.521,3.3323,21.3532,9.6309,2.0483,1304.6768,1,0,0.065,0.2172,375,,,,0,0,0.04733,0.045851,0.008386,1,1,0.004033,0.00112,8.10E-05,-0.000184,-0.002568,-0.002101,-0.010039,-0.005561,375,1,160.1585,85.0259,0,13.327345,,,QUALIFIED,,0.722291,,,,FALSE,TRUE,S1_ONLY,no_data,,0.068289327,0.068289,S1_ONLY,0,0,0.050643,0,0.025551,1,LOW_CONVERGENCE,1,1241,874
3637,624,0.39,0.4727,1.47,779.3365385,2231.592949,10314.32372,25992.08654,27.9635,755,2217,799,2247,6.9018,3.2733,20.6535,5.3277,1.83,-2130.9125,1,0,1,0,624,,,,0,0,0.029987,0.029721,0.002879,0.998397,0.998397,0.003533,0.001913,0.002979,0.000989,-0.0018,-0.001145,-0.005456,-0.005035,624,1,40.2924,84.9679,0,13.684777,,,QUALIFIED,,0.458534,0.668009,,,FALSE,TRUE,S1_ONLY,no_data,,0.041601138,0.041601,S1_ONLY,0,0,0.03215,0.093842,0.025079,1,LOW_CONVERGENCE,2,1244,875
5404,148,0.0925,0.5139,2,978.3108108,2613.939189,19872.97973,21017.72973,28.9254,969,2609,993,2621,8.7351,3.5188,19.0497,7.3917,2.5218,-1523.8381,1,0,1,0,148,,,,0,0,0.040145,0.03832,0.008134,1,1,0.003852,-0.000397,-8.20E-05,-0.001472,0.000599,0.006061,-0.001194,-0.006499,148,1,33.734,87.2227,0,10.937464,,,QUALIFIED,,1.103063,,,,FALSE,TRUE,S1_ONLY,no_data,,0.057232726,0.057233,S1_ONLY,0,0,0.077341,0,0.024904,1,LOW_CONVERGENCE,1,1245,876
10415,1606,1.00375,0.5134,1.48,1505.925903,1084.500623,-18362.98443,7827.352428,19.961,1484,1051,1530,1119,10.8831,3.8935,23.9455,9.4276,2.6694,-1094.1399,1,0,0.0812,0.2454,1606,,,,0,0,0.046349,0.042786,0.012205,1,1,0.006049,0.002129,0.000453,5.30E-05,0.000772,0.001136,-0.004592,-0.00442,1606,1,50.752,65.3557,0,18.219667,,,QUALIFIED,,0.648041,,,,FALSE,TRUE,S1_ONLY,no_data,,0.06677972,0.06678,S1_ONLY,0,0,0.045437,0,0.024578,1,LOW_CONVERGENCE,1,1249,877
3598,1073,0.670625,0.5503,2.17,743.8350419,2222.603914,10089.59786,26879.62395,28.7106,710,2208,775,2238,4.8554,3.3593,29.8413,3.3689,1.3987,-2132.4718,1,0.0037,1,0,1073,,,,0,0,0.035474,0.032984,0.008039,1,1,0.005066,0.003172,0.002641,0.001365,-0.00156,-0.006911,-0.010124,-0.01307,1073,1,40.2924,84.9679,0,14.26061,,,QUALIFIED,,0.373865,0.48315,,,FALSE,TRUE,S1_ONLY,no_data,,0.05004478,0.050045,S1_ONLY,0,0,0.026213,0.067873,0.024422,1,LOW_CONVERGENCE,2,1251,878
5936,381,0.238125,0.7162,1.47,1044.566929,2582.968504,19098.7126,19361.32677,27.196,1032,2574,1060,2593,8.9948,4.7025,27.2593,8.0636,3.2137,-1753.9616,1,0.0079,0.9824,0.109,381,,,,0,0,0.032317,0.032341,0.005744,1,1,0.003721,0.000303,-0.003354,-0.00096,0.000883,-0.004813,-0.000691,-0.004216,381,1,33.734,87.2227,0,9.082401,,,QUALIFIED,,0.91857,,,,FALSE,TRUE,S1_ONLY,no_data,,0.045186647,0.045187,S1_ONLY,0,0,0.064405,0,0.019997,1,LOW_CONVERGENCE,1,1267,879
5354,272,0.17,0.5667,1.88,984.2095588,1007.110294,-20297.74265,20870.26103,29.1123,977,992,993,1022,5.1605,2.0662,10.5782,3.9652,0.9872,-2940.4057,1,0,1,0,272,,,,0,0,0.028747,0.028535,0.001266,0.349265,0.349265,-0.00091,0.001396,0.001307,0.00057,0.000846,-0.005519,-0.005661,0.000237,272,1,-14.3965,65.3367,0,20.793343,,,QUALIFIED,,,0.563887,,,FALSE,TRUE,S1_ONLY,no_data,,0.03969297,0.039693,S1_ONLY,0,0,0,0.079215,0.019829,1,LOW_CONVERGENCE,1,1269,880
6294,177,0.110625,0.59,1.33,1094.649718,1540.355932,-6966.601695,18109.25706,19.4024,1089,1531,1104,1551,4.1335,1.9632,14.3121,3.2692,1.0147,-2146.5803,1,0,0.0617,0.1772,177,0.173031,0.168214,0.034267,1,1,,,,0,0,0.014929,0.007829,0.003995,0.005788,0.010834,0.00332,0.007633,0.004818,177,1,-19.4926,68.1002,0,15.230254,,,QUALIFIED,,0.475584,-0.448811,0.693557,0.368793,TRUE,FALSE,CPR_ONLY,normal_low,0.186291385,,0.186291,CPR_ONLY,0.016613,0.058869,0.033345,0,0.07598,0,LOW_CONVERGENCE,4,517,881
6381,1222,0.76375,0.4815,1.15,1097.953355,2390.395254,14284.38134,18026.66612,23,1069,2370,1123,2417,5.1956,2.3621,15.841,4.0255,1.2765,-1913.4957,1,0,1,0,1222,0.270351,0.266502,0.067245,1,1,0.050582,0.047129,0.014004,1,1,0.003876,0.005899,0.004299,0.003747,0.004061,0.000843,-0.001128,-0.005564,1222,1,53.7768,91.9349,0,6.198387,,,QUALIFIED,,-0.52193,0.128402,0.792416,,TRUE,TRUE,BOTH,normal_low,0.321820592,0.073293652,0.197557,BOTH,0,0.06726,0,0.018038,0.074523,0,LOW_CONVERGENCE,3,546,882
6413,640,0.4,0.5704,1.03,1101.301563,2497.178125,16953.95313,17942.96094,24.6857,1087,2481,1120,2515,5.1613,2.723,15.8781,4.1876,2.1899,-1908.9021,1,0,1,0,640,0.25358,0.253698,0.050396,1,1,0.052179,0.047682,0.020894,1,1,0.009292,0.007289,0.004968,0.00635,0.00574,0.000698,0.000467,-0.003493,640,1,33.734,87.2227,0,6.882042,,,QUALIFIED,,0.215562,-0.27818,0.878397,,TRUE,TRUE,BOTH,normal_low,0.298465061,0.075751187,0.187108,BOTH,0,0.074558,0.015114,0,0.072555,0,LOW_CONVERGENCE,3,573,883
6860,779,0.486875,0.4785,1.19,1155.590501,1545.861361,-6828.965982,16585.73748,17.9359,1139,1523,1176,1567,5.861,4.4037,21.3409,4.8815,2.7316,-2116.5985,1,0,0.1474,0.311,779,0.183373,0.175126,0.037891,1,1,,,,0,0,0.010143,0.005048,0.000984,0.001779,0.004775,0.002813,-0.003929,-0.006488,779,1,-19.4926,68.1002,0,14.254758,,,QUALIFIED,,0.502317,,0.41089,,TRUE,FALSE,CPR_ONLY,normal_low,0.2006938,,0.200694,CPR_ONLY,0,0.034876,0.03522,0,0.070705,0,LOW_CONVERGENCE,2,607,884
6950,2267,1.416875,0.5834,1.16,1152.793119,1592.63476,-5659.63101,16655.67203,17.5904,1125,1562,1183,1629,5.9254,2.6353,22.0506,4.9014,1.6998,-2045.2659,1,0,0.0558,0.1952,2267,0.166828,0.162651,0.033818,1,1,,,,0,0,0.010936,0.005296,0.001618,0.001252,0.003166,0.001189,-0.004881,-0.006014,2267,1,-19.4926,68.1002,0,12.799536,,,QUALIFIED,,0.515728,0.226205,0.624447,,TRUE,FALSE,CPR_ONLY,normal_low,0.177653,,0.177653,CPR_ONLY,0,0.053003,0.03616,0.031777,0.07069,0,LOW_CONVERGENCE,3,608,885
26042,456,0.285,0.5241,1.03,3547.596491,1654.118421,-4122.539474,-43214.41228,43.4111,3533,1639,3562,1669,7.2063,3.8912,22.1609,5.3182,1.8819,-2112.871,1,0,1,0,456,0.26266,0.261394,0.053251,1,1,0.060278,0.050076,0.04176,1,1,-6.20E-05,0.000636,0.000169,0.001386,0.003767,0.001733,-0.003495,-0.000854,456,1,64.5725,120.1906,0,0.15,,,QUALIFIED,,,,0.539952,,TRUE,TRUE,BOTH,normal_low,0.311109997,0.088214293,0.199662,BOTH,0,0.045831,0,0,0.069065,0,LOW_CONVERGENCE,1,626,886
18599,141,0.088125,0.4947,1.27,2547.886525,2560.170213,18528.75532,-18221.66312,25.9881,2540,2550,2555,2569,4.2195,1.9124,10.1806,3.8496,1.0232,1806.358,1,0,0.9194,0.2262,141,0.274127,0.259704,0.049779,1,1,0.07058,0.06679,0.023257,1,1,-0.002646,0.000862,0.00054,0.003584,0.005891,0.004372,-0.006035,0.003386,141,1,206.9462,82.5201,0,4.286972,,,QUALIFIED,,,,0.257851,,TRUE,TRUE,BOTH,normal_low,0.327079103,0.104067475,0.215573,BOTH,0,0.021886,0,0,0.069049,0,LOW_CONVERGENCE,1,627,887
26070,513,0.320625,0.4655,1.31,3544.719298,1627.45809,-4789.047758,-43142.48246,43.4079,3533,1612,3562,1650,7.1484,3.668,21.1196,5.1645,1.5201,-2100.2383,1,0,1,0,513,0.247585,0.240674,0.058117,1,1,0.05502,0.05183,0.01437,1,1,0.000119,0.000576,-0.000583,0.000473,0.005101,0.001104,-0.006248,0.000795,513,1,64.5725,120.1906,0,0.649038,,,QUALIFIED,,,,0.783572,,TRUE,TRUE,BOTH,normal_low,0.290116339,0.080123046,0.18512,BOTH,0,0.066509,0,0,0.068838,0,LOW_CONVERGENCE,1,634,888
6425,459,0.286875,0.4098,1.09,1104.581699,2424.385621,15134.14052,17860.95752,23.4105,1087,2407,1119,2442,3.7067,2.0917,10.556,3.0395,1.3603,-1932.3298,1,0,1,0,459,0.254678,0.248351,0.045341,1,1,0.061925,0.06039,0.018344,1,1,0.004595,0.004356,0.005116,0.004447,0.003417,0.00186,-0.000551,-0.006413,459,1,33.734,87.2227,0,6.363961,,,QUALIFIED,,0.052013,0.130766,0.455663,,TRUE,TRUE,BOTH,normal_low,0.299994151,0.090748771,0.195371,BOTH,0,0.038676,0.003647,0.01837,0.068548,0,LOW_CONVERGENCE,3,640,889
17902,177,0.110625,0.5619,1.4,2474.59887,2607.937853,19722.94633,-16389.47175,25.6446,2465,2601,2486,2616,5.8677,2.9138,16.501,4.361,1.1231,2125.7376,1,0,0.2434,0.3768,177,0.242809,0.240112,0.047864,1,1,0.084003,0.081683,0.017993,1,1,-0.004963,0.00129,0.000133,-0.000199,0.001232,0.000715,-0.000772,-0.010982,177,1,206.9462,82.5201,0,4.438609,,,QUALIFIED,,,,0.419643,,TRUE,TRUE,BOTH,normal_low,0.283465214,0.124723393,0.204094,BOTH,0,0.035619,0,0,0.068352,0,LOW_CONVERGENCE,1,644,890
11053,2497,1.560625,0.4399,1.3,1553.273528,3031.170204,30303.75511,6643.661794,31.0239,1526,2992,1592,3078,6.5556,3.1751,26.567,5.4005,2.0833,-1728.2524,1,0.0032,0.4804,0.4702,2497,0.193786,0.181608,0.0534,1,1,,,,0,0,0.001332,0.000635,0.000676,-9.80E-05,0.00073,-0.002242,-0.005168,-0.004478,2497,1,25.3927,84.5067,0,6.384062,,,QUALIFIED,,0.523273,,,,TRUE,FALSE,CPR_ONLY,normal_low,0.215195091,,0.215195,CPR_ONLY,0,0,0.036689,0,0.068227,0,LOW_CONVERGENCE,1,649,891
4174,1736,1.085,0.5283,1.17,830.016129,1556.141129,-6571.971774,24725.09677,25.583,801,1522,854,1584,7.5106,3.5608,22.7759,6.5609,2.8089,-3009.7982,1,0,1,0,1736,0.287788,0.275665,0.074468,1,1,0.054137,0.05344,0.008331,1,1,0.005837,0.004846,0.005442,0.00439,0.003928,0.004797,0.001973,0.003501,1736,1,-19.4926,68.1002,0,18.227606,,,QUALIFIED,,0.169779,0.193311,-0.221232,-0.774455,TRUE,TRUE,BOTH,normal_low,0.346103605,0.078764246,0.212434,BOTH,0,0,0.011904,0.027156,0.067636,0,LOW_CONVERGENCE,4,656,892
1625,512,0.32,0.5322,1.42,463.5,722.8535156,-27404.16211,33888,43.5812,451,706,477,743,5.0229,2.5333,15.5985,4.119,1.798,-1261.6539,1,0,0.2021,0.3581,512,0.265454,0.260906,0.045243,1,1,0.068975,0.066795,0.008875,1,1,0.034424,0.047186,0.058617,0.06034,0.080686,0.063687,0.067576,0.06,512,1,80.591,99.4056,0,21.34596,,,QUALIFIED,,-0.37073,-0.029394,0.210681,0.112111,TRUE,TRUE,BOTH,normal_low,0.315000961,0.101597629,0.208299,BOTH,0.00505,0.017882,0,0,0.067581,0,LOW_CONVERGENCE,4,657,893
5066,696,0.435,0.5179,1.71,950.158046,1690.956897,-3201.577586,21721.54885,21.9557,937,1667,965,1715,9.9283,4.4455,24.2033,8.8082,3.1775,-1931.7608,1,0,1,0,696,0.300316,0.28411,0.115557,1,1,0.032189,0.031901,0.002502,1,1,0.001911,0.001535,0.00271,0.00181,0.000708,-0.002928,-0.004919,-0.003535,696,1,33.7027,75.9158,0,13.859293,,,QUALIFIED,,0.196756,0.332103,,,TRUE,TRUE,BOTH,normal_low,0.363550275,0.044989674,0.20427,BOTH,0,0,0.013795,0.046654,0.067326,0,LOW_CONVERGENCE,2,660,894
11661,522,0.32625,0.522,1.6,1626.954023,3407.860153,39721.00383,4801.649425,40.0106,1607,3397,1647,3422,5.8558,2.6636,14.272,4.9349,1.5622,-1160.2841,1,0,0.0536,0.1876,522,0.183548,0.173291,0.050893,1,1,,,,0,0,0.003377,0.005293,0.004689,0.005317,0.006361,0.003737,-0.000493,-0.016059,522,1,63.3495,86.7715,0,7.021574,,,QUALIFIED,,-0.567367,-0.13393,0.412514,,TRUE,FALSE,CPR_ONLY,normal_low,0.200937508,,0.200938,CPR_ONLY,0,0.035014,0,0,0.067284,0,LOW_CONVERGENCE,3,663,895
1790,1065,0.665625,0.3907,1.23,496.6075117,1807.123005,-297.4248826,33060.31221,33.0611,477,1778,524,1836,9.9798,4.8162,25.8807,8.1366,3.3705,-542.6155,1,0.0019,0.4266,0.4701,1065,0.170538,0.16656,0.04877,1,1,0.124166,0.123069,0.017829,1,1,0.006914,0.003025,0.009389,0.011492,0.007523,0.006319,0.012545,0.007829,1065,1,49.6089,82.7432,0,21.741234,,,QUALIFIED,,0.562482,-0.223986,0.160043,0.375927,TRUE,TRUE,BOTH,normal_low,0.182819598,0.186528027,0.184674,BOTH,0.016935,0.013584,0.039438,0,0.067143,0,LOW_CONVERGENCE,4,668,896
23611,131,0.081875,0.6823,1.33,3105.290076,1307.541985,-12786.95038,-32156.75191,34.6061,3100,1300,3112,1316,5.4591,3.023,18.9964,4.8177,1.0452,-560.5127,1,0,0.2699,0.4052,131,0.138214,0.138713,0.023552,1,1,0.095093,0.095327,0.007333,1,1,0.009994,0.005722,0.000293,0.001955,0.004481,0.000431,0.001703,0.000906,131,1,62.9466,93.772,0,7.907947,,,QUALIFIED,,0.427456,,0.903816,0.467998,TRUE,TRUE,BOTH,normal_low,0.137804739,0.141789184,0.139797,BOTH,0.021082,0.076715,0.029971,0,0.066604,0,LOW_CONVERGENCE,3,677,897
6668,3591,2.244375,0.4293,1.24,1127.02729,2376.598441,13939.46101,17299.81774,22.2169,1070,2341,1172,2423,7.0568,3.4103,27.9047,5.6585,2.1577,-1907.4495,1,0.0006,0.8973,0.2636,3591,0.245585,0.237449,0.062312,1,1,0.045127,0.042785,0.01301,0.440824,0.440824,0.003381,0.002446,0.001425,0.001935,0.002547,0.000837,-0.008615,-0.002477,3591,1,53.7768,91.9349,0,4.909493,,,QUALIFIED,,0.276545,-0.357895,0.671378,,TRUE,TRUE,BOTH,normal_low,0.287331111,0.064899252,0.176115,BOTH,0,0.056986,0.01939,0,0.066171,0,LOW_CONVERGENCE,3,686,898
1133,612,0.3825,0.3446,1.3,373.4281046,828.2875817,-24768.31046,36139.79739,43.812,349,809,397,846,8.5658,3.943,22.36,7.7627,3.0807,-1312.8916,1,0,0.0263,0.1276,612,0.275064,0.256458,0.097858,1,1,0.06891,0.066647,0.009173,1,1,0.005463,0.010305,0.016921,0.021459,0.024967,0.027209,0.02399,0.02126,612,1,46.1389,95.783,0,24.847057,,,QUALIFIED,,-0.886326,-0.268187,-0.089799,0.113797,TRUE,TRUE,BOTH,normal_low,0.328383983,0.101497604,0.214941,BOTH,0.005126,0,0,0,0.06602,0,LOW_CONVERGENCE,4,690,899
15654,260,0.1625,0.4187,1.17,2166.038462,938.5038462,-22012.90385,-8675.461538,23.6605,2156,925,2179,952,6.902,4.4151,20.1604,7.1942,4.1895,2900.8346,1,0,0.0257,0.133,260,0.324651,0.325645,0.054535,0.430769,0.430769,0.025474,0.025705,0.002612,1,1,0.134559,0.154291,0.219778,0.2353,0.288657,0.286187,0.306291,0.29034,260,1,202.389,88.4478,0,14.43087,,,QUALIFIED,,-0.146642,-0.070626,0.008557,0.052078,TRUE,TRUE,BOTH,normal_low,0.39743954,0.03465633,0.216048,BOTH,0.002346,0.000726,0,0,0.065663,0,LOW_CONVERGENCE,4,695,900
2644,174,0.10875,0.6042,1.12,617.5574713,1717.545977,-2536.850575,30036.56322,30.143,610,1709,626,1727,8.0399,3.6514,19.4025,7.4533,2.4774,-1192.0885,1,0,0.2674,0.3778,174,0.193186,0.178867,0.053807,1,1,0.136896,0.138333,0.009441,1,1,0.008304,0.013861,0.013822,0.011311,0.010493,0.01047,0.011795,0.012377,174,1,49.6089,82.7432,0,20.476587,,,QUALIFIED,,-0.669196,0.181667,0.002192,-0.049343,TRUE,TRUE,BOTH,normal_low,0.214359523,0.206117525,0.210239,BOTH,0,0.000186,0,0.025521,0.065661,0,LOW_CONVERGENCE,4,696,901
19977,269,0.168125,0.467,1,2692.319703,2556.3829,18434.07249,-21832.49257,28.5747,2682,2544,2706,2568,9.1354,4.806,24.5366,9.0056,4.6696,1011.0937,1,0,0.2767,0.4128,269,0.237388,0.238157,0.068901,0.910781,0.910781,0.055371,0.055099,0.004337,1,1,-8.50E-05,0.000608,-0.000475,0.000115,0.001059,0.000308,-0.001101,-0.003715,269,1,206.9462,82.5201,0,4.560976,,,QUALIFIED,,,,0.70916,,TRUE,TRUE,BOTH,normal_low,0.275915853,0.080663181,0.17829,BOTH,0,0.060193,0,0,0.065526,0,LOW_CONVERGENCE,1,699,902
20722,130,0.08125,0.625,1.23,2773.530769,1990.815385,4294.884615,-23862.76923,24.2468,2766,1984,2782,1997,3.6131,1.9164,10.5862,3.5045,1.4608,257.9037,1,0,0.9852,0.1028,130,0.213863,0.207793,0.043075,1,1,0.058225,0.057848,0.008623,1,1,0.002152,0.00207,-0.001656,-0.001379,0.005185,0.000322,-0.00108,-0.000628,130,1,147.9055,80.9548,0.215385,0,0.002295,0.000676,QUALIFIED,,0.038104,,0.937898,,TRUE,TRUE,BOTH,normal_low,0.243154605,0.085055044,0.164105,BOTH,0,0.079608,0.002672,0,0.06542,0,LOW_CONVERGENCE,2,701,903
25872,164,0.1025,0.4339,1.17,3491.72561,1773.567073,-1136.323171,-41817.64024,41.8336,3480,1766,3501,1784,6.3233,3.8233,16.3998,5.5311,1.6802,-2060.6817,1,0,0.9698,0.149,164,0.225014,0.225178,0.042477,1,1,0.043318,0.042143,0.008484,1,1,0.001211,0.001495,0.003926,0.003789,0.002213,4.90E-05,0.000651,0.001207,164,1,64.5725,120.1906,0.006098,0,0.00382,0.000677,QUALIFIED,,-0.234517,0.034896,0.977858,,TRUE,TRUE,BOTH,normal_low,0.258683645,0.062115481,0.1604,BOTH,0,0.083,0,0.004902,0.06521,0,LOW_CONVERGENCE,3,706,904
23321,729,0.455625,0.5137,1.3,3065.691358,1702.839506,-2904.512346,-31166.78395,31.3023,3045,1688,3088,1721,9.9617,2.5063,17.436,8.6976,1.6873,-1675.3607,1,0,0.0364,0.161,729,0.200508,0.198703,0.029891,0.890261,0.890261,0.047035,0.046239,0.007308,1,1,0.004533,0.002501,0.003922,0.003178,0.003929,0.000351,-0.002346,-0.002596,729,1,73.237,102.5391,0,1.785532,,,QUALIFIED,,0.448268,0.189699,0.910664,,TRUE,TRUE,BOTH,normal_low,0.224556243,0.067835368,0.146196,BOTH,0,0.077297,0.03143,0.026649,0.065126,0,LOW_CONVERGENCE,3,709,905
26050,667,0.416875,0.5701,1.3,3550.829085,1537.4003,-7040.492504,-43295.22714,43.8644,3536,1516,3566,1555,9.5479,4.0911,22.5675,8.0959,2.5586,-1787.6,1,0,0.9192,0.2627,667,0.250907,0.242975,0.054803,1,1,0.045802,0.045215,0.006617,1,1,-0.001426,-2.50E-05,0.000981,0.001547,0.005068,0.001789,-0.005035,-0.001012,667,1,16.5674,112.9342,0,2.942788,,,QUALIFIED,,,,0.647001,,TRUE,TRUE,BOTH,normal_low,0.294742603,0.065937972,0.18034,BOTH,0,0.054917,0,0,0.065085,0,LOW_CONVERGENCE,1,711,906
23316,236,0.1475,0.59,1,3066.038136,2407.775424,14718.88559,-31175.45339,34.4761,3056,2398,3076,2418,6.8448,4.5686,20.6791,6.4666,4.0092,-76.4971,1,0,0.0908,0.2417,236,0.241162,0.230115,0.041714,1,1,0.101678,0.099608,0.018312,1,1,0.000654,0.000454,-0.00137,2.40E-05,-0.000504,-0.006876,-0.004524,-0.003611,236,1,121.4255,96.4448,0,1.840007,,,QUALIFIED,,,,,,TRUE,TRUE,BOTH,normal_low,0.281171578,0.151922479,0.216547,BOTH,0,0,0,0,0.064964,0,LOW_CONVERGENCE,0,713,907
18978,2355,1.471875,0.4522,1.35,2570.372824,2573.130361,18852.75902,-18783.82059,26.6138,2539,2528,2601,2612,9.9312,4.0429,27.7889,8.3174,2.6547,1882.5726,1,0.0008,0.7655,0.3934,2355,0.241159,0.226767,0.075088,1,1,0.095064,0.072017,0.102469,1,1,0.001086,0.001158,0.000575,-0.002375,0.003456,0.003165,-0.003772,0.000947,2355,1,206.9462,82.5201,0,3.832183,,,QUALIFIED,,-0.066298,,0.084201,,TRUE,TRUE,BOTH,normal_low,0.281167401,0.141744558,0.211456,BOTH,0,0.007147,0,0,0.064866,0,LOW_CONVERGENCE,2,714,908
17949,955,0.596875,0.5402,1.53,2482.271204,2631.331937,20307.79843,-16581.2801,26.218,2467,2602,2501,2654,8.1722,3.5781,24.4578,6.9261,2.2206,2129.0495,1,0,0.1032,0.2628,955,0.287142,0.276085,0.06538,0.987435,0.987435,0.059228,0.058013,0.011246,1,1,-0.001801,0.001526,-0.001813,-0.001385,-0.000213,0.002821,-0.000166,-0.008305,955,1,206.9462,82.5201,0,4.673462,,,QUALIFIED,,,,,,TRUE,TRUE,BOTH,normal_low,0.345203976,0.086598506,0.215901,BOTH,0,0,0,0,0.06477,0,LOW_CONVERGENCE,0,718,909
6752,405,0.253125,0.5357,1.04,1151.323457,2809.901235,24772.03086,16692.41358,29.8714,1139,2796,1166,2824,7.173,4.3585,29.5733,5.8009,2.4737,-2084.2281,1,0.0123,1,0,405,0.166444,0.162271,0.025618,1,1,,,,0,0,0.001152,0.002923,0.000258,0.001281,0.001701,0.000548,-0.003413,-0.007444,405,1,-50.1159,79.0402,0,8.285907,,,QUALIFIED,,-1.537326,,0.677837,,TRUE,FALSE,CPR_ONLY,normal_low,0.177118236,,0.177118,CPR_ONLY,0,0.057534,0,0,0.064642,0,LOW_CONVERGENCE,2,719,910
860,261,0.163125,0.5438,1.88,299.9961686,2342.038314,13075.45785,37975.59579,40.1633,292,2329,308,2359,8.3828,3.9519,19.0289,6.9532,2.7137,79.2562,1,0,0.2792,0.3981,261,0.261499,0.24881,0.111673,0.827586,0.827586,0.073207,0.07044,0.009828,1,1,0.05462,0.067618,0.086209,0.089723,0.108556,0.095854,0.107195,0.111293,261,1,67.2511,77.9602,0,16.74164,,,QUALIFIED,,-0.237971,-0.040761,0.117009,-0.038229,TRUE,TRUE,BOTH,normal_low,0.309493172,0.108110021,0.208802,BOTH,0,0.009932,0,0,0.064627,0,LOW_CONVERGENCE,4,720,911
10503,731,0.456875,0.4806,1,1510.927497,3138.871409,32996.28523,7702.312585,33.8837,1489,3120,1528,3159,9.6792,3.3307,23.5651,8.1373,2.2767,-1601.2923,1,0,0.9031,0.2711,731,0.193826,0.178901,0.05502,1,1,,,,0,0,-0.002601,0.000365,-0.002314,-0.001264,-0.00245,-0.003017,-0.013947,-0.008007,731,1,25.3927,84.5067,0,5.47888,,,QUALIFIED,,,,,,TRUE,FALSE,CPR_ONLY,normal_low,0.215250796,,0.215251,CPR_ONLY,0,0,0,0,0.064575,0,LOW_CONVERGENCE,0,721,912
18981,245,0.153125,0.5469,1.75,2599.293878,2823.787755,25119.19388,-19506.84694,31.8046,2585,2816,2613,2832,7.5336,4.7839,25.4117,6.6486,4.0568,1949.4049,1,0.0041,1,0,245,0.247782,0.237531,0.043132,1,1,0.093861,0.089783,0.016218,1,1,-0.001072,0.00041,-0.001259,0.001437,-0.000764,0.006812,-0.002222,-0.007998,245,1,224.1259,75.5495,0,10.690095,,,QUALIFIED,,,,,,TRUE,TRUE,BOTH,normal_low,0.290390684,0.139893327,0.215142,BOTH,0,0,0,0,0.064543,0,LOW_CONVERGENCE,0,722,913
10986,261,0.163125,0.5404,1.1,1554.831418,2871.16092,26303.52299,6604.714559,27.1204,1544,2861,1567,2882,3.4896,1.4157,7.7314,3.2192,0.967,-1921.021,1,0,0.0067,0.0534,261,0.190622,0.17702,0.045898,1,1,,,,0,0,0.03437,0.030092,0.039353,0.040355,0.04773,0.049199,0.050448,0.048861,242,0.9272,25.3927,84.5067,0,3.27185,,,QUALIFIED,,0.124469,-0.025462,-0.030777,0.031458,TRUE,FALSE,CPR_ONLY,normal_low,0.21078886,,0.210789,CPR_ONLY,0.001417,0,0.008727,0,0.064534,0,LOW_CONVERGENCE,4,723,914
10756,410,0.25625,0.4039,1.21,1537.568293,3349.390244,38259.2561,7036.292683,38.9013,1522,3336,1557,3365,6.3359,3.5029,18.3645,5.4814,2.5364,-1222.4983,1,0,0.4186,0.468,410,0.191112,0.172914,0.095209,1,1,,,,0,0,0.002958,0.002634,0.004528,0.005948,0.005646,0.007091,-0.000483,1.00E-06,410,1,31.5436,77.8519,0,4.916299,,,QUALIFIED,,0.109533,-0.313604,-0.255933,,TRUE,FALSE,CPR_ONLY,normal_low,0.211471241,,0.211471,CPR_ONLY,0,0,0.00768,0,0.064209,0,LOW_CONVERGENCE,3,726,915
11898,432,0.27,0.4943,1.65,1658.090278,3068.662037,31241.05093,4023.243056,31.4995,1640,3056,1678,3079,5.8802,1.8121,10.9214,5.0811,1.0939,-1734.9904,1,0,0.0162,0.0963,432,0.170892,0.163062,0.045713,1,1,,,,0,0,0.001451,0.002639,0.002765,0.001968,0.003602,0.002508,-0.002941,-0.004498,432,1,66.0189,90.6798,0,7.251078,,,QUALIFIED,,-0.818746,0.288246,0.30372,,TRUE,FALSE,CPR_ONLY,normal_low,0.183312583,,0.183313,CPR_ONLY,0,0.02578,0,0.040493,0.064199,0,LOW_CONVERGENCE,3,727,916
8727,534,0.33375,0.5651,1.3,1357.346442,3255.516854,35912.42135,11541.83895,37.7219,1346,3239,1373,3274,8.7424,3.4548,20.6225,7.1976,2.1278,-1307.516,1,0,0.5383,0.4536,534,0.192759,0.185977,0.03899,1,1,,,,0,0,0.000898,0.003147,0.00145,0.002387,-0.000657,0.000325,-0.006961,-0.00276,534,1,31.5436,77.8519,0,0.986471,,,QUALIFIED,,,-0.646207,,,TRUE,FALSE,CPR_ONLY,normal_low,0.213764877,,0.213765,CPR_ONLY,0,0,0,0,0.06413,0,LOW_CONVERGENCE,1,729,917
20560,1312,0.82,0.4447,1.18,2747.314787,1922.816311,2594.907774,-23207.36966,23.3525,2725,1892,2775,1951,8.1797,3.1525,24.9439,6.8516,1.9128,116.3948,1,0,0.7894,0.3835,1312,0.275101,0.272471,0.059453,1,1,0.066454,0.060602,0.025681,1,1,0.000996,0.001513,0.000696,0.000912,-0.0015,-0.003562,-0.013406,-0.012775,1312,1,147.9055,80.9548,0.344512,0,0.001426,2.00E-05,QUALIFIED,,,,,,TRUE,TRUE,BOTH,normal_low,0.328435509,0.097718201,0.213077,BOTH,0,0,0,0,0.063923,0,LOW_CONVERGENCE,0,731,918
25531,263,0.164375,0.4638,1.29,3406.539924,1755.091255,-1598.218631,-39687.9981,39.7206,3396,1740,3417,1767,5.2566,2.4879,13.4606,4.5714,1.8253,-1741.8692,1,0,0.9795,0.1137,263,0.222797,0.218626,0.032977,1,1,0.071535,0.06624,0.016553,1,1,-0.000237,0.002902,0.00245,0.003332,0.001935,0.000836,-0.004601,-0.00318,263,1,64.5725,120.1906,0.011407,0,0.003565,0.000326,QUALIFIED,,,-0.36,0.567959,,TRUE,TRUE,BOTH,normal_low,0.25559622,0.105537072,0.180567,BOTH,0,0.048208,0,0,0.063812,0,LOW_CONVERGENCE,2,734,919
9545,293,0.183125,0.6705,1.21,1427.887372,2621.918089,20072.45222,9778.3157,22.3278,1417,2613,1440,2632,5.8101,3.4319,25.2624,4.9553,1.7822,-1854.8004,1,0.0034,0.018,0.1085,293,0.27004,0.265778,0.049458,1,1,0.02258,0.022035,0.003555,1,1,0.012935,0.008179,0.00955,0.006202,0.00911,0.007667,0.007557,0.007144,293,1,33.5851,91.8903,0,1.290591,,,QUALIFIED,,0.367685,0.350576,0.158397,0.054651,TRUE,TRUE,BOTH,normal_low,0.321387489,0.030202912,0.175795,BOTH,0.002462,0.013445,0.02578,0.049249,0.063669,0,LOW_CONVERGENCE,4,735,920
26068,152,0.095,0.5429,1.43,3554.842105,1615.282895,-5093.427632,-43395.55263,43.6939,3545,1608,3565,1622,6.7014,2.8323,15.6789,5.1353,1.3199,-2096.33,1,0,1,0,152,0.222152,0.215295,0.050871,1,1,0.065561,0.062037,0.012057,1,1,0.000221,0.000769,0.00023,0.00048,0.002694,0.000953,-0.002551,0.001118,152,1,64.5725,120.1906,0,1.322167,,,QUALIFIED,,,,0.646251,,TRUE,TRUE,BOTH,normal_low,0.254697984,0.096344012,0.175521,BOTH,0,0.054853,0,0,0.063627,0,LOW_CONVERGENCE,1,736,921
11644,1838,1.14875,0.5282,1.03,1662.566921,3126.939608,32697.99021,3911.326986,32.9315,1633,3094,1691,3154,9.8464,4.4599,25.5674,8.2578,3.487,-1740.5604,1,0.0005,0.5449,0.4763,1838,0.189996,0.181265,0.055332,1,1,,,,0,0,0.00187,0.001711,0.00014,0.001504,0.000263,0.003525,-0.004633,-0.007061,1838,1,66.0189,90.6798,0,8.2,,,QUALIFIED,,0.085027,,,,TRUE,FALSE,CPR_ONLY,normal_low,0.209917084,,0.209917,CPR_ONLY,0,0,0.005962,0,0.063571,0,LOW_CONVERGENCE,1,737,922
13602,161,0.100625,0.3259,1.37,1900.838509,3041.037267,30550.43168,-2045.462733,30.6194,1893,3028,1912,3054,8.5137,2.1844,13.4093,7.6888,1.6012,-678.6042,1,0,0.0224,0.128,161,0.311005,0.298874,0.062385,1,1,0.032322,0.031882,0.00358,1,1,0.000953,-0.002669,-3.40E-05,-0.000643,-0.002137,-0.007253,-0.00166,-0.00477,161,1,66.0189,90.6798,0,8.564206,,,QUALIFIED,,,,,,TRUE,TRUE,BOTH,normal_low,0.378435927,0.045194341,0.211815,BOTH,0,0,0,0,0.063545,0,LOW_CONVERGENCE,0,738,923
20015,180,0.1125,0.4891,1.44,2692.433333,1870.227778,1280.194444,-21835.33333,21.8734,2684,1860,2700,1883,5.561,3.0792,15.9905,4.8038,2.0707,132.6751,1,0,0.4758,0.441,180,0.246635,0.249893,0.067268,1,1,0.089136,0.079245,0.038928,1,1,0.000621,0.00497,0.001474,0.002825,0.001108,0.001604,-0.000875,-0.002944,180,1,147.9055,80.9548,0.094444,0,0.002225,0.00084,QUALIFIED,,,-0.916554,-0.447653,,TRUE,TRUE,BOTH,normal_low,0.288793356,0.132622284,0.210708,BOTH,0,0,0,0,0.063212,0,LOW_CONVERGENCE,2,745,924
22546,230,0.14375,0.5476,1.05,2966.9,2459.726087,16017.65217,-28697,32.8653,2957,2451,2978,2471,6.7439,3.794,22.0382,4.5955,1.6688,-579.8621,1,0,1,0,230,0.239897,0.235796,0.039603,1,1,0.084811,0.080492,0.021056,1,1,0.002514,0.002493,0.001186,0.001007,0.000816,0.001267,-0.002354,0.003861,230,1,121.4255,96.4448,0,1.700735,,,QUALIFIED,,0.008353,0.150927,,,TRUE,TRUE,BOTH,normal_low,0.279409922,0.125966779,0.202688,BOTH,0,0,0.000586,0.021202,0.062985,0,LOW_CONVERGENCE,2,747,925
10649,444,0.2775,0.6116,1.5,1523.90991,3010.306306,29782.15766,7377.752252,30.6827,1514,2994,1536,3027,5.834,2.9221,15.7445,5.1481,2.5526,-1708.5408,1,0,0.2814,0.4187,444,0.189983,0.192002,0.03904,1,1,,,,0,0,-0.00609,8.10E-05,-0.002611,-0.001096,-0.0026,-0.007833,-0.017582,-0.014444,444,1,25.3927,84.5067,0,6.536819,,,QUALIFIED,,,,,,TRUE,FALSE,CPR_ONLY,normal_low,0.20989898,,0.209899,CPR_ONLY,0,0,0,0,0.06297,0,LOW_CONVERGENCE,0,748,926
13707,1423,0.889375,0.3286,1.16,1926.142656,213.9360506,-40127.09874,-2678.066409,40.2159,1895,178,1956,249,5.0477,2.4845,24.8019,4.0051,1.556,-2410.6748,1,0,1,0,1423,0.280992,0.283194,0.059065,1,1,0.029428,0.028009,0.006747,0.709065,0.709065,0.005491,0.007485,0.007564,0.006793,0.00909,0.006531,0.002501,0.007782,1423,1,35.5577,101.3636,0,1.338376,,,QUALIFIED,,-0.36314,0.10193,0.281518,-2.111555,TRUE,TRUE,BOTH,normal_low,0.336639399,0.040740923,0.18869,BOTH,0,0.023895,0,0.014319,0.062818,0,LOW_CONVERGENCE,4,751,927
25871,2966,1.85375,0.5604,1.18,3478.456507,1753.045179,-1649.370533,-41485.91268,41.5192,3445,1712,3512,1791,9.518,3.7575,29.6096,8.1267,2.8284,-2019.4252,1,0.0051,0.9686,0.1507,2966,0.234987,0.230552,0.04257,1,1,0.043644,0.041753,0.010075,1,1,0.002292,0.001447,0.003323,0.003338,0.002939,0.001231,0.000183,-0.000218,2966,1,64.5725,120.1906,0.162508,0,0.001933,0.000134,QUALIFIED,,0.368674,-0.004514,0.58115,,TRUE,TRUE,BOTH,normal_low,0.272572186,0.062617145,0.167595,BOTH,0,0.049328,0.025849,0,0.062729,0,LOW_CONVERGENCE,3,753,928
14910,149,0.093125,0.6261,1.21,2074.704698,112.557047,-42661.57383,-6392.11745,43.1374,2068,104,2082,121,5.1432,4.1972,17.6679,4.4946,3.0654,-2388.5732,1,0,1,0,149,0.171095,0.174027,0.039812,1,1,,,,0,0,0.008001,0.006524,0.006026,0.005069,0.008865,0.011427,0.010237,0.007234,149,1,57.7818,98.3332,0,1.286954,,,QUALIFIED,,0.184602,0.158812,-0.289002,0.293348,TRUE,FALSE,CPR_ONLY,normal_low,0.183595284,,0.183595,CPR_ONLY,0.013215,0,0.012943,0.02231,0.062568,0,LOW_CONVERGENCE,4,755,929
23262,3382,2.11375,0.4747,1.27,3068.024246,1441.765819,-9431.354524,-31225.10615,32.6187,3030,1395,3105,1490,10.5236,4.7656,29.7519,9.0222,3.7423,-1355.481,1,0.0044,0.0241,0.1264,3382,0.180211,0.177659,0.035217,1,1,0.078926,0.076348,0.014567,1,1,0.012035,0.005842,0.001269,0.003271,0.001565,0.000466,-0.00343,-0.00381,3382,1,62.9466,93.772,0,7.115344,,,QUALIFIED,,0.514582,-1.57762,0.702236,,TRUE,TRUE,BOTH,normal_low,0.196290354,0.116910676,0.156601,BOTH,0,0.059605,0.03608,0,0.062509,0,LOW_CONVERGENCE,3,757,930
13583,524,0.3275,0.5881,1.22,1909.068702,200.9751908,-40451.12023,-2251.217557,40.5132,1894,188,1927,215,5.6692,3.2555,20.8731,4.2062,1.8407,-2408.8869,1,0,1,0,524,0.303926,0.304541,0.042226,1,1,0.034059,0.033741,0.005778,1,1,0.004399,0.006864,0.005568,0.00605,0.008538,0.008652,0.004365,0.0097,524,1,35.5577,101.3636,0,1.173936,,,QUALIFIED,,-0.560355,-0.086566,-0.013352,-1.222222,TRUE,TRUE,BOTH,normal_low,0.368577612,0.047867315,0.208222,BOTH,0,0,0,0,0.062467,0,LOW_CONVERGENCE,4,758,931
13361,703,0.439375,0.5007,1.08,1865.054054,174.8321479,-41104.6963,-1150.851351,41.1203,1846,154,1882,193,6.5205,3.4808,19.5985,5.5382,2.6398,-2372.1543,1,0,1,0,703,0.273021,0.263569,0.049384,1,1,0.03878,0.037953,0.006353,1,1,0.009211,0.010019,0.008929,0.007203,0.01051,0.012428,0.008183,0.006637,703,1,35.5577,101.3636,0.048364,0,6.10E-05,4.90E-05,QUALIFIED,,-0.087721,0.193303,-0.182493,0.188928,TRUE,TRUE,BOTH,normal_low,0.325538872,0.055132202,0.190336,BOTH,0.008511,0,0,0.027155,0.06237,0,LOW_CONVERGENCE,4,759,932
10530,664,0.415,0.4985,1.03,1516.718373,3038.356928,30483.42319,7557.540663,31.4067,1500,3021,1537,3057,9.6252,3.556,21.6953,8.1276,2.471,-1668.3827,1,0,0.6951,0.4277,664,0.187943,0.182768,0.049804,1,1,,,,0,0,-0.002503,2.20E-05,-0.001151,5.70E-05,0.000203,0.002911,-0.011896,-0.013928,664,1,25.3927,84.5067,0,6.766554,,,QUALIFIED,,,,,,TRUE,FALSE,CPR_ONLY,normal_low,0.207058047,,0.207058,CPR_ONLY,0,0,0,0,0.062117,0,LOW_CONVERGENCE,0,765,933
500,273,0.170625,0.3621,1.12,180.1575092,2165.29304,8656.826007,40971.56227,41.8757,167,2152,196,2178,4.6931,3.1575,14.8796,4.06,2.0445,-432.7842,1,0,0.0116,0.0752,273,0.238279,0.219393,0.07735,1,1,0.090465,0.087364,0.016439,1,1,0.194755,0.246031,0.33676,0.369683,0.462978,0.454338,0.461417,0.474519,273,1,67.2511,77.9602,0,21.804945,,,QUALIFIED,,-0.263285,-0.097764,0.018662,-0.028395,TRUE,TRUE,BOTH,normal_low,0.277156672,0.134667409,0.205912,BOTH,0,0.001584,0,0,0.06209,0,LOW_CONVERGENCE,4,767,934
1742,2261,1.413125,0.4096,1.16,494.605042,973.2954445,-21143.11389,33110.37395,39.2845,459,929,528,1009,7.501,3.7628,28.6115,6.0898,2.0438,-1220.8308,1,0.0027,0.0362,0.1596,2261,,,,0,0,0.136349,0.125042,0.044673,1,1,0.064986,0.065902,0.091566,0.093946,0.121561,0.124164,0.128712,0.124261,2261,1,35.9271,86.4979,0,24.692762,,,QUALIFIED,,-0.014095,-0.025992,-0.021413,0.034581,FALSE,TRUE,S1_ONLY,no_data,,0.205275776,0.205276,S1_ONLY,0.001558,0,0,0,0.06205,0,LOW_CONVERGENCE,4,768,935
7056,167,0.104375,0.5567,1.33,1179.041916,2449.311377,15757.28443,15999.4521,22.4561,1172,2440,1187,2460,6.5914,3.1825,16.0348,5.961,2.3769,-1936.0168,1,0,0.9099,0.2398,167,0.187354,0.182329,0.030379,1,1,,,,0,0,-0.000255,0.000658,-0.002494,0.003526,-0.001108,-0.007538,-0.00676,-0.01427,167,1,33.734,87.2227,0,4.89547,,,QUALIFIED,,,,,,TRUE,FALSE,CPR_ONLY,normal_low,0.206237797,,0.206238,CPR_ONLY,0,0,0,0,0.061871,0,LOW_CONVERGENCE,0,771,936
8528,202,0.12625,0.4622,1.21,1334,3392.118812,39327.4703,12125.5,41.1546,1322,3382,1345,3401,3.8303,2.5047,14.4267,2.9324,1.09,-892.6695,1,0,0.0501,0.1579,202,0.187336,0.186294,0.031845,1,1,,,,0,0,-0.000422,0.002161,-0.000198,0.002375,-0.000197,-0.003187,-0.004398,-0.007279,202,1,31.5436,77.8519,0.029703,0,0.00286,0.00077,QUALIFIED,,,,,,TRUE,FALSE,CPR_ONLY,normal_low,0.20621273,,0.206213,CPR_ONLY,0,0,0,0,0.061864,0,LOW_CONVERGENCE,0,772,937
11084,162,0.10125,0.4737,1.06,1570.339506,3421.024691,40050.11728,6217.012346,40.5302,1562,3412,1580,3431,3.899,2.0202,11.4205,3.8156,1.3653,-1194.4232,1,0,0.2654,0.3455,162,0.187327,0.175556,0.031713,1,1,,,,0,0,-7.40E-05,-0.002753,-0.004512,0.000622,-0.000816,-0.002707,-0.00328,-0.004613,162,1,31.5436,77.8519,0,5.963745,,,QUALIFIED,,,,,,TRUE,FALSE,CPR_ONLY,normal_low,0.206200197,,0.2062,CPR_ONLY,0,0,0,0,0.06186,0,LOW_CONVERGENCE,0,773,938
5677,403,0.251875,0.6297,1.6,1027.248139,1758.441687,-1514.457816,19794.29653,19.8516,1017,1743,1037,1775,5.1805,3.4088,17.8048,4.097,2.1299,-2176.5572,1,0,0.9952,0.0483,403,0.180286,0.179484,0.03571,1,1,,,,0,0,0.006708,0.005544,0.002392,0.002141,0.001779,0.004097,-0.00374,-0.008471,403,1,33.7027,75.9158,0,11.352588,,,QUALIFIED,,0.173524,0.104933,-1.302979,,TRUE,FALSE,CPR_ONLY,normal_low,0.196394801,,0.196395,CPR_ONLY,0,0,0.012167,0.014741,0.061609,0,LOW_CONVERGENCE,3,776,939
15714,324,0.2025,0.3894,1.23,2168.209877,3392.240741,39330.51852,-8729.746914,40.2883,2155,3375,2181,3407,6.3108,3.1267,15.5736,5.5886,2.7126,-723.9888,1,0,0.0428,0.1688,324,0.223988,0.21811,0.050381,1,1,0.038715,0.0352,0.013473,1,1,0.003778,0.006473,0.006708,0.004809,0.01222,0.005097,0.008631,0.008103,324,1,71.5812,82.9217,0,19.323884,,,QUALIFIED,,-0.71334,0.283095,0.582897,0.061175,TRUE,TRUE,BOTH,normal_low,0.257254823,0.055032177,0.156144,BOTH,0.002756,0.049476,0,0.039769,0.061542,0,LOW_CONVERGENCE,4,779,940
25052,333,0.208125,0.555,1.04,3324.621622,1777.846847,-1029.328829,-37640.04054,37.6546,3311,1767,3336,1791,4.8905,3.028,20.097,4.3396,2.5252,-1863.6727,1,0,0.9841,0.1015,333,0.19921,0.19272,0.059861,1,1,0.075628,0.073033,0.024803,1,1,-0.000452,0.000535,0.000674,0.002389,0.002717,0.000937,-0.000328,-4.00E-06,333,1,64.5725,120.1906,0,0.05,0.003879,0.001353,QUALIFIED,,,,0.655134,,TRUE,TRUE,BOTH,normal_low,0.22274863,0.111835565,0.167292,BOTH,0,0.055607,0,0,0.061309,0,LOW_CONVERGENCE,1,783,941
3055,456,0.285,0.48,1.52,689.0131579,1253.480263,-14138.49342,28250.17105,31.59,677,1239,702,1277,10.2771,2.8436,21.1586,9.5657,2.4036,-3359.6049,1,0,1,0,456,,,,0,0,0.135526,0.131395,0.032122,1,1,0.001572,0.001983,0.000675,0.003895,-0.000499,-0.00231,-0.001877,-0.003715,456,1,-31.9971,79.6277,0,26.436362,,,QUALIFIED,,-0.26145,,,,FALSE,TRUE,S1_ONLY,no_data,,0.204009307,0.204009,S1_ONLY,0,0,0,0,0.061203,0,LOW_CONVERGENCE,1,784,942
20806,242,0.15125,0.605,1.56,2782.280992,1690.376033,-3216.099174,-24081.52479,24.2958,2776,1678,2792,1703,7.8942,3.6478,18.1003,6.6044,2.4844,-184.6051,1,0,0.7223,0.4081,242,0.161247,0.153207,0.038195,1,1,0.074167,0.073164,0.010193,1,1,0.024394,0.011201,0.003462,0.002149,0.008693,0.006295,0.008813,0.005311,242,1,147.9055,80.9548,0,2.734616,,,QUALIFIED,,0.54083,0.379261,0.275854,0.397368,TRUE,TRUE,BOTH,normal_low,0.16988082,0.109587313,0.139734,BOTH,0.0179,0.023414,0.03792,0.053279,0.061093,0,LOW_CONVERGENCE,4,785,943
9000,778,0.48625,0.5173,1.47,1379.993573,3273.236504,36355.4126,10975.66067,37.9764,1366,3250,1398,3297,6.8631,2.9365,24.84,5.7108,1.7569,-1329.7081,1,0,0.4962,0.4709,778,0.181414,0.18222,0.025998,1,1,,,,0,0,0.015902,0.022134,0.031067,0.030161,0.038229,0.035676,0.036205,0.038892,778,1,31.5436,77.8519,0,1.258223,,,QUALIFIED,,-0.3919,0.029163,0.066782,-0.074216,TRUE,FALSE,CPR_ONLY,normal_low,0.197965669,,0.197966,CPR_ONLY,0,0.005668,0,0.004097,0.060933,0,LOW_CONVERGENCE,4,787,944
1047,255,0.159375,0.6391,1.11,335.2980392,1917.588235,2464.205882,37093.04902,37.1743,326,1907,345,1928,4.3027,2.421,11.7223,3.8279,2.1245,-403.1106,1,0,0.0905,0.256,255,0.216432,0.229268,0.059553,1,1,0.098941,0.098263,0.017307,1,1,0.193402,0.234347,0.317417,0.342606,0.399465,0.388558,0.433562,0.395045,255,1,24.6404,85.2909,0,25.475589,,,QUALIFIED,,-0.211709,-0.079356,0.027304,0.088839,TRUE,TRUE,BOTH,normal_low,0.246732231,0.14771066,0.197221,BOTH,0.004002,0.002318,0,0,0.06083,0,LOW_CONVERGENCE,4,788,945
25522,2692,1.6825,0.4514,1.18,3422.988113,1745.041233,-1849.469168,-40099.20282,40.1423,3389,1709,3460,1793,9.8838,3.4242,23.1714,8.5743,2.5,-1778.3907,1,0,0.8346,0.3248,2692,0.232982,0.230079,0.048973,1,1,0.063884,0.054427,0.034409,1,1,0.001323,0.003065,0.003035,0.004115,0.003871,0.002457,-0.000434,0.000202,2692,1,64.5725,120.1906,0.076152,0,0.002122,0.000243,QUALIFIED,,-1.316704,-0.355848,0.36528,,TRUE,TRUE,BOTH,normal_low,0.269779995,0.093763369,0.181772,BOTH,0,0.031005,0,0,0.060733,0,LOW_CONVERGENCE,3,789,946
5841,148,0.0925,0.5139,1.12,1049.756757,1711.601351,-2685.466216,19231.58108,19.4176,1042,1704,1058,1722,3.3617,1.3706,7.0685,2.9338,0.5512,-2184.3657,1,0,0.9924,0.0741,148,0.173122,0.165198,0.036533,1,1,,,,0,0,0.001038,0.000596,-0.000921,-0.000942,0.003808,0.003403,-0.004089,-0.015026,148,1,33.7027,75.9158,0,12.150231,,,QUALIFIED,,0.425819,,0.106355,,TRUE,FALSE,CPR_ONLY,normal_low,0.186418113,,0.186418,CPR_ONLY,0,0.009027,0.029856,0,0.060716,0,LOW_CONVERGENCE,2,790,947
18628,875,0.546875,0.6214,1.38,2542.374857,2596.449143,19435.72857,-18083.87143,26.5483,2520,2582,2564,2614,8.243,3.8465,21.0758,7.3383,2.9416,1917.7604,1,0,0.32,0.4308,875,0.261722,0.246697,0.067735,1,1,0.064302,0.061175,0.021914,1,1,-0.002314,-0.000235,5.10E-05,0.002231,0.003002,0.003961,-0.004723,0.000698,875,1,206.9462,82.5201,0,4.854122,,,QUALIFIED,,,,-0.319454,,TRUE,TRUE,BOTH,normal_low,0.309803725,0.094406606,0.202105,BOTH,0,0,0,0,0.060632,0,LOW_CONVERGENCE,1,793,948
10336,132,0.0825,0.5893,1.14,1500.106061,3376.128788,38927.7197,7972.848485,39.7362,1494,3369,1508,3385,3.0694,2.2739,8.9832,2.3624,1.23,-1227.4339,1,0,0.5845,0.4293,132,0.182554,0.187018,0.03266,1,1,,,,0,0,0.042326,0.051162,0.070193,0.073515,0.095502,0.094457,0.10214,0.099287,132,1,31.5436,77.8519,0,4.177694,,,QUALIFIED,,-0.208761,-0.047327,0.010942,0.027932,TRUE,FALSE,CPR_ONLY,normal_low,0.199553249,,0.199553,CPR_ONLY,0.001258,0.000929,0,0,0.060429,0,LOW_CONVERGENCE,4,795,949
18220,324,0.2025,0.4615,1.04,2507.54321,2668.123457,21227.58642,-17213.08025,27.3302,2495,2653,2521,2680,7.3714,3.9743,18.4959,7.107,3.3044,1939.6878,1,0,1,0,324,0.241069,0.237662,0.055502,0.472222,0.472222,0.082014,0.077923,0.020517,1,1,-0.000927,-0.003753,-0.000275,-0.00034,-0.001553,0.000757,-0.005218,-0.003634,324,1,206.9462,82.5201,0,6.140033,,,QUALIFIED,,,,,,TRUE,TRUE,BOTH,normal_low,0.281042065,0.12166263,0.201352,BOTH,0,0,0,0,0.060406,0,LOW_CONVERGENCE,0,796,950
20721,340,0.2125,0.4387,1.24,2767.538235,1941.426471,3060.161765,-23712.95588,23.9102,2751,1929,2782,1954,5.8571,2.3108,18.4277,4.9161,1.1937,136.5339,1,0,1,0,340,0.257044,0.251598,0.047524,1,1,0.050795,0.047655,0.011614,1,1,0.001418,0.00065,-0.001093,-0.003066,-0.000643,-0.003449,-0.005671,-0.004941,340,1,147.9055,80.9548,0.064706,0,0.002115,0.000875,QUALIFIED,,0.541608,,,,TRUE,TRUE,BOTH,normal_low,0.303289076,0.073621426,0.188455,BOTH,0,0,0.037975,0,0.060334,0,LOW_CONVERGENCE,1,797,951
10621,647,0.404375,0.6162,1.17,1522.562597,3510.828439,42295.21097,7411.435085,42.9401,1510,3494,1540,3529,6.2112,4.258,19.8977,4.9373,3.0651,-1199.0268,1,0,0.4086,0.4564,647,0.183466,0.172661,0.044736,1,1,,,,0,0,-0.000986,0.00116,6.10E-05,-0.000189,-9.90E-05,-0.006836,-0.007415,-0.012081,647,1,31.5436,77.8519,0,5.403355,,,QUALIFIED,,,,,,TRUE,FALSE,CPR_ONLY,normal_low,0.200823313,,0.200823,CPR_ONLY,0,0,0,0,0.060247,0,LOW_CONVERGENCE,0,801,952
10934,1229,0.768125,0.4197,1.27,1552.532954,3108.812856,32244.8214,6662.176159,32.9263,1521,3084,1582,3132,6.8355,3.666,22.2944,5.9235,3.1116,-1725.9762,1,0,0.9978,0.0405,1229,0.183267,0.174381,0.042336,1,1,,,,0,0,-0.000183,-0.002723,0.000368,-0.000995,0.000783,-0.000936,-0.000448,-0.000794,1177,0.9577,25.3927,84.5067,0,6.518483,,,QUALIFIED,,,,,,TRUE,FALSE,CPR_ONLY,normal_low,0.200546183,,0.200546,CPR_ONLY,0,0,0,0,0.060164,0,LOW_CONVERGENCE,0,802,953
2528,256,0.16,0.6124,1.16,601.2070313,2202.675781,9591.394531,30445.32422,31.9201,592,2192,611,2214,6.171,3.1506,15.9481,5.1283,2.1029,-2061.1452,1,0,1,0,256,,,,0,0,0.133192,0.102341,0.074248,1,1,-0.000791,0.002989,-0.001401,-0.00043,-0.003601,-0.003008,0.002365,0.003598,256,1,40.2924,84.9679,0,18.350272,,,QUALIFIED,,,,,-0.521353,FALSE,TRUE,S1_ONLY,no_data,,0.200417643,0.200418,S1_ONLY,0,0,0,0,0.060125,0,LOW_CONVERGENCE,1,803,954
15141,349,0.218125,0.5402,1.79,2104.893983,71.4469914,-43689.32521,-7146.84957,44.2696,2095,54,2114,88,8.125,4.2277,18.7779,6.6379,2.8484,-2442.6723,1,0,1,0,349,0.289601,0.263178,0.091598,1,1,0.009572,0.008972,0.002727,1,1,0.004996,0.004012,0.004836,0.003185,0.005978,0.007999,0.002003,0.002663,349,1,57.7818,98.3332,0,0.592663,,,QUALIFIED,,0.196958,0.341398,-0.338073,-0.329506,TRUE,TRUE,BOTH,normal_low,0.348628414,0.010185615,0.179407,BOTH,0,0,0.01381,0.04796,0.059999,0,LOW_CONVERGENCE,4,804,955
17586,1758,1.09875,0.5436,1.35,2438.178612,2567.146189,18703.15472,-15478.9653,24.2784,2414,2534,2463,2600,6.8164,3.8632,24.4201,5.1771,1.9772,2118.6467,1,0,0.1384,0.2908,1758,0.241201,0.234422,0.056205,1,1,0.079798,0.07354,0.026764,1,1,-0.000795,-0.001814,0.001232,0.001567,-0.004756,-0.00486,-0.008336,-0.006074,1758,1,206.9462,82.5201,0,2.605043,,,QUALIFIED,,,-0.271916,,,TRUE,TRUE,BOTH,normal_low,0.28122589,0.118252549,0.199739,BOTH,0,0,0,0,0.059922,0,LOW_CONVERGENCE,1,806,956
699,588,0.3675,0.4816,1.12,243.0578231,2171.818027,8819.95068,39399.05442,40.3738,226,2158,263,2191,7.7274,4.5206,21.6938,6.4339,2.9477,-436.0203,1,0,0.0578,0.1996,588,0.194745,0.173872,0.066931,1,1,0.113376,0.099033,0.043092,1,1,0.083356,0.101854,0.131437,0.140972,0.164264,0.163259,0.190957,0.164961,588,1,67.2511,77.9602,0,21.18549,,,QUALIFIED,,-0.221916,-0.072544,0.006118,0.136135,TRUE,TRUE,BOTH,normal_low,0.216530608,0.169923889,0.193227,BOTH,0.006133,0.000519,0,0,0.059912,0,LOW_CONVERGENCE,4,807,957
25501,1389,0.868125,0.4379,1.17,3419.87401,1704.882649,-2853.433765,-40021.35025,40.1234,3388,1681,3449,1733,11.0247,4.1338,25.9499,9.6677,3.2378,-1682.8073,1,0.0007,0.3755,0.4531,1389,0.247886,0.240905,0.049121,1,1,0.05698,0.053224,0.018835,1,1,2.00E-06,0.003721,0.003052,0.003788,0.003356,0.0026,-0.001186,3.70E-05,1389,1,64.5725,120.1906,0,0.025,0.003827,0.001161,QUALIFIED,,,-0.241153,0.225268,,TRUE,TRUE,BOTH,normal_low,0.290535516,0.083139182,0.186837,BOTH,0,0.019121,0,0,0.059875,0,LOW_CONVERGENCE,2,808,958
14846,139,0.086875,0.5494,2.09,2067.719424,1708.978417,-2751.039568,-6217.485612,6.7992,2056,1704,2079,1715,6.7272,4.6491,22.5579,8.7656,4.8497,3466.6006,1,0,0.0181,0.0792,139,,,,0,0,0.127757,0.129689,0.021715,1,1,0.048744,0.056658,0.083055,0.087502,0.107184,0.106177,0.106066,0.089795,139,1,64.0351,75.5516,0,6.834654,,,QUALIFIED,,-0.162358,-0.053543,0.009395,0.153404,FALSE,TRUE,S1_ONLY,no_data,,0.19205402,0.192054,S1_ONLY,0.00691,0.000797,0,0,0.059849,0,LOW_CONVERGENCE,4,809,959
1861,2510,1.56875,0.491,1.01,498.9912351,1848.290837,731.7709163,33000.71912,33.0083,463,1819,535,1890,11.3155,4.8883,25.8185,9.876,3.8845,-545.1706,1,0.0008,0.0721,0.227,2510,0.17194,0.167975,0.055626,1,1,0.110524,0.10742,0.018503,1,1,0.014864,0.011016,0.018404,0.022173,0.019754,0.018414,0.022291,0.015223,2510,1,49.6089,82.7432,0,21.361472,,,QUALIFIED,,0.258881,-0.204792,0.067834,0.317079,TRUE,TRUE,BOTH,normal_low,0.184772043,0.165535103,0.175154,BOTH,0.014284,0.005758,0.018151,0,0.059798,0,LOW_CONVERGENCE,4,810,960
15104,141,0.088125,0.754,1.55,2100.64539,3123.921986,32622.54965,-7040.634752,33.3743,2096,3116,2107,3133,9.1056,3.5455,18.2114,7.9037,2.3496,-219.2077,1,0,0.0488,0.1926,141,0.292437,0.287566,0.052721,1,1,0.032775,0.032501,0.003499,1,1,-0.000859,0.006674,-0.000641,-0.000326,0.002923,0.002996,-0.001194,0.000572,141,1,127.1508,86.7202,0,13.000865,,,QUALIFIED,,,,-0.024974,,TRUE,TRUE,BOTH,normal_low,0.352577868,0.045891438,0.199235,BOTH,0,0,0,0,0.05977,0,LOW_CONVERGENCE,1,811,961
6291,501,0.313125,0.5567,1,1090.01996,1052.303393,-19167.91517,18225.001,26.4485,1075,1039,1105,1069,5.9473,3.0027,20.5003,4.7063,2.0209,-2857.6769,1,0,1,0,501,0.182021,0.180712,0.040308,1,1,,,,0,0,-0.000531,0.000586,-0.000836,-0.001213,-0.000332,0.001809,-0.002493,-0.014515,501,1,-14.3965,65.3367,0,21.258484,,,QUALIFIED,,,,,,TRUE,FALSE,CPR_ONLY,normal_low,0.198810986,,0.198811,CPR_ONLY,0,0,0,0,0.059643,0,LOW_CONVERGENCE,0,812,962
11101,400,0.25,0.4926,1.04,1581.4175,3094.27,31881.25,5940.0625,32.4303,1568,3081,1597,3109,5.5862,2.7614,15.566,4.7228,1.9338,-1754.7946,1,0,0.9645,0.1676,400,0.181922,0.181319,0.027927,1,1,,,,0,0,-0.000772,-0.0029,-0.000288,-0.000785,9.60E-05,-0.006328,-0.008754,-0.013805,400,1,25.3927,84.5067,0,7.451049,,,QUALIFIED,,,,,,TRUE,FALSE,CPR_ONLY,normal_low,0.198673117,,0.198673,CPR_ONLY,0,0,0,0,0.059602,0,LOW_CONVERGENCE,0,813,963
1708,511,0.319375,0.4839,1.03,478.7749511,1784.686888,-858.3277886,33506.12622,33.5166,463,1770,495,1803,7.0943,3.7164,23.2115,6.0061,2.7168,-522.905,1,0,0.0512,0.1876,511,0.203881,0.187545,0.057115,1,1,0.094976,0.088027,0.024661,1,1,0.044092,0.041798,0.064,0.07042,0.080881,0.069841,0.076756,0.069728,511,1,49.6089,82.7432,0,22.796888,,,QUALIFIED,,0.052028,-0.100313,0.136497,0.091563,TRUE,TRUE,BOTH,normal_low,0.229253531,0.141609139,0.185431,BOTH,0.004125,0.011586,0.003648,0,0.059549,0,LOW_CONVERGENCE,4,814,964
11643,799,0.499375,0.5109,1.35,1631.650814,3114.59199,32389.29975,4684.229662,32.7267,1614,3092,1648,3138,4.6041,2.878,14.3298,3.589,1.866,-1726.8964,1,0,0.3241,0.4118,799,0.178474,0.169054,0.038779,1,1,,,,0,0,0.001859,0.00154,0.000472,0.00045,-0.003377,-0.005835,-0.008477,-0.015778,799,1,66.0189,90.6798,0,8.16383,,,QUALIFIED,,0.171598,,,,TRUE,FALSE,CPR_ONLY,normal_low,0.193871384,,0.193871,CPR_ONLY,0,0,0.012032,0,0.059364,0,LOW_CONVERGENCE,1,817,965
11776,694,0.43375,0.4986,1.66,1655.665706,3384.988473,39149.21182,4083.857349,39.3621,1641,3359,1670,3407,5.589,3.2718,21.6985,4.3243,1.5322,-1164.4323,1,0,0.4199,0.4415,694,0.162644,0.15776,0.034574,1,1,,,,0,0,0.001984,0.002307,0.001648,0.002401,0.004435,0.002417,0.000751,-0.001501,694,1,63.3495,86.7715,0,7.862888,,,QUALIFIED,,-0.162802,-0.456917,0.455017,,TRUE,FALSE,CPR_ONLY,normal_low,0.171826302,,0.171826,CPR_ONLY,0,0.038622,0,0,0.059272,0,LOW_CONVERGENCE,3,819,966
22756,278,0.17375,0.5756,1.1,2989.489209,2516.161871,17428.54676,-29261.73022,34.0595,2978,2506,3001,2527,7.8229,3.568,19.4988,6.4061,1.6091,-526.9656,1,0,1,0,278,0.219041,0.212008,0.041973,1,1,0.096588,0.095236,0.012418,1,1,0.000636,0.000925,-0.001005,0.001003,-0.001281,-0.004597,-0.003566,-0.005007,278,1,121.4255,96.4448,0,3.232066,,,QUALIFIED,,,,,,TRUE,TRUE,BOTH,normal_low,0.250365561,0.144089758,0.197228,BOTH,0,0,0,0,0.059168,0,LOW_CONVERGENCE,0,821,967
15212,251,0.156875,0.502,1.25,2122.569721,3256.501992,35937.0498,-7588.743028,36.7302,2113,3245,2133,3270,8.9086,4.1603,20.2214,7.2848,2.6012,-569.8775,1,0,0.0155,0.0934,251,0.280715,0.269941,0.048252,1,1,0.040683,0.040132,0.005753,1,1,-0.002721,-0.000446,-7.80E-05,-0.000635,-0.00078,0.001219,-0.002959,1.00E-06,251,1,71.5812,82.9217,0,15.982354,,,QUALIFIED,,,,,,TRUE,TRUE,BOTH,normal_low,0.336253645,0.058060624,0.197157,BOTH,0,0,0,0,0.059147,0,LOW_CONVERGENCE,0,822,968
8714,147,0.091875,0.4836,1.19,1346.510204,3241.136054,35552.90136,11812.7449,37.4643,1339,3235,1358,3251,9.2403,2.5064,20.2556,8.2814,2.1392,-1320.9842,1,0,0.2101,0.3339,147,0.180796,0.181738,0.019856,1,1,,,,0,0,0.002041,0.00209,-3.60E-05,0.001048,-0.001772,-0.000619,-0.003227,-0.009397,147,1,31.5436,77.8519,0,0.873212,,,QUALIFIED,,-0.024008,,,,TRUE,FALSE,CPR_ONLY,normal_low,0.197105034,,0.197105,CPR_ONLY,0,0,0,0,0.059132,0,LOW_CONVERGENCE,1,823,969
11060,518,0.32375,0.406,1.52,1572.567568,3176.559846,33938.49614,6161.310811,34.4936,1557,3152,1586,3196,6.942,4.6609,26.5196,5.5157,3.1352,-1761.7208,1,0.0019,1,0,518,0.18067,0.167555,0.043725,1,1,,,,0,0,-0.001013,-0.003355,8.90E-05,-0.000169,0.000744,-0.005718,-0.002099,-0.032341,495,0.9556,25.3927,84.5067,0,6.543031,,,QUALIFIED,,,,,,TRUE,FALSE,CPR_ONLY,normal_low,0.196929564,,0.19693,CPR_ONLY,0,0,0,0,0.059079,0,LOW_CONVERGENCE,0,824,970
4134,487,0.304375,0.5729,1.36,823.3347023,1449.445585,-9239.36037,24892.13244,26.5509,809,1431,834,1465,8.1126,4.5324,25.2751,6.7658,2.8013,-3254.5094,1,0.0021,1,0,487,0.259355,0.256591,0.052699,1,1,0.059348,0.05865,0.005429,1,1,0.003431,0.004184,0.002183,0.002502,0.000821,-0.001603,-0.002674,0.005472,487,1,-19.4926,68.1002,0,20.595418,,,QUALIFIED,,-0.21947,-0.146129,,,TRUE,TRUE,BOTH,normal_low,0.306507407,0.086783167,0.196645,BOTH,0,0,0,0,0.058993,0,LOW_CONVERGENCE,2,826,971
687,283,0.176875,0.536,1.09,241.2685512,2216.780919,9944.022968,39443.78622,40.6776,229,2205,251,2229,5.3263,3.0861,17.9039,4.8378,2.4913,-465.2122,1,0,0.3768,0.4386,283,0.230402,0.220237,0.062856,1,1,0.082894,0.078885,0.013092,1,1,0.075364,0.088919,0.126011,0.130618,0.15738,0.162483,0.176801,0.169914,283,1,67.2511,77.9602,0,20.233543,,,QUALIFIED,,-0.17986,-0.03656,-0.032425,0.038953,TRUE,TRUE,BOTH,normal_low,0.26618705,0.123016813,0.194602,BOTH,0.001755,0,0,0,0.058907,0,LOW_CONVERGENCE,4,828,972
11402,1081,0.675625,0.4743,1.23,1599.444958,3123.413506,32609.83765,5489.376041,33.069,1581,3094,1624,3147,6.7699,4.2008,19.1578,5.4505,3.0759,-1739.7654,1,0,0.6561,0.4433,1081,0.180141,0.177354,0.02884,1,1,,,,0,0,0.001166,0.002107,0.000839,0.000549,-0.002287,-0.006498,-0.007926,-0.017014,1081,1,25.3927,84.5067,0,7.592801,,,QUALIFIED,,-0.807033,,,,TRUE,FALSE,CPR_ONLY,normal_low,0.196192871,,0.196193,CPR_ONLY,0,0,0,0,0.058858,0,LOW_CONVERGENCE,1,829,973
6481,409,0.255625,0.5277,1.24,1113.677262,2447.799511,15719.48778,17633.56846,23.6229,1098,2436,1129,2461,5.4311,2.7902,14.2201,4.1417,1.2915,-1911.3254,1,0,1,0,409,0.25074,0.246303,0.040576,1,1,0.051263,0.049279,0.010801,1,1,0.003733,0.002052,0.000942,0.000475,-0.00182,-0.002796,-0.004661,-0.008606,409,1,33.734,87.2227,0,6.348868,,,QUALIFIED,,0.450308,,,,TRUE,TRUE,BOTH,normal_low,0.294510037,0.074341605,0.184426,BOTH,0,0,0.031573,0,0.058485,0,LOW_CONVERGENCE,1,833,974
6080,649,0.405625,0.4829,1.31,1078.790447,1239.043143,-14499.42142,18505.73883,23.5088,1060,1223,1102,1255,6.7225,4.8327,22.7848,5.3133,3.2809,-2508.8895,1,0,0.7848,0.3943,649,0.179116,0.170637,0.044619,0.74114,0.74114,,,,0,0,-0.003126,-0.002548,-0.003048,-0.001985,-0.008467,-0.00615,-0.013352,-0.026607,649,1,-19.4926,68.1002,0,22.190595,,,QUALIFIED,,,,,,TRUE,FALSE,CPR_ONLY,normal_low,0.194765442,,0.194765,CPR_ONLY,0,0,0,0,0.058429,0,LOW_CONVERGENCE,0,834,975
23327,163,0.101875,0.5175,1.4,3065.619632,1487.699387,-8283.015337,-31164.9908,32.2473,3056,1480,3077,1495,10.3252,3.4691,21.9137,9.1131,1.3728,-1504.0861,1,0,0.014,0.1109,163,0.231939,0.228965,0.032019,1,1,0.068681,0.068896,0.004287,1,1,0.003845,0.002229,-0.000864,-0.001122,-0.001061,-0.004489,-0.005965,-0.006093,163,1,62.9466,93.772,0,6.856247,,,QUALIFIED,,0.420286,,,,TRUE,TRUE,BOTH,normal_low,0.268327498,0.101145208,0.184736,BOTH,0,0,0.029468,0,0.058368,0,LOW_CONVERGENCE,1,835,976
15261,1497,0.935625,0.428,1.25,2121.199733,3187.298597,34206.96493,-7554.49332,35.0318,2090,3163,2156,3216,7.2938,3.8121,20.7214,5.9607,2.7098,-437.4527,1,0,0.0963,0.2683,1497,0.249625,0.226926,0.084856,0.669339,0.669339,0.065297,0.064178,0.017795,1,1,-0.001806,0.001275,-0.000564,0.000339,0.000405,-0.002571,-0.000378,0.000989,1497,1,127.1508,86.7202,0,14.206271,,,QUALIFIED,,,,,,TRUE,TRUE,BOTH,normal_low,0.292957272,0.095937757,0.194448,BOTH,0,0,0,0,0.058334,0,LOW_CONVERGENCE,0,838,977
15137,2768,1.73,0.4584,1.62,2105.92341,3001.303468,29557.08671,-7172.58526,30.4155,2077,2950,2138,3049,8.3552,4.2327,25.4498,6.9599,3.0493,78.1406,1,0.0004,0.2645,0.4179,2768,0.264397,0.258331,0.060512,0.856936,0.856936,0.05112,0.048972,0.013499,1,1,0.000818,0.002794,-0.00109,-0.001263,-0.000479,-0.003227,-0.004941,-0.003875,2768,1,127.1508,86.7202,0,9.343213,,,QUALIFIED,,,,,,TRUE,TRUE,BOTH,normal_low,0.313528968,0.07412155,0.193825,BOTH,0,0,0,0,0.058148,0,LOW_CONVERGENCE,0,840,978
10654,440,0.275,0.4215,1.24,1537.495455,3444.802273,40644.55682,7038.113636,41.2498,1520,3431,1556,3460,4.0471,1.9744,13.0181,2.7844,0.8281,-1209.865,1,0,0.4813,0.431,440,0.171831,0.172514,0.036312,1,1,,,,0,0,0.00048,-0.001234,0.001137,0.000918,0.000239,-0.004755,-0.003627,-0.007705,440,1,31.5436,77.8519,0,5.09166,,,QUALIFIED,,,0.192612,,,TRUE,FALSE,CPR_ONLY,normal_low,0.184620248,,0.18462,CPR_ONLY,0,0,0,0.027058,0.058092,0,LOW_CONVERGENCE,1,841,979
25469,2669,1.668125,0.4445,1.04,3420.522293,1803.088423,-398.2894342,-40037.55732,40.04,3387,1759,3463,1838,10.2389,3.3875,24.6444,8.7417,2.5387,-1785.1714,1,0,0.8254,0.325,2669,0.220159,0.214257,0.044291,1,1,0.064457,0.061844,0.015616,1,1,0.000749,0.003067,0.001526,0.002424,0.001631,0.001059,-0.003685,-0.001853,2215,0.8299,64.5725,120.1906,0.001499,0,0.003686,0.000606,QUALIFIED,,,-0.588467,0.350705,,TRUE,TRUE,BOTH,normal_low,0.251922504,0.094645127,0.173284,BOTH,0,0.029768,0,0,0.057939,0,LOW_CONVERGENCE,2,842,980
15225,470,0.29375,0.4747,1.1,2124.393617,2965.214894,28654.87234,-7634.340426,29.655,2108,2949,2141,2979,6.6063,3.0432,18.8611,5.6434,2.0163,63.9412,1,0,0.2871,0.4196,470,0.267117,0.257839,0.054231,1,1,0.046841,0.046358,0.010004,1,1,-0.003997,0.009756,0.000606,-0.000986,-0.001778,0.002257,-0.004793,-0.004874,470,1,127.1508,86.7202,0,9.607874,,,QUALIFIED,,,,,,TRUE,TRUE,BOTH,normal_low,0.317316878,0.067536832,0.192427,BOTH,0,0,0,0,0.057728,0,LOW_CONVERGENCE,0,845,981
13202,531,0.331875,0.5619,1.3,1842.757062,192.7175141,-40657.56215,-593.4265537,40.6614,1827,181,1862,208,2.5736,1.4254,7.907,2.0908,1.0524,-2371.9957,1,0,1,0,531,0.25411,0.250698,0.043545,1,1,0.03719,0.036407,0.007037,1,1,0.003906,0.008224,0.005125,0.007154,0.009965,0.009966,0.006858,0.00435,531,1,35.5577,101.3636,0,0.134629,,,QUALIFIED,,-1.105479,-0.395902,-0.0001,0.365704,TRUE,TRUE,BOTH,normal_low,0.299203146,0.052685439,0.175944,BOTH,0.016474,0,0,0,0.057725,0,LOW_CONVERGENCE,4,846,982
9805,982,0.61375,0.4546,1.35,1455.003055,3244.308554,35632.21385,9100.423625,36.7763,1437,3217,1477,3271,7.7713,3.8508,20.466,6.6465,3.0067,-1288.9698,1,0,0.185,0.3569,982,0.165409,0.15904,0.030011,1,1,,,,0,0,0.004432,0.010088,0.010064,0.011536,0.013145,0.009454,0.000941,0.000587,982,1,31.5436,77.8519,0,3.354288,,,QUALIFIED,,-1.276173,-0.146264,0.280791,,TRUE,FALSE,CPR_ONLY,normal_low,0.17567688,,0.175677,CPR_ONLY,0,0.023833,0,0,0.05747,0,LOW_CONVERGENCE,3,849,983
17662,191,0.119375,0.5053,1.93,2441.879581,2544.701571,18142.03927,-15571.48953,23.909,2435,2533,2449,2560,9.0041,4.0306,20.1453,6.5021,1.7758,2105.4553,1,0,0.1326,0.2862,191,0.25103,0.244626,0.045697,1,1,0.060115,0.05901,0.006432,1,1,-0.001401,-0.001947,0.000519,0.003153,-0.005662,-0.00401,-0.008367,-0.006776,191,1,206.9462,82.5201,0,2.629758,,,QUALIFIED,,,,,,TRUE,TRUE,BOTH,normal_low,0.294913895,0.087963462,0.191439,BOTH,0,0,0,0,0.057432,0,LOW_CONVERGENCE,0,850,984
16648,239,0.149375,0.4178,1.18,2302.560669,3241.828452,35570.2113,-12088.51674,37.5689,2290,3231,2312,3257,10.4072,3.9603,25.4492,9.0114,2.3617,-262.0631,1,0.0042,0.7403,0.394,239,0.246698,0.249901,0.041543,1,1,0.06218,0.062788,0.006204,1,1,0.000398,0.000523,-0.001394,0.001022,-0.001034,-0.00537,-0.004068,0.000204,239,1,71.5812,82.9217,0,17.903212,,,QUALIFIED,,,,,,TRUE,TRUE,BOTH,normal_low,0.28888109,0.091141177,0.190011,BOTH,0,0,0,0,0.057003,0,LOW_CONVERGENCE,0,854,985
26089,229,0.143125,0.5193,1,3567.855895,1620.497817,-4963.054585,-43720.89738,44.0021,3560,1609,3581,1630,4.9867,3.1271,14.1931,3.6286,1.6391,-2098.4617,1,0,1,0,229,0.246163,0.234986,0.051961,1,1,0.061985,0.058019,0.013332,1,1,-0.000771,0.00216,-0.000172,0.000561,-0.000482,0.000991,0.002832,0.002975,229,1,64.5725,120.1906,0,1.025,,,QUALIFIED,,,,,-0.050494,TRUE,TRUE,BOTH,normal_low,0.288136042,0.090841102,0.189489,BOTH,0,0,0,0,0.056847,0,LOW_CONVERGENCE,1,859,986
10696,253,0.158125,0.4583,1.04,1523.944664,3058.529644,30987.74111,7376.883399,31.8541,1513,3047,1537,3070,7.0957,2.4352,18.7749,6.0837,1.4888,-1666.4879,1,0,0.4011,0.4374,253,0.175275,0.16377,0.040633,1,1,,,,0,0,-0.000349,-0.000231,8.90E-05,0.001354,0.000256,-0.007065,-0.010809,-0.00928,253,1,25.3927,84.5067,0,6.733962,,,QUALIFIED,,,,,,TRUE,FALSE,CPR_ONLY,normal_low,0.189416411,,0.189416,CPR_ONLY,0,0,0,0,0.056825,0,LOW_CONVERGENCE,0,860,987
23455,243,0.151875,0.4339,1.4,3082.032922,1563.967078,-6376.323045,-31575.32305,32.2131,3072,1551,3092,1579,6.2269,4.0157,19.3937,5.185,3.0347,-1773.8339,1,0,0.1641,0.3094,243,0.2047,0.199664,0.037425,1,1,0.085114,0.084592,0.009288,1,1,0.001481,0.000785,-0.002151,-0.00182,-0.001771,-0.000389,-0.005113,-0.004679,243,1,62.9466,93.772,0,4.786243,,,QUALIFIED,,0.469953,,,,TRUE,TRUE,BOTH,normal_low,0.230394082,0.126433049,0.178414,BOTH,0,0,0.032951,0,0.056819,0,LOW_CONVERGENCE,1,861,988
22527,180,0.1125,0.5357,1.31,2967.988889,2445.644444,15665.61111,-28724.22222,32.7191,2960,2435,2976,2456,4.0514,2.251,10.8899,3.7668,1.3671,-565.8964,1,0,1,0,180,0.212342,0.206713,0.033457,1,1,0.092371,0.088616,0.014076,1,1,0.000887,0.002239,0.000158,0.001364,0.000529,0.000141,-0.001499,0.004046,180,1,121.4255,96.4448,0,1.330648,,,QUALIFIED,,,,,,TRUE,TRUE,BOTH,normal_low,0.241036439,0.137600448,0.189318,BOTH,0,0,0,0,0.056795,0,LOW_CONVERGENCE,0,862,989
23515,603,0.376875,0.4418,1.11,3088.305141,1647.40796,-4290.300995,-31732.12852,32.0213,3071,1630,3110,1665,6.8986,3.9489,21.0394,4.7891,1.7281,-1801.7765,1,0,0.3684,0.4131,603,0.253219,0.220133,0.10952,0.963516,0.963516,0.054934,0.054416,0.006281,1,1,-0.00041,0.001107,0.000753,0.000524,9.80E-05,-0.003898,-0.003425,-0.004596,603,1,73.237,102.5391,0,2.836591,,,QUALIFIED,,,,,,TRUE,TRUE,BOTH,normal_low,0.297962327,0.079990705,0.188977,BOTH,0,0,0,0,0.056693,0,LOW_CONVERGENCE,0,864,990
1632,1482,0.92625,0.4815,1.06,456.7611336,1813.917004,-127.5748988,34056.47166,34.0562,429,1785,483,1842,8.743,4.3898,29.0287,7.3209,3.1401,-597.7079,1,0.0054,0.0672,0.2197,1482,0.187389,0.179733,0.051502,1,1,0.098961,0.09095,0.031893,1,1,0.039065,0.025963,0.036563,0.039916,0.047175,0.046855,0.048013,0.044037,1482,1,49.6089,82.7432,0,22.776701,,,QUALIFIED,,0.33539,-0.091705,0.006783,0.082811,TRUE,TRUE,BOTH,normal_low,0.206286539,0.147741437,0.177014,BOTH,0.00373,0.000576,0.023516,0,0.05669,0,LOW_CONVERGENCE,4,865,991
10740,157,0.098125,0.6038,1.54,1531.675159,3496.070064,41926.25159,7183.621019,42.5376,1525,3486,1538,3506,5.0938,2.5067,15.1361,3.3842,0.9851,-1191.785,1,0,0.3162,0.4147,157,0.16678,0.167963,0.027484,1,1,,,,0,0,0.002883,0.001691,0.000565,-5.20E-05,0.000609,-0.008901,-0.015102,-0.021264,157,1,31.5436,77.8519,0,5.650498,,,QUALIFIED,,0.413458,,,,TRUE,FALSE,CPR_ONLY,normal_low,0.177586154,,0.177586,CPR_ONLY,0,0,0.028989,0,0.056175,0,LOW_CONVERGENCE,1,868,992
15756,134,0.08375,0.5982,1.14,2179.604478,3330.425373,37785.13433,-9014.61194,38.8462,2173,3324,2189,3338,4.817,2.1807,11.2673,4.1946,1.8518,-686.8469,1,0,0.0343,0.1355,134,0.226257,0.215534,0.043063,1,1,0.075913,0.069747,0.019026,1,1,0.001452,0.001423,0.00029,0.000442,0.000172,-0.014408,-0.00055,-0.004977,134,1,71.5812,82.9217,0,18.339881,,,QUALIFIED,,0.019972,,,,TRUE,TRUE,BOTH,normal_low,0.260414665,0.112274136,0.186344,BOTH,0,0,0.0014,0,0.056043,0,LOW_CONVERGENCE,1,869,993
10003,934,0.58375,0.4228,1,1473.570664,3417.389722,39959.24304,8636.233405,40.8822,1452,3394,1499,3441,7.3425,1.9642,15.2432,6.3586,1.1812,-1174.9786,1,0,0.9237,0.2461,934,0.142593,0.138984,0.021811,1,1,,,,0,0,-0.004001,0.001863,0.005153,0.005836,0.007063,0.001718,0.000408,0.002635,934,1,31.5436,77.8519,0,3.141855,,,QUALIFIED,,,-0.132544,0.756761,,TRUE,FALSE,CPR_ONLY,normal_low,0.143902996,,0.143903,CPR_ONLY,0,0.064233,0,0,0.056018,0,LOW_CONVERGENCE,2,870,994
11009,446,0.27875,0.327,1.42,1563.419283,3444.029148,40625.2287,6390.017937,41.1251,1548,3421,1579,3465,5.7191,2.9934,15.7932,4.3128,1.7144,-1199.9521,1,0,0.708,0.3878,446,0.173184,0.171097,0.030912,1,1,,,,0,0,-0.000446,0.002285,6.00E-05,0.000706,-0.001046,-0.006056,-0.00274,-0.011047,446,1,31.5436,77.8519,0,5.818612,,,QUALIFIED,,,,,,TRUE,FALSE,CPR_ONLY,normal_low,0.186504455,,0.186504,CPR_ONLY,0,0,0,0,0.055951,0,LOW_CONVERGENCE,0,871,995
23841,2170,1.35625,0.5308,1.3,3127.530415,1317.230876,-12544.72811,-32712.76037,35.0359,3097,1284,3153,1357,9.2117,4.4266,25.3068,7.917,3.3142,-538.8959,1,0.0009,0.2443,0.395,2170,0.19031,0.169846,0.083355,1,1,0.096421,0.092278,0.025241,1,1,0.016631,0.015318,0.016714,0.019601,0.025649,0.022345,0.020167,0.021542,2170,1,62.9466,93.772,0,7.311976,,,QUALIFIED,,0.078949,-0.172729,0.128816,-0.068181,TRUE,TRUE,BOTH,normal_low,0.210354365,0.143832771,0.177094,BOTH,0,0.010934,0.005535,0,0.055868,0,LOW_CONVERGENCE,4,874,996
26145,1198,0.74875,0.5257,1.23,3578.926544,1658.238731,-4019.53172,-43997.66361,44.1813,3556,1637,3609,1680,5.9744,3.4385,22.7045,4.5966,1.9561,-2122.416,1,0,1,0,1198,0.241707,0.233022,0.055089,1,1,0.061633,0.047965,0.05627,1,1,-0.000593,0.000327,0.000238,0.000691,0.000309,0.000637,-4.20E-05,0.000535,1198,1,64.5725,120.1906,0.119366,0,9.80E-05,8.00E-05,QUALIFIED,,,,,,TRUE,TRUE,BOTH,normal_low,0.281930553,0.090299428,0.186115,BOTH,0,0,0,0,0.055834,0,LOW_CONVERGENCE,0,875,997
20739,541,0.338125,0.5487,1.17,2778.218115,2982.499076,29086.97689,-23979.95287,37.6981,2764,2966,2793,3000,9.7496,3.0049,19.6633,8.5137,2.1372,2064.6705,1,0,0.1837,0.3654,541,0.242313,0.239927,0.057745,1,1,0.061059,0.058019,0.014353,1,1,0.000441,0.00039,0.002096,0.002913,-0.001243,-0.004242,-0.00148,-0.002369,541,1,224.1259,75.5495,0,13.801381,,,QUALIFIED,,,-0.38979,,,TRUE,TRUE,BOTH,normal_low,0.282774477,0.089416131,0.186095,BOTH,0,0,0,0,0.055828,0,LOW_CONVERGENCE,1,876,998
11608,1867,1.166875,0.523,1.37,1638.950187,3044.91323,30647.33074,4501.745313,30.9766,1605,3017,1675,3068,7.4649,3.337,27.2194,6.2305,2.6825,-1808.0044,1,0.0016,0.4967,0.482,1867,0.172817,0.154737,0.071826,0.488484,0.488484,,,,0,0,0.000333,0.000258,0.000628,0.00172,-0.001027,-0.004882,-0.006478,-0.014369,1867,1,66.0189,90.6798,0,6.27505,,,QUALIFIED,,,,,,TRUE,FALSE,CPR_ONLY,normal_low,0.185993366,,0.185993,CPR_ONLY,0,0,0,0,0.055798,0,LOW_CONVERGENCE,0,877,999
3215,303,0.189375,0.5067,1.13,696.2112211,1420.49505,-9963.123762,28070.21947,29.7853,686,1409,709,1435,7.486,3.3757,25.1192,6.6427,2.1854,-3437.8261,1,0.0033,1,0,303,0.160902,0.15715,0.033711,1,1,0.101497,0.102032,0.009871,1,1,0.004188,0.002197,0.0019,0.001327,0.003763,0.015935,-0.002967,0.022786,303,1,-31.9971,79.6277,0,23.289711,,,QUALIFIED,,0.475406,0.301579,-3.234653,,TRUE,TRUE,BOTH,normal_low,0.169400368,0.151643948,0.160522,BOTH,0,0,0.033333,0.042366,0.055726,0,LOW_CONVERGENCE,3,878,1000
9708,898,0.56125,0.4867,1.1,1437.141425,3259.783964,36019.09911,9546.964365,37.2632,1418,3234,1459,3279,8.04,3.8317,19.88,7.0333,3.0277,-1277.4507,1,0,0.0678,0.2274,898,0.160484,0.155397,0.026602,1,1,,,,0,0,0.009835,0.012583,0.014312,0.01619,0.025411,0.018867,0.019521,0.01851,898,1,31.5436,77.8519,0,2.632608,,,QUALIFIED,,-0.27941,-0.131219,0.257526,0.05179,TRUE,FALSE,CPR_ONLY,normal_low,0.168818255,,0.168818,CPR_ONLY,0.002333,0.021859,0,0,0.055717,0,LOW_CONVERGENCE,4,880,1001
23415,441,0.275625,0.5269,1.15,3071.156463,1472.956916,-8651.577098,-31303.41156,32.4773,3055,1459,3086,1486,9.6025,3.0861,21.5546,8.3518,1.9674,-1451.1398,1,0,0.01,0.0872,441,0.210681,0.207776,0.031156,1,1,0.075994,0.074504,0.01069,1,1,0.007019,0.004003,-0.001747,-0.000195,-0.001016,-0.003164,-0.006246,-0.007016,441,1,62.9466,93.772,0,7.037844,,,QUALIFIED,,0.429691,,,,TRUE,TRUE,BOTH,normal_low,0.238723307,0.112398782,0.175561,BOTH,0,0,0.030128,0,0.055681,0,LOW_CONVERGENCE,1,881,1002
13637,444,0.2775,0.6435,1.3,1900.198198,233.0427928,-39649.43018,-2029.454955,39.7009,1889,218,1912,248,6.2045,2.9639,14.8516,5.2633,2.4014,-2410.1738,1,0,1,0,444,0.277866,0.270899,0.064646,1,1,0.028206,0.026469,0.004951,1,1,0.005551,0.006299,0.006005,0.007131,0.007571,0.012628,0.004364,0.018342,444,1,35.5577,101.3636,0,1.666021,,,QUALIFIED,,-0.13475,-0.18751,-0.667943,-3.203025,TRUE,TRUE,BOTH,normal_low,0.332286087,0.038860454,0.185573,BOTH,0,0,0,0,0.055672,0,LOW_CONVERGENCE,4,882,1003
20949,1370,0.85625,0.583,1.06,2804.777372,2976.216058,28929.90146,-24643.93431,38.0042,2780,2954,2830,3001,11.3995,4.0102,23.598,9.9755,3.1192,1999.0708,1,0,0.1393,0.3149,1370,0.233064,0.228118,0.05921,1,1,0.068617,0.064644,0.014476,1,1,0.000949,-0.000529,-0.000838,-0.002641,-0.00698,-0.0058,-0.009279,-0.012231,1370,1,160.1585,85.0259,0,13.439541,,,QUALIFIED,,,,,,TRUE,TRUE,BOTH,normal_low,0.269894189,0.101046722,0.18547,BOTH,0,0,0,0,0.055641,0,LOW_CONVERGENCE,0,883,1004
11243,951,0.594375,0.4215,1.02,1590.42061,3421.766562,40068.66404,5714.984753,40.4746,1570,3395,1617,3443,6.5763,3.0849,25.2982,5.2506,1.8084,-1163.5756,1,0.0011,0.2128,0.3818,951,0.171812,0.171117,0.025639,1,1,,,,0,0,0.000707,0.000476,0.000124,0.00022,-0.000356,-0.003435,-0.005551,-0.00957,951,1,31.5436,77.8519,0,6.18289,,,QUALIFIED,,,,,,TRUE,FALSE,CPR_ONLY,normal_low,0.184593788,,0.184594,CPR_ONLY,0,0,0,0,0.055378,0,LOW_CONVERGENCE,0,885,1005
10074,275,0.171875,0.6293,1.21,1476.523636,472.5745455,-33661.13636,8562.409091,34.7325,1467,462,1486,485,8.8649,4.26,24.1901,8.2258,3.521,747.6185,1,0,0.0342,0.1652,275,0.250521,0.246126,0.04582,1,1,0.043929,0.043063,0.005379,1,1,0.067688,0.07231,0.091288,0.087813,0.112428,0.119111,0.118689,0.107894,275,1,162.995,83.983,0,3.926592,,,QUALIFIED,,-0.068284,0.038066,-0.059442,0.090952,TRUE,TRUE,BOTH,normal_low,0.294205054,0.063055715,0.17863,BOTH,0.004097,0,0,0.005348,0.055353,0,LOW_CONVERGENCE,4,886,1006
15701,184,0.115,0.575,1.25,2169.304348,2817.375,24958.875,-8757.108696,26.4512,2162,2809,2178,2829,7.0334,2.7649,14.6361,6.349,1.4626,366.7863,1,0,0.0096,0.0747,184,0.298722,0.283216,0.067263,1,1,0.007898,0.007765,0.001561,1,1,0.000437,-0.000803,-0.001579,-0.001334,0.000542,-0.002115,-0.00152,0.000139,184,1,127.1508,86.7202,0,7.102112,,,QUALIFIED,,,,,,TRUE,TRUE,BOTH,normal_low,0.361330448,0.007609589,0.18447,BOTH,0,0,0,0,0.055341,0,LOW_CONVERGENCE,0,887,1007
14980,794,0.49625,0.4542,1.21,2087.288413,3432.973552,40348.83879,-6706.710327,40.903,2064,3413,2110,3451,5.8889,3.0509,15.9239,4.845,2.0682,-810.4366,1,0,0.0327,0.1444,794,0.215918,0.209572,0.051022,1,1,0.082591,0.079413,0.017126,1,1,-0.004233,0.01055,-0.000253,0.000197,0.000153,-0.001175,-0.003267,-0.000679,794,1,71.5812,82.9217,0,18.469062,,,QUALIFIED,,,,,,TRUE,TRUE,BOTH,normal_low,0.246016427,0.122550543,0.184283,BOTH,0,0,0,0,0.055285,0,LOW_CONVERGENCE,0,888,1008
19394,335,0.209375,0.5438,1.27,2634.964179,504.3820896,-32865.94776,-20398.60448,38.6815,2623,490,2645,518,5.9069,3.0369,19.2688,4.8854,2.1573,-3910.4967,1,0,0.0816,0.2326,335,0.238516,0.231138,0.054344,1,1,0.05736,0.053416,0.013055,1,1,0.014643,0.013563,0.007609,0.008446,0.008944,0.009576,0.008957,0.008592,335,1,-42.3675,82.1954,0,2.052438,,,QUALIFIED,,0.073755,-0.110001,-0.070662,0.04075,TRUE,TRUE,BOTH,normal_low,0.277486721,0.083723943,0.180605,BOTH,0.001836,0,0.005171,0,0.055249,0,LOW_CONVERGENCE,4,889,1009
11771,1408,0.88,0.5041,1.16,1668.627131,3416.764915,39943.62287,3759.821733,40.1206,1644,3391,1693,3448,6.1317,2.8563,17.8131,5.2381,2.1968,-1133.5541,1,0,0.2595,0.412,1408,0.167378,0.161497,0.030058,1,1,,,,0,0,0.002833,0.002182,-0.001675,-0.000263,0.000832,-0.003244,-0.005297,-0.000518,1408,1,63.3495,86.7715,0,7.955855,,,QUALIFIED,,0.229792,,,,TRUE,FALSE,CPR_ONLY,normal_low,0.178418937,,0.178419,CPR_ONLY,0,0,0.016112,0,0.055137,0,LOW_CONVERGENCE,1,890,1010
10828,191,0.119375,0.5685,1.31,1544.151832,3540.659686,43040.99215,6871.704188,43.5865,1533,3534,1554,3550,4.114,2.0898,10.6929,3.2853,1.1913,-1182.7386,1,0,0.364,0.4105,191,0.171115,0.168674,0.023427,1,1,,,,0,0,-0.00012,0.00177,-0.00215,3.50E-05,0.000352,-0.007243,-0.004857,-0.011886,191,1,31.5436,77.8519,0,6.41507,,,QUALIFIED,,,,,,TRUE,FALSE,CPR_ONLY,normal_low,0.183623136,,0.183623,CPR_ONLY,0,0,0,0,0.055087,0,LOW_CONVERGENCE,0,892,1011
14829,537,0.335625,0.5265,1.13,2065.973929,2937.268156,27956.20391,-6173.848231,28.6304,2052,2921,2082,2955,4.7863,3.1829,17.1363,4.0871,2.2436,126.7105,1,0,0.117,0.2676,537,0.255652,0.255915,0.052354,1,1,0.045331,0.042924,0.010808,1,1,-0.000866,-7.00E-05,-0.0018,-9.10E-05,-0.000293,-0.000222,-0.007779,-0.001318,537,1,127.1508,86.7202,0,8.2827,,,QUALIFIED,,,,,,TRUE,TRUE,BOTH,normal_low,0.301350557,0.065213176,0.183282,BOTH,0,0,0,0,0.054985,0,LOW_CONVERGENCE,0,894,1012
15693,132,0.0825,0.6346,1.23,2168.901515,3282.590909,36589.27273,-8747.037879,37.6209,2163,3275,2176,3291,11.0074,3.6199,22.8307,9.8764,1.4905,-626.0436,1,0,0.0245,0.1118,132,0.204281,0.203947,0.031233,1,1,0.070007,0.067856,0.012226,1,1,0.000375,-0.000278,0.003502,0.003386,0.012478,0.009187,0.002745,0.006633,132,1,71.5812,82.9217,0,17.210498,,,QUALIFIED,,,0.033124,0.263744,-1.416393,TRUE,TRUE,BOTH,normal_low,0.229810577,0.103185717,0.166498,BOTH,0,0.022386,0,0.004653,0.054892,0,LOW_CONVERGENCE,3,898,1013
3519,212,0.1325,0.53,1,748.0707547,665.1556604,-28846.60849,26773.73113,39.3561,739,654,759,674,5.1688,2.9544,22.0389,3.8256,1.622,-1730.2809,1,0,1,0,212,0.266234,0.259759,0.051367,1,1,0.021335,0.021513,0.004211,1,1,0.005197,0.002925,0.000318,0.000664,0.004085,0.013322,-0.005221,-0.001988,212,1,80.591,99.4056,0,15.574539,,,QUALIFIED,,0.437175,,-2.2612,,TRUE,TRUE,BOTH,normal_low,0.3160872,0.02828705,0.172187,BOTH,0,0,0.030652,0,0.054721,0,LOW_CONVERGENCE,2,900,1014
15119,187,0.116875,0.5312,1.38,2096.754011,3479.486631,41511.66578,-6943.350267,42.0889,2087,3471,2109,3487,5.999,3.4256,17.4617,5.9172,3.0119,-764.157,1,0,0.0073,0.0723,187,0.247959,0.227445,0.05661,1,1,0.050738,0.051933,0.007522,1,1,-0.002554,0.005716,0.000345,0.000998,-0.000764,0.00521,-0.005287,-0.007451,187,1,71.5812,82.9217,0,19.150979,,,QUALIFIED,,,,,,TRUE,TRUE,BOTH,normal_low,0.290637177,0.073533711,0.182085,BOTH,0,0,0,0,0.054626,0,LOW_CONVERGENCE,0,902,1015
12620,275,0.171875,0.5789,1.32,1752.658182,3559.494545,43511.86364,1659.045455,43.544,1744,3546,1763,3571,6.3209,2.7965,14.3495,5.842,2.2062,-1309.8835,1,0,0.1212,0.2722,275,0.244787,0.243333,0.037198,1,1,0.040914,0.036907,0.010576,1,1,0.001282,0.000748,0.000783,0.00059,-0.00607,-0.002358,-0.005938,-0.007915,275,1,63.3495,86.7715,0,11.193134,,,QUALIFIED,,0.416537,,,,TRUE,TRUE,BOTH,normal_low,0.286219805,0.058416098,0.172318,BOTH,0,0,0.029205,0,0.054616,0,LOW_CONVERGENCE,1,903,1016
4603,152,0.095,0.4021,1.17,880.8552632,1388.947368,-10751.81579,23454.11842,25.8004,871,1380,892,1398,10.4565,3.6717,21.9321,9.0861,1.6154,-3449.1747,1,0,1,0,152,0.261372,0.260291,0.038191,1,1,0.037743,0.0373,0.00256,1,1,0.000952,0.00129,0.000281,-0.001012,-0.002545,-0.002852,-0.002608,-0.003389,152,1,-19.4926,68.1002,0,21.086859,,,QUALIFIED,,,,,,TRUE,TRUE,BOTH,normal_low,0.30931631,0.05353642,0.181426,BOTH,0,0,0,0,0.054428,0,LOW_CONVERGENCE,0,904,1017
3107,144,0.09,0.6516,1.31,689.0972222,2489.263889,16756.09722,28248.06944,32.8437,683,2481,696,2498,5.8646,2.6795,11.7852,5.4105,2.1401,-575.4472,1,0,0.0931,0.2634,144,,,,0,0,0.100126,0.099688,0.009707,1,1,0.000266,0.00269,0.005735,0.008149,0.007795,0.003419,-0.000119,-0.002826,144,1,-8.8513,82.0245,0,13.674109,,,QUALIFIED,,,-0.420924,0.561386,,FALSE,TRUE,S1_ONLY,no_data,,0.149534192,0.149534,S1_ONLY,0,0.04765,0,0,0.05439,0,LOW_CONVERGENCE,2,905,1018
7246,173,0.108125,0.5986,1,1206.491329,3036.387283,30434.18208,15313.21676,34.0698,1199,3028,1216,3045,7.6143,2.653,15.1776,6.4,1.2764,-1543.1385,1,0,0.5632,0.4526,173,0.169436,0.17195,0.036441,1,1,,,,0,0,0.00043,0.001835,-0.001501,0.001797,0.000382,-0.008783,-0.004638,0.001831,173,1,25.3927,84.5067,0,4.599524,,,QUALIFIED,,,,,,TRUE,FALSE,CPR_ONLY,normal_low,0.181284937,,0.181285,CPR_ONLY,0,0,0,0,0.054385,0,LOW_CONVERGENCE,0,906,1019
23394,713,0.445625,0.4738,1.23,3079.553997,1605.11641,-5347.589762,-31513.34993,31.9643,3060,1585,3103,1620,6.6032,3.8159,23.6458,5.3433,2.8339,-1810.1681,1,0,0.6444,0.4522,713,0.19289,0.189498,0.043874,1,1,0.084045,0.078094,0.023548,1,1,0.001045,0.000581,-0.001321,-0.000145,-0.002077,-0.003283,-0.007658,-0.00599,713,1,73.237,102.5391,0,3.678485,,,QUALIFIED,,0.444019,,,,TRUE,TRUE,BOTH,normal_low,0.213947309,0.124788024,0.169368,BOTH,0,0,0.031132,0,0.053924,0,LOW_CONVERGENCE,1,910,1020
11270,467,0.291875,0.5838,1.28,1583.055675,3245.882227,35671.55567,5899.108137,36.1565,1570,3230,1595,3262,9.5961,4.9006,22.9437,8.193,3.9814,-1734.8774,1,0,1,0,467,0.168125,0.164981,0.043308,1,1,,,,0,0,0.000702,0.001471,0.000689,0.001408,0.000231,-0.005042,-0.00933,-0.018177,467,1,31.5436,77.8519,0,6.5025,,,QUALIFIED,,,,,,TRUE,FALSE,CPR_ONLY,normal_low,0.17945922,,0.179459,CPR_ONLY,0,0,0,0,0.053838,0,LOW_CONVERGENCE,0,911,1021
25044,350,0.21875,0.6364,1.14,3326.394286,1800.877143,-453.5714286,-37684.35714,37.6876,3316,1791,3341,1813,5.8182,3.0989,18.2871,4.6291,2.2157,-1840.797,1,0,0.9911,0.0746,350,0.16338,0.160658,0.029811,1,1,0.067622,0.066153,0.014917,1,1,-0.001663,0.000279,0.000415,0.000678,0.001555,0.000367,-0.004321,-0.001811,350,1,64.5725,120.1906,0.02,0,0.003567,0.000493,QUALIFIED,,,,0.763987,,TRUE,TRUE,BOTH,normal_low,0.172851266,0.099515572,0.136183,BOTH,0,0.064847,0,0,0.053824,0,LOW_CONVERGENCE,1,912,1022
646,350,0.21875,0.5853,1.13,231.8685714,2231.828571,10320.21429,39678.78571,40.9986,219,2221,245,2244,6.5128,3.2297,17.7623,5.5252,2.3007,-455.0002,1,0,0.1435,0.3148,350,0.175765,0.166964,0.056831,1,1,0.090747,0.081674,0.024828,1,1,0.019775,0.024889,0.032495,0.034618,0.043305,0.040397,0.056678,0.040313,350,1,67.2511,77.9602,0,19.915839,,,QUALIFIED,,-0.258609,-0.065333,0.067152,0.288736,TRUE,TRUE,BOTH,normal_low,0.190098792,0.135101364,0.1626,BOTH,0.013007,0.0057,0,0,0.053822,0,LOW_CONVERGENCE,4,913,1023
6194,226,0.14125,0.5567,2.07,1082.119469,2416.026549,14925.16372,18422.51327,23.7096,1076,2401,1090,2430,5.2688,2.6997,15.3385,4.0533,1.2305,-1948.4616,1,0,0.9998,0.0027,226,0.228783,0.224354,0.037525,1,1,0.064601,0.054105,0.034518,1,1,-0.000697,0.001481,0.001101,0.002986,-0.000204,0.001195,-0.001512,-0.006841,226,1,33.734,87.2227,0,7.122587,,,QUALIFIED,,,-1.71208,,,TRUE,TRUE,BOTH,normal_low,0.263932408,0.094866721,0.1794,BOTH,0,0,0,0,0.05382,0,LOW_CONVERGENCE,1,914,1024
25399,127,0.079375,0.5336,1.21,3390.685039,1803.818898,-380.0275591,-39291.62598,39.294,3383,1798,3400,1812,6.2112,2.2784,12.863,5.2717,1.4387,-1735.7077,1,0,0.8321,0.3082,127,0.220462,0.213595,0.041758,1,1,0.072056,0.072185,0.005226,1,1,-0.002193,0.003049,0.00021,0.001635,0.000282,-0.002388,-0.003189,-0.002493,127,1,64.5725,120.1906,0,0.025,0.003481,0.001568,QUALIFIED,,,,,,TRUE,TRUE,BOTH,normal_low,0.252344466,0.106338811,0.179342,BOTH,0,0,0,0,0.053803,0,LOW_CONVERGENCE,0,915,1025
5556,1629,1.018125,0.5596,1.73,986.616329,1714.32167,-2617.458257,20810.09177,20.9735,953,1694,1024,1735,9.393,4.6125,21.7511,8.1601,3.916,-2118.2074,1,0,0.9999,0.0051,1629,0.179108,0.172541,0.039889,1,1,0.031402,0.030949,0.002899,0.341314,0.341314,0.002604,0.002722,0.002543,0.0017,0.005914,0.001261,-0.000158,0.000546,1629,1,33.7027,75.9158,0,12.52248,,,QUALIFIED,,-0.045315,0.331498,0.786777,,TRUE,TRUE,BOTH,normal_low,0.194754301,0.043778603,0.119266,BOTH,0,0.066781,0,0.046569,0.053793,0,LOW_CONVERGENCE,3,916,1026
16394,221,0.138125,0.4368,1.05,2267.38914,3462.334842,41082.87104,-11209.22851,42.5852,2256,3453,2279,3475,9.2051,4.5773,21.3156,6.8332,3.0778,-879.1073,1,0,0.0244,0.1203,221,0.241973,0.220798,0.093487,1,1,0.052473,0.044426,0.022742,1,1,-0.000881,-0.000632,-0.000338,0.001619,-0.006573,-0.009337,-0.020673,-0.040775,221,1,71.5812,82.9217,0,22.292403,,,QUALIFIED,,,,,,TRUE,TRUE,BOTH,normal_low,0.282300988,0.076203608,0.179252,BOTH,0,0,0,0,0.053776,0,LOW_CONVERGENCE,0,917,1027
10876,290,0.18125,0.3625,1.28,1551.141379,3446.734483,40692.86207,6696.965517,41.2407,1537,3429,1562,3461,5.631,2.8079,16.7358,4.0666,1.185,-1212.1908,1,0,0.4222,0.4187,290,0.167937,0.166974,0.030087,1,1,,,,0,0,-0.000865,0.001105,2.00E-06,0.000156,-0.000158,-0.007849,-0.003698,-0.008486,290,1,31.5436,77.8519,0,5.526131,,,QUALIFIED,,,,,,TRUE,FALSE,CPR_ONLY,normal_low,0.179197409,,0.179197,CPR_ONLY,0,0,0,0,0.053759,0,LOW_CONVERGENCE,0,919,1028
20343,950,0.59375,0.4398,1.07,2734.377895,1856.876842,946.4210526,-22883.94737,22.904,2712,1834,2757,1882,5.4979,3.4015,18.6561,4.5861,2.6077,168.4565,1,0,0.374,0.4163,950,0.212254,0.196685,0.063432,1,1,0.079193,0.075344,0.021217,1,1,0.001295,0.002278,0.000506,0.001074,0.00016,0.000894,-0.006595,-0.007972,950,1,147.9055,80.9548,0.062105,0,0.003347,0.000847,QUALIFIED,,-0.759073,,,,TRUE,TRUE,BOTH,normal_low,0.240913889,0.117321548,0.179118,BOTH,0,0,0,0,0.053735,0,LOW_CONVERGENCE,1,920,1029
3127,857,0.535625,0.318,1.12,696.0898483,2566.439907,18685.49767,28073.25379,33.7231,673,2539,722,2594,10.1814,4.9123,24.8054,9.2012,4.181,-990.2941,1,0,0.2107,0.3838,857,0.194645,0.188387,0.038872,1,1,0.09468,0.092591,0.040309,1,1,0.000506,-0.001033,-0.000139,0.002075,2.20E-05,0.004935,-0.013381,-0.013576,857,1,-8.8513,82.0245,0,11.343858,,,QUALIFIED,,,,,,TRUE,TRUE,BOTH,normal_low,0.216391347,0.141153641,0.178772,BOTH,0,0,0,0,0.053632,0,LOW_CONVERGENCE,0,921,1030
627,316,0.1975,0.513,1.27,221.0126582,2214.325949,9882.648734,39950.18354,41.154,207,2204,235,2226,4.2011,2.0269,10.5004,3.7116,1.1865,-462.0295,1,0,0.2277,0.373,316,0.181836,0.167088,0.044781,1,1,0.099569,0.092799,0.026146,1,1,0.063231,0.070978,0.093429,0.100224,0.119651,0.118061,0.14011,0.127366,316,1,67.2511,77.9602,0,20.415879,,,QUALIFIED,,-0.122519,-0.072729,0.013289,0.090957,TRUE,TRUE,BOTH,normal_low,0.198553352,0.148677055,0.173615,BOTH,0.004097,0.001128,0,0,0.053539,0,LOW_CONVERGENCE,4,923,1031
2324,623,0.389375,0.5065,1.37,569.8459069,1027.197432,-19795.56421,31229.35233,36.9741,556,1005,586,1046,8.0219,4.2081,23.0647,6.7504,2.5943,-926.8099,1,0,0.1172,0.3022,623,,,,0,0,0.112794,0.109899,0.020875,1,1,0.035191,0.041147,0.054813,0.053987,0.067868,0.063686,0.068813,0.060857,623,1,35.9271,86.4979,0,25.257128,,,QUALIFIED,,-0.169248,0.015069,0.06162,0.115618,FALSE,TRUE,S1_ONLY,no_data,,0.169028281,0.169028,S1_ONLY,0.005208,0.00523,0,0.002117,0.053528,0,LOW_CONVERGENCE,4,924,1032
11853,223,0.139375,0.4646,1.2,1657.026906,3602.165919,44578.64798,4049.827354,44.7627,1647,3592,1671,3612,7.0302,2.6942,14.9264,6.3683,2.1585,-969.2673,1,0,0.228,0.3832,223,0.263199,0.25883,0.047705,1,1,0.029389,0.029588,0.002976,1,1,-8.10E-05,0.001239,-0.000444,0.001287,-0.001711,-0.00293,-0.004732,-0.004506,223,1,63.3495,86.7715,0,9.576077,,,QUALIFIED,,,,,,TRUE,TRUE,BOTH,normal_low,0.311860616,0.040680908,0.176271,BOTH,0,0,0,0,0.052881,0,LOW_CONVERGENCE,0,928,1033
23194,670,0.41875,0.5026,1.39,3034.256716,1299.413433,-12990.16418,-30380.91791,33.0418,3015,1282,3058,1313,7.1176,3.79,21.0473,6.1022,2.5948,-696.4448,1,0,0.2837,0.4099,670,0.18488,0.173297,0.04934,1,1,0.095014,0.092753,0.017233,1,1,0.00962,0.008031,0.007384,0.008086,0.00999,0.01356,0.007913,0.009941,670,1,62.9466,93.772,0,8.193938,,,QUALIFIED,,0.165177,-0.09507,-0.357357,-0.256287,TRUE,TRUE,BOTH,normal_low,0.20279247,0.141667616,0.17223,BOTH,0,0,0.011581,0,0.052827,0,LOW_CONVERGENCE,4,929,1034
15647,182,0.11375,0.455,1,2166.291209,3040.346154,30533.15385,-8681.78022,31.7441,2156,3030,2176,3050,10.2994,4.2966,20.58,8.5608,3.048,-60.1857,1,0,0.0826,0.2281,182,0.245062,0.248295,0.043072,0.598901,0.598901,0.045485,0.045942,0.011178,1,1,0.000207,-0.000415,-0.000882,-0.000491,0.000468,-0.002987,-0.00376,-0.004844,182,1,127.1508,86.7202,0,11.955046,,,QUALIFIED,,,,,,TRUE,TRUE,BOTH,normal_low,0.286602773,0.065450158,0.176026,BOTH,0,0,0,0,0.052808,0,LOW_CONVERGENCE,0,930,1035
22843,274,0.17125,0.4152,1.65,3009.427007,1606.762774,-5306.430657,-29760.17518,30.23,2993,1598,3026,1618,5.1416,2.7543,17.0955,4.8035,1.7288,-1695.4063,1,0,0.1387,0.2932,274,0.231096,0.227881,0.032278,1,1,0.058006,0.056325,0.011032,1,1,-1.90E-05,-0.018071,-0.000825,0.000165,0.000459,0.000985,-0.003031,0.000699,274,1,73.237,102.5391,0,4.813003,,,QUALIFIED,,,,,,TRUE,TRUE,BOTH,normal_low,0.267153525,0.084718037,0.175936,BOTH,0,0,0,0,0.052781,0,LOW_CONVERGENCE,0,931,1036
9906,2955,1.846875,0.4664,1.22,1489.441624,3189.07242,34251.31049,8239.459391,35.2288,1452,3148,1524,3236,10.8617,3.3531,21.5075,9.4068,2.7307,-1470.1298,1,0,0.3531,0.4339,2955,0.165527,0.161331,0.029842,1,1,,,,0,0,-0.000873,0.000708,-0.000388,-0.000322,-0.002336,-0.001884,-0.009417,-0.008149,2955,1,25.3927,84.5067,0,4.034616,,,QUALIFIED,,,,,,TRUE,FALSE,CPR_ONLY,normal_low,0.175841209,,0.175841,CPR_ONLY,0,0,0,0,0.052752,0,LOW_CONVERGENCE,0,932,1037
1204,147,0.091875,0.4836,1.19,372.9659864,2405.108844,14652.22109,36151.35034,39.0075,365,2397,381,2416,10.3306,4.5106,20.1632,9.7822,3.8232,-33.9812,1,0,0.0582,0.1953,147,0.233783,0.228427,0.049065,1,1,0.055433,0.05482,0.005019,1,1,-0.002331,-0.000969,0.000873,0.00065,-0.000178,-0.013681,-0.006604,-0.007738,147,1,-57.4093,73.0638,0,15.042315,,,QUALIFIED,,,,,,TRUE,TRUE,BOTH,normal_low,0.270895479,0.080758589,0.175827,BOTH,0,0,0,0,0.052748,0,LOW_CONVERGENCE,0,933,1038
20776,1029,0.643125,0.5092,1.09,2771.196307,1758.452867,-1514.178328,-23804.40768,23.853,2749,1739,2796,1782,6.7858,3.6662,18.0773,5.6391,2.2398,9.7499,1,0,0.3956,0.4485,1029,0.190925,0.177588,0.058663,1,1,0.093422,0.096148,0.025838,1,1,0.005231,0.006776,0.000358,0.000389,-0.000268,-0.002003,-0.0064,-0.00493,1029,1,147.9055,80.9548,0,0.90312,,,QUALIFIED,,-0.295355,,,,TRUE,TRUE,BOTH,normal_low,0.211210822,0.139217774,0.175214,BOTH,0,0,0,0,0.052564,0,LOW_CONVERGENCE,1,934,1039
362,487,0.304375,0.5723,1.61,151.0246407,2272.149897,11328.24743,41699.88398,43.2109,133,2260,170,2283,5.4505,2.8561,16.6329,4.8213,2.8376,-300.8342,1,0,0.0137,0.0912,487,0.215355,0.200543,0.066382,1,1,0.067486,0.067226,0.008612,1,1,0.051765,0.055954,0.080774,0.079401,0.105333,0.102052,0.099769,0.102649,487,1,67.2511,77.9602,0,19.591532,,,QUALIFIED,,-0.080923,0.016998,0.031149,-0.028867,TRUE,TRUE,BOTH,normal_low,0.245232385,0.099306289,0.172269,BOTH,0,0.002644,0,0.002388,0.052448,0,LOW_CONVERGENCE,4,935,1040
11623,644,0.4025,0.5164,1.48,1637.548137,3383.495342,39111.88354,4536.796584,39.3746,1623,3361,1652,3404,7.4506,2.3894,13.9009,6.1137,1.2735,-1132.0029,1,0,0.2509,0.3875,644,0.154756,0.149003,0.035241,1,1,,,,0,0,0.019494,0.026156,0.032905,0.032583,0.045777,0.043883,0.044748,0.033934,644,1,63.3495,86.7715,0,7.401056,,,QUALIFIED,,-0.341746,0.009786,0.041374,0.241664,TRUE,FALSE,CPR_ONLY,normal_low,0.160841362,,0.160841,CPR_ONLY,0.010886,0.003512,0,0.001375,0.052358,0,LOW_CONVERGENCE,4,936,1041
12924,128,0.08,0.6154,1.23,1793.203125,3050.242188,30780.55469,645.421875,30.7878,1785,3044,1801,3057,5.1659,2.8532,15.6345,4.9148,2.374,-1313.6253,1,0,0.1219,0.2917,128,0.225811,0.228098,0.032977,1,1,0.060629,0.060363,0.010471,1,1,0.000223,0.002061,0.000373,-5.50E-05,0.00033,0.004339,-0.001943,-0.004228,128,1,66.0189,90.6798,0,7.695006,,,QUALIFIED,,,,,,TRUE,TRUE,BOTH,normal_low,0.259793559,0.088754428,0.174274,BOTH,0,0,0,0,0.052282,0,LOW_CONVERGENCE,0,937,1042
6365,241,0.150625,0.5766,1.16,1110.605809,2341.323651,13057.59129,17710.35477,22.0035,1100,2331,1122,2350,3.3138,1.5653,8.2691,3.0688,1.1503,-1851.6022,1,0,0.9871,0.0862,241,0.230526,0.224822,0.031111,1,1,0.040867,0.03885,0.0078,0.854772,0.854772,0.00011,0.003119,0.002756,0.002107,-0.001433,8.30E-05,0.000106,-0.005482,241,1,53.7768,91.9349,0,5.903495,,,QUALIFIED,,,0.235486,,,TRUE,TRUE,BOTH,normal_low,0.266359734,0.058343772,0.162352,BOTH,0,0,0,0.033081,0.052014,0,LOW_CONVERGENCE,1,939,1043
14052,156,0.0975,0.5132,1.19,1964.217949,3444.583333,40639.08333,-3629.948718,40.8014,1957,3434,1973,3453,5.7572,3.2664,19.4247,5.2386,1.9874,-730.5305,1,0,0.0464,0.1764,156,0.20665,0.214247,0.064303,1,1,0.076683,0.075554,0.016001,1,1,0.000316,0.008268,-0.000511,-0.001856,0.00091,-0.00101,-0.005162,-0.006416,156,1,63.3495,86.7715,0,15.807751,,,QUALIFIED,,,,,,TRUE,TRUE,BOTH,normal_low,0.233109679,0.113459047,0.173284,BOTH,0,0,0,0,0.051985,0,LOW_CONVERGENCE,0,941,1044
24772,1452,0.9075,0.5042,1.42,3283.696281,2704.999311,22149.48278,-36616.90702,42.7955,3263,2673,3308,2737,9.0384,4.4816,25.7245,7.8233,3.45,-694.4392,1,0.0007,0.3394,0.4295,1452,0.238764,0.234599,0.047621,1,1,0.047011,0.044558,0.011616,1,1,-0.000108,0.000695,-4.70E-05,6.10E-05,-6.90E-05,-0.001991,-0.005802,-0.008575,1452,1,130.151,122.7969,0,7.761644,,,QUALIFIED,,,,,,TRUE,TRUE,BOTH,normal_low,0.27783209,0.067798436,0.172815,BOTH,0,0,0,0,0.051844,0,LOW_CONVERGENCE,0,942,1045
12191,248,0.155,0.5741,1.33,1687.741935,3435.645161,40415.62903,3281.951613,40.5491,1676,3427,1700,3445,4.4052,2.1675,14.0346,4.1658,1.7481,-1081.5318,1,0,0.0102,0.0741,248,0.163285,0.160613,0.02605,1,1,,,,0,0,0.001859,0.002176,-0.00474,0.001,-0.001152,-0.001902,-0.00606,0.009974,248,1,63.3495,86.7715,0,8.825035,,,QUALIFIED,,-0.170522,,,,TRUE,FALSE,CPR_ONLY,normal_low,0.172718968,,0.172719,CPR_ONLY,0,0,0,0,0.051816,0,LOW_CONVERGENCE,1,943,1046
13214,271,0.169375,0.5162,1.19,1838.217712,175.7453875,-41081.86531,-479.9428044,41.0842,1827,167,1852,188,4.6975,1.6164,9.7977,3.8083,1.0609,-2358.2325,1,0,1,0,271,0.246114,0.240361,0.033105,1,1,0.039777,0.03939,0.006252,1,1,0.001541,0.008376,0.002118,0.005377,0.010192,0.010531,0.002473,0.002881,271,1,35.5577,101.3636,0.335793,0,0.000142,0.000119,QUALIFIED,,-4.435432,-1.538716,-0.033261,-0.164982,TRUE,TRUE,BOTH,normal_low,0.288067804,0.056666431,0.172367,BOTH,0,0,0,0,0.05171,0,LOW_CONVERGENCE,4,945,1047
4921,730,0.45625,0.5407,1.5,909.9917808,1327.016438,-12300.08904,22725.70548,25.8402,895,1306,925,1351,11.1425,4.3054,27.9204,9.7493,3.7688,-3536.9157,1,0.0137,1,0,730,0.256089,0.225793,0.102679,1,1,0.03063,0.030635,0.002627,1,1,0.0008,0.000348,-0.001344,-0.0004,0.000257,0.001672,0.000256,0.002065,730,1,-19.4926,68.1002,0,21.715461,,,QUALIFIED,,,,,,TRUE,TRUE,BOTH,normal_low,0.30195913,0.042590615,0.172275,BOTH,0,0,0,0,0.051682,0,LOW_CONVERGENCE,0,947,1048
24844,364,0.2275,0.5014,1.5,3305.851648,1766.648352,-1309.291209,-37170.79121,37.1943,3291,1758,3324,1780,3.7375,2.2496,11.7166,2.9787,1.1645,-1855.1422,1,0,1,0,364,0.185429,0.18723,0.025791,1,1,0.048525,0.047439,0.005656,1,1,0.001314,0.002769,0.002842,0.003661,0.004643,0.002357,0.004603,0.003838,364,1,64.5725,120.1906,0.032967,0,0.003642,0.000432,QUALIFIED,,-1.107306,-0.288177,0.492354,0.166196,TRUE,TRUE,BOTH,normal_low,0.203557015,0.070128247,0.136843,BOTH,0.007487,0.041791,0,0,0.051657,0,LOW_CONVERGENCE,4,948,1049
615,189,0.118125,0.5526,1.06,217.2592593,1186.412698,-15815.18254,40044.01852,43.0533,208,1178,227,1196,5.9416,2.7239,18.6436,5.6119,1.911,-956.6779,1,0,0.2849,0.37,189,,,,0,0,0.112214,0.106968,0.027448,1,1,0.06426,0.086431,0.116528,0.121061,0.159616,0.156701,0.174207,0.165111,189,1,46.1389,95.783,0,34.059599,,,QUALIFIED,,-0.34502,-0.038901,0.018263,0.052214,FALSE,TRUE,S1_ONLY,no_data,,0.168135751,0.168136,S1_ONLY,0.002352,0.00155,0,0,0.051456,0,LOW_CONVERGENCE,4,951,1050
26088,320,0.2,0.5861,1.24,3558.5625,1638.59375,-4510.65625,-43488.5625,43.7223,3547,1628,3568,1654,7.5076,3.596,20.2712,5.5648,1.8977,-2105.9852,1,0,1,0,320,0.245201,0.234626,0.057001,1,1,0.039439,0.038535,0.007619,1,1,-0.000774,0.000846,-0.000671,0.000137,0.002302,0.00356,0.001863,0.00331,320,1,64.5725,120.1906,0,0.509902,,,QUALIFIED,,,,-0.546481,-0.776704,TRUE,TRUE,BOTH,normal_low,0.286796347,0.056146301,0.171471,BOTH,0,0,0,0,0.051441,0,LOW_CONVERGENCE,2,952,1051
17796,498,0.31125,0.6426,1.24,2449.5,2775.487952,23911.6988,-15762,28.64,2438,2760,2463,2791,7.0343,3.0345,16.5616,6.235,1.8346,2203.7085,1,0,0.0179,0.0987,498,,,,0,0,0.114229,0.111803,0.014797,1,1,-0.001114,0.000507,0.000257,-0.000637,-0.000706,-0.000865,-0.002202,-0.004227,498,1,206.9462,82.5201,0,7.820885,,,QUALIFIED,,,,,,FALSE,TRUE,S1_ONLY,no_data,,0.171236524,0.171237,S1_ONLY,0,0,0,0,0.051371,0,LOW_CONVERGENCE,0,953,1052
6875,514,0.32125,0.5411,1.52,1151.782101,2658.622568,20990.0642,16680.94747,26.8112,1142,2642,1167,2680,9.5626,2.9727,26.0058,7.9744,1.679,-1976.0351,1,0.0019,0.8391,0.3418,514,0.25211,0.245885,0.046241,1,1,0.032875,0.034213,0.007925,1,1,0.000785,0.003595,7.00E-05,-0.001236,0.000455,-0.003895,-0.006367,-0.005867,514,1,33.734,87.2227,0,7.506039,,,QUALIFIED,,,,,,TRUE,TRUE,BOTH,normal_low,0.296417918,0.046045322,0.171232,BOTH,0,0,0,0,0.05137,0,LOW_CONVERGENCE,0,954,1053
25910,711,0.444375,0.4575,1.14,3485,1795.872011,-578.6997187,-41649.5,41.654,3466,1776,3508,1813,7.6849,3.8869,24.1867,6.2098,2.1493,-2061.2625,1,0,0.9887,0.096,711,0.210601,0.205237,0.038213,1,1,0.046518,0.045177,0.005089,1,1,-6.30E-05,-0.000335,0.002376,0.001463,0.000363,0.001846,-0.002239,-0.001333,711,1,64.5725,120.1906,0.02391,0,0.003008,0.000317,QUALIFIED,,,0.384259,,,TRUE,TRUE,BOTH,normal_low,0.238611898,0.067039785,0.152826,BOTH,0,0,0,0.053981,0.051246,0,LOW_CONVERGENCE,1,956,1054
22023,634,0.39625,0.5176,1.96,2909.776025,2447.788644,15719.21609,-27268.90063,31.4759,2898,2424,2923,2473,7.0509,4.701,25.9176,5.1056,2.2553,-600.086,1,0.0032,1,0,634,,,,0,0,0.072051,0.072001,0.01132,1,1,0.003391,0.001367,0.00081,0.001094,0.004382,0.001532,0.003204,0.002277,634,1,121.4255,96.4448,0,0.657647,,,QUALIFIED,,0.596874,,0.650388,0.289326,FALSE,TRUE,S1_ONLY,no_data,,0.106331116,0.106331,S1_ONLY,0.013033,0.055205,0.04185,0,0.051035,0,LOW_CONVERGENCE,3,958,1055
759,132,0.0825,0.6111,1.5,269.0757576,1664.409091,-3865.272727,38748.60606,38.9404,264,1656,276,1674,3.7245,1.5531,9.4846,3.5836,1.1171,-2197.8891,1,0,0.1955,0.3416,132,,,,0,0,0.110082,0.109426,0.013901,1,1,0.001277,0.001007,-0.001152,-0.001226,0.002829,0.00334,9.40E-05,-0.002335,132,1,24.6404,85.2909,0,28.960156,,,QUALIFIED,,0.211433,,-0.180629,,FALSE,TRUE,S1_ONLY,no_data,,0.164854933,0.164855,S1_ONLY,0,0,0.014825,0,0.050939,0,LOW_CONVERGENCE,2,959,1056
4593,323,0.201875,0.5608,1,878.3095975,1403.318885,-10392.52786,23517.76006,25.711,867,1393,891,1417,10.2089,4.0582,21.2677,9.0848,3.2733,-3397.9599,1,0,1,0,323,0.23933,0.222636,0.068187,1,1,0.04253,0.042715,0.003567,1,1,0.00045,0.001046,0.000512,-0.000543,-0.001925,-0.00345,-0.001762,-0.001757,323,1,-19.4926,68.1002,0,20.808307,,,QUALIFIED,,,,,,TRUE,TRUE,BOTH,normal_low,0.278620309,0.060902871,0.169762,BOTH,0,0,0,0,0.050929,0,LOW_CONVERGENCE,0,960,1057
21038,1583,0.989375,0.516,1.13,2809.814277,1646.760581,-4306.485471,-24769.85692,25.1418,2782,1614,2834,1673,8.25,4.2187,26.9456,6.7224,3.1266,-207.7412,1,0.0006,0.0945,0.2572,1583,0.168465,0.165595,0.03282,1,1,0.068206,0.065653,0.014173,1,1,0.008199,0.00381,0.001966,0.00126,-0.000126,-0.001426,-0.003309,-0.006519,1583,1,73.237,102.5391,0,3.487926,,,QUALIFIED,,0.535309,0.359105,,,TRUE,TRUE,BOTH,normal_low,0.179932709,0.100414257,0.140173,BOTH,0,0,0.037533,0.050447,0.05085,0,LOW_CONVERGENCE,2,963,1058
459,518,0.32375,0.4427,1.3,178.6254826,2044.202703,5629.567568,41009.86293,41.394,166,2023,196,2062,7.423,3.7945,21.0181,6.8146,3.4591,-1127.5012,1,0,0.4536,0.4426,518,0.156813,0.158167,0.056255,1,1,0.11672,0.116774,0.016924,1,1,-0.001597,-0.000827,0.000213,-0.003455,-0.004321,-0.004563,-0.010249,-0.019507,518,1,67.2511,77.9602,0,24.667413,,,QUALIFIED,,,,,,TRUE,TRUE,BOTH,normal_low,0.163705969,0.175069787,0.169388,BOTH,0,0,0,0,0.050816,0,LOW_CONVERGENCE,0,964,1059
715,1934,1.20875,0.4568,1.26,256.5894519,2195.386246,9409.156153,39060.7637,40.1777,225,2156,283,2229,8.2002,4.1034,28.7172,6.7347,2.7217,-438.6342,1,0.0026,0.107,0.2853,1934,0.203025,0.183263,0.075713,1,1,0.072437,0.069039,0.022692,1,1,0.059608,0.070778,0.101401,0.104941,0.126457,0.128004,0.138006,0.13391,1934,1,67.2511,77.9602,0,20.155644,,,QUALIFIED,,-0.187391,-0.034911,-0.012233,0.02968,TRUE,TRUE,BOTH,normal_low,0.228061453,0.106925111,0.167493,BOTH,0.001337,0,0,0,0.050649,0,LOW_CONVERGENCE,4,965,1060
15608,216,0.135,0.6429,1.31,2155.810185,3451.296296,40806.90741,-8419.75463,41.6671,2148,3442,2164,3463,5.2072,2.2534,12.6071,4.781,1.8623,-912.44,1,0,0.5791,0.4664,216,0.19011,0.18873,0.026957,1,1,0.046568,0.04724,0.005933,1,1,-0.003565,0.001208,0.000501,0.001814,0.017756,0.008653,0.000761,0.004421,216,1,71.5812,82.9217,0,20.538805,,,QUALIFIED,,,,0.512672,,TRUE,TRUE,BOTH,normal_low,0.210075842,0.067116728,0.138596,BOTH,0,0.043515,0,0,0.050282,0,LOW_CONVERGENCE,1,969,1061
1532,345,0.215625,0.3947,1.65,435.715942,1831.510145,312.2536232,34582.60145,34.5835,414,1820,452,1843,5.0418,2.1992,15.4384,4.6375,1.7112,-623.9014,1,0,0.0878,0.2265,345,0.17619,0.168188,0.041704,1,1,0.092638,0.089956,0.014721,1,1,0.044395,0.046695,0.063669,0.066882,0.081628,0.080517,0.087951,0.084318,345,1,49.6089,82.7432,0,23.387724,,,QUALIFIED,,-0.051808,-0.050464,0.013611,0.041307,TRUE,TRUE,BOTH,normal_low,0.190690653,0.13801132,0.164351,BOTH,0.001861,0.001155,0,0,0.050095,0,LOW_CONVERGENCE,4,972,1062
9703,1525,0.953125,0.4926,1.67,1457.27541,1497.80918,-8030.270492,9043.614754,12.0936,1434,1467,1477,1539,11.1274,4.8715,25.4899,9.8789,4.3506,-1891.3686,1,0.0013,0.9449,0.2073,1525,,,,0,0,0.078401,0.071947,0.025816,1,1,0.003004,0.002789,0.000709,-0.000793,0.00255,0.000357,-0.001875,-0.006278,1525,1,0.5626,56.8385,0,11.955856,,,QUALIFIED,,0.071571,,0.86,,FALSE,TRUE,S1_ONLY,no_data,,0.116102783,0.116103,S1_ONLY,0,0.072996,0.005018,0,0.049932,0,LOW_CONVERGENCE,2,975,1063
1938,176,0.11,0.5752,1.06,517.2784091,1052.454545,-19164.13636,32543.53977,37.7663,509,1044,527,1061,5.3589,2.9307,13.5432,4.5115,1.3976,-997.5216,1,0,0.1359,0.2963,176,,,,0,0,0.102255,0.099827,0.010773,1,1,0.041419,0.045429,0.058669,0.065799,0.077311,0.077688,0.070225,0.053252,176,1,35.9271,86.4979,0,26.815539,,,QUALIFIED,,-0.096815,-0.121529,-0.004876,0.241695,FALSE,TRUE,S1_ONLY,no_data,,0.152810393,0.15281,S1_ONLY,0.010888,0,0,0,0.049109,0,LOW_CONVERGENCE,4,983,1064
2557,217,0.135625,0.5711,1.05,617.235023,2183.115207,9102.380184,30044.62442,31.3929,608,2174,628,2193,5.8999,4.0193,18.1943,4.6589,1.5982,-2084.9224,1,0,1,0,217,,,,0,0,0.109305,0.110518,0.013236,1,1,0.000401,-0.002013,-0.000924,-0.001068,-0.004243,-0.008436,-0.000424,0.002195,217,1,40.2924,84.9679,0,17.925,,,QUALIFIED,,,,,,FALSE,TRUE,S1_ONLY,no_data,,0.16365925,0.163659,S1_ONLY,0,0,0,0,0.049098,0,LOW_CONVERGENCE,0,984,1065
13055,3013,1.883125,0.4714,1.38,1812.750083,236.898772,-39553.0307,156.7479257,39.5528,1776,191,1844,285,9.9513,4.1378,21.6436,8.714,3.5066,-2234.3693,1,0,1,0,3013,0.192193,0.185244,0.04512,1,1,0.029278,0.028284,0.006556,1,1,0.006755,0.010312,0.005988,0.006574,0.007516,0.003917,0.005242,0.00414,3013,1,35.5577,101.3636,0,0.05,,,QUALIFIED,,-0.526573,-0.097862,0.478845,0.210225,TRUE,TRUE,BOTH,normal_low,0.212976657,0.040510096,0.126743,BOTH,0.00947,0.040644,0,0,0.048993,0,LOW_CONVERGENCE,4,985,1066
10387,138,0.08625,0.5897,1.38,1502.84058,3390.043478,39275.58696,7904.485507,40.0635,1494,3385,1512,3398,3.3476,2.2245,12.8689,2.407,0.9527,-1228.8858,1,0,0.8603,0.2757,138,0.155624,0.155885,0.022602,1,1,,,,0,0,0.030257,0.039621,0.04657,0.052666,0.062589,0.061605,0.054595,0.055765,138,1,31.5436,77.8519,0,4.176197,,,QUALIFIED,,-0.309482,-0.1309,0.015722,-0.021431,TRUE,FALSE,CPR_ONLY,normal_low,0.162050151,,0.16205,CPR_ONLY,0,0.001334,0,0,0.048882,0,LOW_CONVERGENCE,4,987,1067
598,692,0.4325,0.4733,1.26,218.6690751,2188.817919,9244.947977,40008.77312,41.0626,196,2174,239,2208,6.2027,2.3109,17.2345,5.0695,1.5273,-450.9375,1,0,0.292,0.4093,692,0.147814,0.13955,0.042314,1,1,0.109407,0.104569,0.024547,1,1,0.211394,0.259616,0.347859,0.375294,0.458508,0.44337,0.491607,0.457674,692,1,67.2511,77.9602,0,20.893734,,,QUALIFIED,,-0.228114,-0.078868,0.033016,0.069025,TRUE,TRUE,BOTH,normal_low,0.151173834,0.163816213,0.157495,BOTH,0.003109,0.002802,0,0,0.048742,0,LOW_CONVERGENCE,4,988,1068
26015,334,0.20875,0.5567,1.5,3529.38024,1644.943114,-4351.922156,-42759.00599,42.9803,3520,1632,3540,1662,4.015,2.3961,17.5038,3.1902,1.662,-2100.8737,1,0,1,0,334,0.219965,0.215374,0.044147,1,1,0.050042,0.048431,0.011634,1,1,-0.000411,0.000641,-0.000515,-7.90E-05,-0.000745,0.000109,-0.005402,-0.001654,334,1,64.5725,120.1906,0,0.419076,,,QUALIFIED,,,,,,TRUE,TRUE,BOTH,normal_low,0.251652337,0.072462675,0.162058,BOTH,0,0,0,0,0.048617,0,LOW_CONVERGENCE,0,989,1069
6363,373,0.233125,0.5138,1.5,1101.61126,2322.847185,12595.67962,17935.2185,21.9162,1091,2305,1113,2338,7.2237,3.2207,21.025,6.1725,1.7767,-1878.1973,1,0,1,0,373,0.228972,0.217264,0.046446,1,1,0.03695,0.035063,0.008774,0.981233,0.981233,0.002526,0.005013,0.004032,0.00373,0.002498,0.002676,-0.000613,-0.005322,373,1,53.7768,91.9349,0,6.025052,,,QUALIFIED,,-0.984561,0.074901,-0.071257,,TRUE,TRUE,BOTH,normal_low,0.264195612,0.052316116,0.158256,BOTH,0,0,0,0.010522,0.048529,0,LOW_CONVERGENCE,3,991,1070
2793,436,0.2725,0.4989,1.65,640.1330275,2210.756881,9793.422018,29472.17431,31.0564,630,2194,653,2232,8.6491,4.1982,25.597,7.2633,2.7378,-2083.6433,1,0.0023,1,0,436,,,,0,0,0.107823,0.107404,0.015939,1,1,-0.003066,0.003344,0.001493,0.001595,0.002679,0.002995,-0.003823,0.0009,436,1,40.2924,84.9679,0,17.314156,,,QUALIFIED,,,-0.068319,-0.117954,,FALSE,TRUE,S1_ONLY,no_data,,0.161378682,0.161379,S1_ONLY,0,0,0,0,0.048414,0,LOW_CONVERGENCE,2,993,1071
1292,736,0.46,0.6216,1.16,398.3736413,2326.331522,12682.78804,35516.15897,37.7124,384,2308,416,2345,9.3529,3.1188,19.7252,7.8659,2.1064,-0.3001,1,0,0.2167,0.3386,736,,,,0,0,0.101556,0.087543,0.04696,1,1,0.00205,0.001205,0.002847,0.003476,0.000769,-0.008654,-0.005086,-0.009635,736,1,67.2511,77.9602,0,16.734564,,,QUALIFIED,,0.412195,-0.220934,,,FALSE,TRUE,S1_ONLY,no_data,,0.15173474,0.151735,S1_ONLY,0,0,0.028901,0,0.048411,0,LOW_CONVERGENCE,2,994,1072
7914,1755,1.096875,0.4835,1.2,1278.333333,1315.674644,-12583.6339,13517.16667,18.4671,1250,1287,1316,1342,6.1004,3.4341,23.4294,5.2655,2.7511,-1816.9168,1,0,0.5421,0.4701,1755,,,,0,0,0.085176,0.073626,0.033792,1,1,0.002608,0.001167,0.001751,0.002671,0.002164,0.001331,-0.001991,-0.004318,1755,1,0.5626,56.8385,0,18.40287,,,QUALIFIED,,0.552531,-0.525414,0.384935,,FALSE,TRUE,S1_ONLY,no_data,,0.126528458,0.126528,S1_ONLY,0,0.032673,0.038741,0,0.048367,0,LOW_CONVERGENCE,3,995,1073
23778,131,0.081875,0.4533,1,3137.732824,1761.648855,-1434.278626,-32967.82061,32.9995,3131,1754,3148,1771,4.4505,2.5262,15.9803,3.5781,1.1231,-1805.9789,1,0,0.1331,0.2775,131,,,,0,0,0.078809,0.079007,0.009581,1,1,-0.00062,0.004447,0.004052,0.004014,0.003179,0.000711,0.002246,0.002679,131,1,73.237,102.5391,0,0.05,0.004235,0.002491,QUALIFIED,,,0.009378,0.776345,-0.192787,FALSE,TRUE,S1_ONLY,no_data,,0.116730631,0.116731,S1_ONLY,0,0.065896,0,0.001317,0.04833,0,LOW_CONVERGENCE,3,996,1074
6630,293,0.183125,0.5366,1.24,1131.283276,2736.720137,22942.50341,17193.41809,28.6702,1118,2727,1144,2748,4.4328,1.813,11.5887,3.6677,0.9034,-2046.7076,1,0,1,0,293,0.226026,0.21985,0.039874,1,1,0.020592,0.020529,0.003485,1,1,0.001675,0.000778,0.000506,0.001423,0.00302,0.00276,-0.01043,-0.005979,293,1,33.734,87.2227,0,9.000868,,,QUALIFIED,,0.535522,,0.086093,,TRUE,TRUE,BOTH,normal_low,0.260092971,0.027143688,0.143618,BOTH,0,0.007308,0.037548,0,0.048302,0,LOW_CONVERGENCE,2,997,1075
6960,1708,1.0675,0.4313,1.1,1170.846019,2544.535129,18137.87822,16204.34953,24.3221,1140,2515,1200,2581,7.8547,4.0844,28.0798,6.2028,2.42,-2027.5592,1,0.0023,0.6924,0.4124,1708,0.221172,0.209259,0.067483,1,1,0.04721,0.046203,0.008772,0.333724,0.333724,-0.000594,-0.003316,-0.001496,-0.00013,-0.000268,-0.003171,-0.007886,-0.006344,1708,1,33.734,87.2227,0,5.322652,,,QUALIFIED,,,,,,TRUE,TRUE,BOTH,normal_low,0.253333222,0.068104666,0.160719,BOTH,0,0,0,0,0.048216,0,LOW_CONVERGENCE,0,998,1076
16107,462,0.28875,0.531,1.03,2226.926407,3353.292208,38356.80519,-10197.66017,39.6899,2211,3337,2241,3366,9.1006,3.433,21.595,7.89,2.3661,-666.1452,1,0,0.011,0.0848,462,0.23201,0.226374,0.0358,1,1,0.036833,0.034314,0.009753,1,1,0.000404,-0.000787,-0.000741,-0.000979,-0.002144,-0.007344,-0.001257,-0.003604,462,1,71.5812,82.9217,0,19.415023,,,QUALIFIED,,,,,,TRUE,TRUE,BOTH,normal_low,0.268426374,0.052136071,0.160281,BOTH,0,0,0,0,0.048084,0,LOW_CONVERGENCE,0,1000,1077
16440,200,0.125,0.5556,1.6,2270.535,3473.075,41351.375,-11287.875,42.865,2260,3466,2284,3481,4.4319,2.5209,14.2882,3.8052,1.3428,-891.0052,1,0,0.2712,0.4081,200,0.192112,0.188076,0.0487,1,1,0.072848,0.059539,0.04536,1,1,-0.000271,-0.001038,0.001095,0.00233,-0.005325,-0.008252,-0.014628,-0.038409,200,1,71.5812,82.9217,0,22.562469,,,QUALIFIED,,,-1.127854,,,TRUE,TRUE,BOTH,normal_low,0.212863855,0.107557576,0.160211,BOTH,0,0,0,0,0.048063,0,LOW_CONVERGENCE,1,1001,1078
1313,3208,2.005,0.5036,1.51,405.6658354,1883.401496,1609.537406,35333.85411,35.37,360,1853,458,1918,9.9117,4.713,28.3187,8.4983,3.6265,-605.5783,1,0.0044,0.523,0.4779,3208,0.147904,0.132169,0.069071,1,1,0.093748,0.090797,0.023093,1,1,0.024607,0.02376,0.035515,0.036106,0.042154,0.035433,0.041711,0.037448,3208,1,49.6089,82.7432,0,22.91356,,,QUALIFIED,,0.034421,-0.016641,0.159439,0.102203,TRUE,TRUE,BOTH,normal_low,0.15129917,0.139719438,0.145509,BOTH,0.004604,0.013533,0.002413,0,0.047982,0,LOW_CONVERGENCE,4,1002,1079
26162,326,0.20375,0.5699,1.18,3590.809816,1612.046012,-5174.349693,-44294.7454,44.5964,3578,1601,3604,1623,6.4088,2.3392,13.9662,5.7685,1.5197,-2046.5532,1,0,1,0,326,0.21849,0.212242,0.041684,1,1,0.048317,0.046899,0.006937,1,1,-0.00058,0.001772,0.000156,0.000143,-0.00049,9.00E-06,-0.000676,-6.20E-05,326,1,64.5725,120.1906,0,1.11018,,,QUALIFIED,,,,,,TRUE,TRUE,BOTH,normal_low,0.249598231,0.069808168,0.159703,BOTH,0,0,0,0,0.047911,0,LOW_CONVERGENCE,0,1003,1080
24699,154,0.09625,0.6016,1,3273.642857,2683.818182,21619.95455,-36365.57143,42.3076,3266,2676,3282,2692,7.8894,3.0256,15.7795,6.4784,1.352,-655.8974,1,0,0.1873,0.3361,154,0.224158,0.219432,0.055301,1,1,0.042838,0.042188,0.003088,1,1,-0.000267,-1.20E-05,-0.000387,0.000523,0.00059,-0.000527,-0.005847,-0.003132,154,1,130.151,122.7969,0,7.816009,,,QUALIFIED,,,,,,TRUE,TRUE,BOTH,normal_low,0.257491568,0.061376835,0.159434,BOTH,0,0,0,0,0.04783,0,LOW_CONVERGENCE,0,1004,1081
7168,728,0.455,0.3551,1.22,1201.085165,2700.392857,22034.32143,15448.37088,26.9104,1182,2684,1232,2725,3.8925,1.924,16.497,3.0034,1.0426,-2075.5863,1,0,0.9348,0.2282,728,0.24601,0.240637,0.054505,1,1,0.02264,0.022478,0.003449,0.520604,0.520604,-0.004594,-0.003951,-0.001804,-0.003745,-0.004618,-0.008179,-0.009909,-0.011219,728,1,33.5851,91.8903,0,6.768909,,,QUALIFIED,,,,,,TRUE,TRUE,BOTH,normal_low,0.287922972,0.030295243,0.159109,BOTH,0,0,0,0,0.047733,0,LOW_CONVERGENCE,0,1006,1082
15242,643,0.401875,0.6482,1.03,2112.881804,3427.982893,40224.07232,-7346.545101,40.89,2098,3414,2130,3445,5.8845,3.3933,17.0785,4.8681,2.1309,-806.9105,1,0,0.209,0.3597,643,0.178669,0.168427,0.034006,1,1,0.083306,0.077959,0.020478,1,1,-0.000973,-0.000452,-0.001883,-0.00059,-0.00072,0.001496,-0.00334,-0.003418,643,1,71.5812,82.9217,0,19.298397,,,QUALIFIED,,,,,,TRUE,TRUE,BOTH,normal_low,0.194142943,0.123650818,0.158897,BOTH,0,0,0,0,0.047669,0,LOW_CONVERGENCE,0,1008,1083
13146,498,0.31125,0.4079,1.12,1833.263052,3473.056225,41350.90562,-356.0763052,41.3529,1820,3455,1853,3492,7.1031,3.0253,16.5149,5.937,2.0519,-895.4576,1,0,0.0801,0.2479,498,0.227547,0.217175,0.060366,1,1,0.038563,0.035101,0.011634,1,1,-0.007347,-0.000503,-0.000486,0.00057,-0.007045,-0.005459,-0.009975,-0.010253,498,1,63.3495,86.7715,0,12.51112,,,QUALIFIED,,,,,,TRUE,TRUE,BOTH,normal_low,0.262211137,0.054798273,0.158505,BOTH,0,0,0,0,0.047552,0,LOW_CONVERGENCE,0,1009,1084
16170,376,0.235,0.5893,1.32,2240.390957,3309.632979,37265.32447,-10534.27394,38.7263,2226,3299,2255,3321,9.283,4.0492,22.8706,7.2931,2.2788,-580.7337,1,0,0.0305,0.1475,376,0.22113,0.219635,0.023769,1,1,0.044279,0.04365,0.008412,1,1,0.000491,-0.000328,0.000545,-0.001302,-0.000916,0.001013,-0.00509,-0.003135,376,1,71.5812,82.9217,0,18.604099,,,QUALIFIED,,,,,,TRUE,TRUE,BOTH,normal_low,0.253274732,0.063594311,0.158435,BOTH,0,0,0,0,0.04753,0,LOW_CONVERGENCE,0,1010,1085
15882,694,0.43375,0.4715,1.44,2205.821326,3420.642651,40040.56628,-9670.033141,41.1923,2181,3406,2227,3438,6.8409,3.8162,22.6875,5.6646,2.2648,-832.6903,1,0,0.0767,0.2351,694,0.210599,0.207152,0.026495,1,1,0.053701,0.051337,0.014023,1,1,-0.00278,0.00169,0.000748,-0.000429,-0.002115,-0.007684,-0.001931,-0.00325,694,1,71.5812,82.9217,0,20.381134,,,QUALIFIED,,,,,,TRUE,TRUE,BOTH,normal_low,0.238609113,0.078093309,0.158351,BOTH,0,0,0,0,0.047505,0,LOW_CONVERGENCE,0,1011,1086
5979,252,0.1575,0.4846,1.3,1055.662698,2375.543651,13913.09127,19083.93254,23.6171,1044,2366,1070,2386,3.6305,1.9288,9.4962,3.5632,1.4102,-1930.4171,1,0,1,0,252,0.205486,0.198736,0.032063,1,1,0.041545,0.042186,0.005686,1,1,0.010887,0.005013,-0.000576,-0.000832,0.000689,-0.001,-0.005187,-0.001391,252,1,53.7768,91.9349,0,7.307701,,,QUALIFIED,,0.539543,,,,TRUE,TRUE,BOTH,normal_low,0.231488677,0.059387109,0.145438,BOTH,0,0,0.03783,0,0.047414,0,LOW_CONVERGENCE,1,1012,1087
25076,378,0.23625,0.5214,1.16,3327.28836,2626.84127,20195.53175,-37706.70899,42.7751,3315,2612,3340,2641,7.4012,3.04,19.4661,6.9118,2.5807,-1043.5105,1,0,0.9984,0.0194,378,0.208378,0.204189,0.027623,0.198413,0.198413,0.05523,0.055526,0.011068,1,1,-0.001538,0.003655,-0.000927,0.001143,-0.000193,-0.003455,-0.004742,-0.007803,378,1,130.151,122.7969,0,6.379508,,,QUALIFIED,,,,,,TRUE,TRUE,BOTH,normal_low,0.235516117,0.080446204,0.157981,BOTH,0,0,0,0,0.047394,0,LOW_CONVERGENCE,0,1013,1088
20457,414,0.25875,0.5,1.57,2739.833333,1827.111111,202.2777778,-23020.33333,23.0217,2723,1818,2759,1841,9.0706,2.5988,18.095,7.9227,1.5685,91.2889,1,0,0.8119,0.3491,414,0.161313,0.160299,0.029616,1,1,0.097617,0.094937,0.018307,1,1,0.000273,0.000767,-0.001424,0.000603,-0.000505,0.001713,-0.006392,-0.004269,236,0.57,147.9055,80.9548,0.415459,0,0.001272,0.00087,QUALIFIED,,,,,,TRUE,TRUE,BOTH,normal_low,0.169972733,0.145673229,0.157823,BOTH,0,0,0,0,0.047347,0,LOW_CONVERGENCE,0,1014,1089
10274,409,0.255625,0.4734,1.19,1491.682152,3576.051345,43925.78362,8183.44621,44.682,1476,3561,1508,3588,6.7045,3.007,17.0475,5.4769,1.9886,-1168.2735,1,0,0.5174,0.4562,409,0.152385,0.152002,0.027375,1,1,,,,0,0,0.000495,0.000829,-0.000759,-0.002624,1.10E-05,-0.003569,-0.003673,-0.003783,409,1,31.5436,77.8519,0,5.911112,,,QUALIFIED,,,,,,TRUE,FALSE,CPR_ONLY,normal_low,0.157539474,,0.157539,CPR_ONLY,0,0,0,0,0.047262,0,LOW_CONVERGENCE,0,1015,1090
14368,253,0.158125,0.5238,1.1,2006.071146,3256.577075,35938.92688,-4676.278656,36.2424,1996,3247,2019,3268,8.6065,3.5796,18.4887,7.553,2.5861,-913.0427,1,0,0.1148,0.3039,253,0.173538,0.172936,0.023832,1,1,0.086004,0.086908,0.011904,1,1,-0.002537,-0.001481,-0.001113,-0.00079,-0.002639,-0.004609,-0.010763,-0.001324,253,1,71.5812,82.9217,0,14.506486,,,QUALIFIED,,,,,,TRUE,TRUE,BOTH,normal_low,0.18699744,0.127802622,0.1574,BOTH,0,0,0,0,0.04722,0,LOW_CONVERGENCE,0,1017,1091
10761,260,0.1625,0.471,1.04,1540.353846,433.8807692,-34628.48077,6966.653846,35.3217,1530,423,1553,447,9.2935,2.9846,20.0511,8.8438,2.8456,57.792,1,0,0,0,260,0.222473,0.223286,0.028491,1,1,0.037529,0.046029,0.020807,1,1,0.045619,0.049701,0.06093,0.065599,0.075555,0.078117,0.077714,0.072332,260,1,162.995,83.983,0,2.477019,,,QUALIFIED,,-0.08948,-0.076629,-0.033909,0.069254,TRUE,TRUE,BOTH,normal_low,0.255145013,0.053207107,0.154176,BOTH,0.00312,0,0,0,0.047189,0,LOW_CONVERGENCE,4,1018,1092
19849,241,0.150625,0.482,1.25,2672.726141,511.2655602,-32693.861,-21342.65353,39.0434,2662,501,2687,521,6.9885,3.193,16.8802,6.3007,1.7928,-4052.5437,1,0,0.0388,0.15,241,0.234223,0.22738,0.053201,1,1,0.030951,0.028879,0.006317,1,1,0.006396,0.013469,0.005869,0.014641,0.008668,0.014649,-0.006369,0.074567,241,1,-42.3675,82.1954,0,1,,,QUALIFIED,,-1.105847,-1.494633,-0.690009,,TRUE,TRUE,BOTH,normal_low,0.271508229,0.043084584,0.157296,BOTH,0,0,0,0,0.047189,0,LOW_CONVERGENCE,3,1018,1093
19608,2262,1.41375,0.3818,1.05,2652.546861,2610.808134,19794.70336,-20838.17153,28.742,2619,2573,2694,2652,10.5259,4.649,27.9125,9.1865,3.6823,1707.7296,1,0.0018,0.0881,0.2522,2262,0.193632,0.191285,0.036935,1,1,0.067256,0.055595,0.027725,1,1,2.40E-05,0.004362,0.000169,0.001083,-0.000119,-0.00337,-0.005047,-0.005449,2262,1,206.9462,82.5201,0,5.276836,,,QUALIFIED,,,,,,TRUE,TRUE,BOTH,normal_low,0.214980629,0.098952354,0.156966,BOTH,0,0,0,0,0.04709,0,LOW_CONVERGENCE,0,1020,1094
23932,496,0.31,0.4351,1.27,3155.171371,1765.764113,-1331.397177,-33403.78427,33.4308,3140,1748,3170,1786,3.67,2.6351,17.7039,2.7533,1.1733,-1821.8717,1,0,0.4422,0.416,496,,,,0,0,0.074044,0.073425,0.013268,1,1,0.001241,0.004031,0.003415,0.003884,0.002565,0.000409,0.001105,0.002073,496,1,73.237,102.5391,0.002016,0,0.003892,0.000929,QUALIFIED,,-2.248187,-0.137335,0.840546,-0.876018,FALSE,TRUE,S1_ONLY,no_data,,0.109398035,0.109398,S1_ONLY,0,0.071345,0,0,0.047088,0,LOW_CONVERGENCE,4,1021,1095
24546,267,0.166875,0.4768,1.4,3254.752809,2818.101124,24977.02809,-35893.32022,43.7292,3245,2806,3265,2834,8.6292,3.5487,28.5196,7.363,1.5925,-896.1658,1,0.0037,1,0,267,0.210518,0.208109,0.029277,1,1,0.051784,0.051594,0.015268,1,1,-0.002702,-0.002105,-0.001573,-3.60E-05,-0.000364,-0.001146,-0.00478,-0.004874,267,1,128.0053,107.0997,0,11.050028,,,QUALIFIED,,,,,,TRUE,TRUE,BOTH,normal_low,0.238496311,0.075143343,0.15682,BOTH,0,0,0,0,0.047046,0,LOW_CONVERGENCE,0,1022,1096
10604,5618,3.51125,0.3962,1.36,1477.767355,3468.551264,41238.28159,8531.316127,42.1119,1435,3406,1537,3545,11.0264,4.8066,27.9271,9.558,4.1962,-1069.5542,1,0.005,0.3418,0.4526,5618,0.151752,0.145233,0.03527,1,1,,,,0,0,-0.001474,-0.00035,-9.20E-05,0.000335,0.000515,-0.002418,-0.005235,-0.004191,5618,1,31.5436,77.8519,0,2.879236,,,QUALIFIED,,,,,,TRUE,FALSE,CPR_ONLY,normal_low,0.156657949,,0.156658,CPR_ONLY,0,0,0,0,0.046997,0,LOW_CONVERGENCE,0,1024,1097
25971,3358,2.09875,0.4962,1.51,3499.390113,1825.766825,168.6706373,-42009.25283,42.0101,3448,1794,3549,1861,11.2513,4.4523,27.1625,9.6074,3.271,-1996.588,1,0.0036,0.9931,0.0732,3358,0.202061,0.191453,0.054582,1,1,0.059149,0.055614,0.017525,1,1,-0.000391,0.000178,0.000906,0.001318,-0.000316,-0.001952,-0.003071,-0.003853,2378,0.7082,64.5725,120.1906,0.045563,0,0.002592,0.000353,QUALIFIED,,,,,,TRUE,TRUE,BOTH,normal_low,0.226718973,0.086476937,0.156598,BOTH,0,0,0,0,0.046979,0,LOW_CONVERGENCE,0,1025,1098
749,672,0.42,0.3594,1.62,269.6904762,2353.928571,13372.71429,38733.2381,40.9764,255,2331,289,2386,6.336,4.5016,22.9052,5.3946,3.7138,116.0439,1,0,0.0363,0.1483,672,0.168741,0.159396,0.044108,1,1,0.088817,0.087405,0.012461,1,1,0.122555,0.156162,0.230928,0.236557,0.273488,0.275604,0.30206,0.308488,672,1,67.2511,77.9602,0,16.364462,,,QUALIFIED,,-0.27422,-0.024376,-0.007737,-0.021281,TRUE,TRUE,BOTH,normal_low,0.18031707,0.132131393,0.156224,BOTH,0,0,0,0,0.046867,0,LOW_CONVERGENCE,4,1026,1099
12264,3661,2.288125,0.4431,1.26,1711.507238,3021.072658,30051.31644,2687.819039,30.1717,1667,2974,1748,3076,10.7662,3.8305,27.3346,9.2488,2.9211,-1683.9,1,0.0008,0.0171,0.1105,3661,0.172654,0.16868,0.063527,0.370117,0.370117,0.044604,0.04232,0.01087,0.448784,0.448784,0.003918,0.002275,0.000615,7.80E-05,0.0023,0.001442,-0.002923,-0.000956,3661,1,66.0189,90.6798,0,5.442541,,,QUALIFIED,,0.419347,,0.373043,,TRUE,TRUE,BOTH,normal_low,0.185766369,0.064094436,0.12493,BOTH,0,0.031664,0.029402,0,0.046752,0,LOW_CONVERGENCE,2,1027,1100
6951,251,0.156875,0.581,1.33,1173.306773,2586.581673,19189.04183,16142.83068,25.0762,1164,2576,1182,2600,3.8054,1.6831,10.5398,3.1337,0.9537,-2029.745,1,0,0.96,0.1687,251,0.217251,0.217665,0.02892,1,1,0.044184,0.043286,0.0094,0.498008,0.498008,0.00034,-0.000736,-0.000717,0.002123,-0.000944,-0.002872,-0.005663,-0.011073,251,1,33.734,87.2227,0,6.341579,,,QUALIFIED,,,,,,TRUE,TRUE,BOTH,normal_low,0.247872782,0.063448121,0.15566,BOTH,0,0,0,0,0.046698,0,LOW_CONVERGENCE,0,1028,1101
13099,1619,1.011875,0.4166,1.16,1822.728845,3454.76467,40893.61674,-92.72112415,40.8942,1788,3427,1855,3485,8.8522,3.256,22.7982,7.7413,2.4519,-849.8143,1,0,0.0022,0.0354,1619,0.211835,0.210633,0.050747,1,1,0.048996,0.03928,0.024984,1,1,-0.02117,-0.001284,-0.003008,-0.00105,-0.00456,-0.006321,-0.012288,-0.007081,1619,1,63.3495,86.7715,0,11.742577,,,QUALIFIED,,,,,,TRUE,TRUE,BOTH,normal_low,0.240330384,0.070853043,0.155592,BOTH,0,0,0,0,0.046678,0,LOW_CONVERGENCE,0,1029,1102
19299,386,0.24125,0.3477,1.23,2626.743523,551.4559585,-31689.10104,-20193.08808,37.5759,2612,535,2642,572,5.8283,3.7322,21.2486,5.6198,3.2917,-3910.3118,1,0,0.0825,0.2243,386,0.206041,0.20083,0.031363,1,1,0.050299,0.049934,0.003146,1,1,0.015601,0.014408,0.006874,0.008045,0.010001,0.009793,0.007048,0.008628,386,1,-42.3675,82.1954,0,2.196588,,,QUALIFIED,,0.076469,-0.170352,0.020798,-0.224177,TRUE,TRUE,BOTH,normal_low,0.232261577,0.072858158,0.15256,BOTH,0,0.001765,0.005362,0,0.046657,0,LOW_CONVERGENCE,4,1030,1103
24716,1083,0.676875,0.4775,1.29,3268.509695,2776.638966,23940.47415,-36237.24238,43.4321,3244,2752,3286,2806,7.2587,2.7669,22.2227,6.051,1.8199,-897.9549,1,0,1,0,1083,0.212945,0.210569,0.024046,1,1,0.047577,0.046602,0.011085,1,1,-0.000581,-0.000361,-0.000675,0.000635,-0.00045,-0.00223,-0.006484,-0.00663,1083,1,130.151,122.7969,0,9.720114,,,QUALIFIED,,,,,,TRUE,TRUE,BOTH,normal_low,0.241876185,0.068669422,0.155273,BOTH,0,0,0,0,0.046582,0,LOW_CONVERGENCE,0,1031,1104
24547,351,0.219375,0.5735,2.12,3248.347578,889.1994302,-23245.51425,-35733.18946,42.6289,3239,870,3256,906,7.3069,3.3228,14.488,6.3765,2.6601,-5668.9969,1,0,1,0,351,0.18355,0.184725,0.022,1,1,0.06924,0.068011,0.007724,1,1,-0.000885,-0.011348,0.002719,0.002534,0.000219,-0.002714,-0.004201,0.010121,351,1,-93.9919,109.8179,0.424501,0,2.40E-05,1.40E-05,QUALIFIED,,,0.06804,,,TRUE,TRUE,BOTH,normal_low,0.200940293,0.102005423,0.151473,BOTH,0,0,0,0.009558,0.046398,0,LOW_CONVERGENCE,1,1032,1105
13332,344,0.215,0.5119,1.52,1858.718023,3472.793605,41344.34012,-992.4505814,41.3568,1849,3459,1870,3491,7.118,4.2768,18.8124,5.8625,3.1127,-893.5964,1,0,0.0843,0.2486,344,0.213209,0.213126,0.033583,1,1,0.046013,0.042428,0.011286,1,1,-0.00157,0.000904,-0.001175,0.001331,-5.70E-05,-0.007478,-0.007873,-0.012776,344,1,63.3495,86.7715,0,13.219611,,,QUALIFIED,,,,,,TRUE,TRUE,BOTH,normal_low,0.242243836,0.066262669,0.154253,BOTH,0,0,0,0,0.046276,0,LOW_CONVERGENCE,0,1033,1106
6128,809,0.505625,0.5803,1.21,1074.579728,2560.475896,18536.3974,18611.0068,26.2672,1060,2538,1094,2579,7.964,3.6631,25.3008,6.7153,2.3331,-1888.6833,1,0.0012,1,0,809,0.225805,0.217323,0.060092,0.778739,0.778739,0.029657,0.029336,0.004432,1,1,0.002281,0.001921,0.000938,0.002315,0.000895,0.000187,-0.001756,-0.004755,809,1,33.734,87.2227,0,8.164711,,,QUALIFIED,,0.157826,,,,TRUE,TRUE,BOTH,normal_low,0.259785203,0.041093319,0.150439,BOTH,0,0,0.011066,0,0.046238,0,LOW_CONVERGENCE,1,1034,1107
9999,412,0.2575,0.5605,1.67,1465.334951,2653.395631,20859.39078,8842.126214,22.6563,1455,2636,1476,2671,6.9841,4.0222,19.8009,6.1601,3.1748,-1767.2698,1,0,0.0344,0.1488,412,0.238723,0.239126,0.035409,1,1,0.021838,0.02135,0.002736,0.143204,0.143204,-0.001692,0.002795,-0.000266,0.001655,-0.000151,-0.008414,-0.0012,-0.003026,412,1,33.5851,91.8903,0,1.046721,,,QUALIFIED,,,,,,TRUE,TRUE,BOTH,normal_low,0.277774993,0.029061089,0.153418,BOTH,0,0,0,0,0.046025,0,LOW_CONVERGENCE,0,1036,1108
16135,508,0.3175,0.5427,1.38,2220.352362,3399.927165,39522.67913,-10033.30906,40.7769,2201,3388,2237,3414,7.812,3.0434,17.4313,6.546,1.8595,-799.2986,1,0,0.0202,0.1102,508,0.198815,0.197325,0.022828,1,1,0.057389,0.046356,0.032408,1,1,-0.000248,0.000844,-0.000542,-0.000847,-0.001904,-0.00577,0.000251,-0.003793,508,1,71.5812,82.9217,0,20.260429,,,QUALIFIED,,,,,,TRUE,TRUE,BOTH,normal_low,0.222198548,0.08376857,0.152984,BOTH,0,0,0,0,0.045895,0,LOW_CONVERGENCE,0,1038,1109
24294,864,0.54,0.4706,1.42,3233.707176,848.1469907,-24271.82523,-35367.1794,42.8949,3211,831,3262,867,6.899,3.9913,29.9832,5.2266,1.9399,-5711.11,1,0.0104,1,0,864,0.162444,0.157994,0.027304,1,1,0.076557,0.074038,0.012324,1,1,-0.000518,-0.007914,0.002283,0.00177,-0.000359,-0.003749,-0.005076,-0.002299,864,1,-93.9919,109.8179,0.097222,0,2.10E-05,1.40E-05,QUALIFIED,,,0.224704,,,TRUE,TRUE,BOTH,normal_low,0.171547779,0.113265152,0.142406,BOTH,0,0,0,0.031566,0.045878,0,LOW_CONVERGENCE,1,1039,1110
16614,353,0.220625,0.394,1.14,2304.759207,3369.252125,38755.80312,-12143.48017,40.6144,2290,3356,2318,3388,9.8257,4.9955,29.8144,8.096,3.0781,-676.4743,1,0.0113,0.0442,0.1818,353,0.242451,0.232653,0.045174,1,1,0.017437,0.016869,0.004282,1,1,-0.000131,4.30E-05,-0.000351,-0.001048,-0.00113,-0.000844,-0.005608,0.001341,353,1,71.5812,82.9217,0,20.649607,,,QUALIFIED,,,,,,TRUE,TRUE,BOTH,normal_low,0.282966658,0.022288632,0.152628,BOTH,0,0,0,0,0.045788,0,LOW_CONVERGENCE,0,1040,1111
6870,320,0.2,0.4156,1.59,1169.490625,2725.296875,22656.92188,16238.23438,27.8751,1154,2716,1189,2738,4.4016,1.9329,10.7787,3.4604,0.7681,-2076.4396,1,0,1,0,320,0.237747,0.232281,0.04306,1,1,0.02131,0.020773,0.003441,1,1,-0.003049,-0.00146,-0.002005,1.60E-05,-0.002943,0.000398,-0.006565,-0.007949,320,1,33.734,87.2227,0,7.973864,,,QUALIFIED,,,,,,TRUE,TRUE,BOTH,normal_low,0.276415801,0.028248579,0.152332,BOTH,0,0,0,0,0.0457,0,LOW_CONVERGENCE,0,1041,1112
26118,839,0.524375,0.3654,1.37,3590.929678,1635.793802,-4580.654946,-44297.74195,44.5344,3564,1617,3620,1658,8.2981,4.1943,23.5007,6.8815,2.813,-2074.7086,1,0,1,0,839,0.21131,0.20115,0.07215,1,1,0.04488,0.043224,0.008461,1,1,-0.000368,9.70E-05,0.000367,0.000837,0.000153,0.000546,0.000386,0.00092,839,1,64.5725,120.1906,0,0.125,,,QUALIFIED,,,,,,TRUE,TRUE,BOTH,normal_low,0.239599261,0.064519157,0.152059,BOTH,0,0,0,0,0.045618,0,LOW_CONVERGENCE,0,1043,1113
14810,238,0.14875,0.5862,2.07,2062.344538,3272.831933,36345.29832,-6083.113445,36.8514,2047,3266,2076,3280,9.337,3.4478,21.4168,8.0223,1.6884,-752.5034,1,0,0.0062,0.0467,238,0.201136,0.19948,0.034947,1,1,0.053371,0.052076,0.008909,1,1,-0.001871,-0.000784,-0.001372,-0.00044,-0.008553,-0.003109,-0.016559,-0.021823,238,1,71.5812,82.9217,0,15.555968,,,QUALIFIED,,,,,,TRUE,TRUE,BOTH,normal_low,0.225430805,0.077585491,0.151508,BOTH,0,0,0,0,0.045452,0,LOW_CONVERGENCE,0,1045,1114
24845,281,0.175625,0.5688,1.37,3300.775801,1821.75089,68.27224199,-37043.89502,37.0445,3287,1814,3313,1833,7.1602,3.6542,24.0487,6.1625,2.5412,-1825.9872,1,0,0.9774,0.1333,281,0.188384,0.177301,0.048051,1,1,0.063675,0.061138,0.012156,1,1,-0.000276,0.001408,1.20E-05,0.000139,0.000443,0.00377,-0.001337,-0.001206,137,0.4875,64.5725,120.1906,0.309609,0,0.002039,0.000171,QUALIFIED,,,,,,TRUE,TRUE,BOTH,normal_low,0.20767219,0.09344175,0.150557,BOTH,0,0,0,0,0.045167,0,LOW_CONVERGENCE,0,1047,1115
16350,485,0.303125,0.5879,1.32,2275.628866,3395.804124,39419.60309,-11415.22165,41.0398,2263,3380,2288,3413,8.7115,4.4292,27.029,7.1396,2.6797,-794.896,1,0.0021,0.0234,0.1215,485,0.222607,0.215248,0.047664,1,1,0.032696,0.031843,0.005937,1,1,-0.000281,-0.000196,-0.003181,0.001615,-0.005028,-0.003446,-0.013827,0.010451,485,1,71.5812,82.9217,0,20.884983,,,QUALIFIED,,,,,,TRUE,TRUE,BOTH,normal_low,0.255331623,0.045769869,0.150551,BOTH,0,0,0,0,0.045165,0,LOW_CONVERGENCE,0,1048,1116
6786,461,0.288125,0.588,1,1157.006508,2709.245119,22255.62798,16550.33731,27.735,1143,2695,1171,2723,6.8792,2.9192,14.2296,5.6169,1.9733,-2061.3884,1,0,1,0,461,0.235642,0.22967,0.047388,1,1,0.020783,0.01986,0.003644,1,1,-0.001839,0.00136,-0.001528,0.000483,-8.40E-05,0.000887,-0.004942,-0.003632,461,1,33.734,87.2227,0,8.120499,,,QUALIFIED,,,,,,TRUE,TRUE,BOTH,normal_low,0.273484348,0.027437608,0.150461,BOTH,0,0,0,0,0.045138,0,LOW_CONVERGENCE,0,1049,1117
2006,636,0.3975,0.5699,1.16,523.7468553,1983.083333,4101.583333,32381.82862,32.6401,509,1967,540,2003,7.6326,4.0056,20.2407,6.8106,3.2705,-1264.6079,1,0,1,0,636,0.165831,0.150188,0.060614,0.339623,0.339623,0.083932,0.081048,0.014175,1,1,0.000686,0.001847,-0.000256,0.005681,8.10E-05,-0.002218,-0.004117,-0.009058,636,1,49.6089,82.7432,0,20.415588,,,QUALIFIED,,,,,,TRUE,TRUE,BOTH,normal_low,0.176264563,0.124614135,0.150439,BOTH,0,0,0,0,0.045132,0,LOW_CONVERGENCE,0,1050,1118
24560,343,0.214375,0.6018,1.58,3255.685131,2794.390671,24384.26676,-35916.62828,43.4126,3247,2779,3266,2809,7.7359,3.9181,18.0149,6.2984,2.6128,-935.353,1,0,1,0,343,0.216152,0.215894,0.026925,1,1,0.037938,0.036292,0.007326,1,1,-0.001395,-0.002131,-0.001204,-0.000111,-0.000211,-0.000926,-0.003887,-0.003837,343,1,130.151,122.7969,0,10.375271,,,QUALIFIED,,,,,,TRUE,TRUE,BOTH,normal_low,0.246342299,0.053836495,0.150089,BOTH,0,0,0,0,0.045027,0,LOW_CONVERGENCE,0,1051,1119
25497,633,0.395625,0.5627,1.8,3395.2891,1769.810427,-1230.239336,-39406.72749,39.4264,3374,1757,3419,1782,7.4637,4.498,21.5499,6.2647,3.7987,-1779.536,1,0,0.9881,0.0808,633,0.189139,0.184118,0.047118,1,1,0.062181,0.059231,0.012497,1,1,-0.000139,0.005025,0.002508,0.003566,0.002195,0.00254,-0.00275,-0.002629,633,1,64.5725,120.1906,0.382306,0,0.001534,0.000166,QUALIFIED,,,-0.42185,-0.157175,,TRUE,TRUE,BOTH,normal_low,0.208723613,0.091142716,0.149933,BOTH,0,0,0,0,0.04498,0,LOW_CONVERGENCE,2,1053,1120
25941,302,0.18875,0.6113,1.37,3507.81457,1614.68543,-5108.364238,-42219.86424,42.5282,3500,1603,3519,1629,9.3175,3.7351,25.5458,7.9336,2.0425,-2053.7817,1,0.0033,1,0,302,0.221588,0.207531,0.045921,1,1,0.032718,0.032794,0.004515,1,1,-0.001146,-0.00024,0.000913,0.000312,-0.000565,-0.003828,-0.003095,-0.005964,302,1,64.5725,120.1906,0,1.401116,,,QUALIFIED,,,,,,TRUE,TRUE,BOTH,normal_low,0.253912549,0.045803723,0.149858,BOTH,0,0,0,0,0.044957,0,LOW_CONVERGENCE,0,1054,1121
19701,195,0.121875,0.5735,1.18,2670.128205,572.3589744,-31166.52564,-21277.70513,37.737,2662,564,2679,584,9.6775,2.6281,17.2398,9.6647,2.2835,-4161.4115,1,0,0.008,0.0596,195,0.201016,0.19232,0.031761,1,1,0.050828,0.044151,0.016555,1,1,0.008226,0.015128,0.000808,0.00922,0.005813,0.014765,-0.005295,-0.023554,195,1,-42.3675,82.1954,0,1.668832,,,QUALIFIED,,-0.839047,,-1.539997,,TRUE,TRUE,BOTH,normal_low,0.225263691,0.073672208,0.149468,BOTH,0,0,0,0,0.04484,0,LOW_CONVERGENCE,2,1055,1122
3132,162,0.10125,0.5786,1.43,687.0679012,1800.771605,-456.2098765,28298.80247,28.302,677,1795,697,1809,7.059,4.0211,19.2891,6.1408,3.0166,-495.3477,1,0,0.1356,0.276,162,,,,0,0,0.093071,0.079657,0.036918,1,1,0.013846,0.008567,0.010204,0.009839,0.008276,0.034758,0.008293,0.013605,162,1,49.6089,82.7432,0,17.928835,,,QUALIFIED,,0.381265,0.03577,-3.199855,-0.64054,FALSE,TRUE,S1_ONLY,no_data,,0.13867764,0.138678,S1_ONLY,0,0,0.026732,0.005025,0.044779,0,LOW_CONVERGENCE,4,1056,1123
9878,234,0.14625,0.5355,1.21,1462.034188,3222.337607,35082.94017,8924.645299,36.2007,1452,3215,1475,3234,6.2247,2.0307,12.72,5.0328,0.9309,-1343.9313,1,0,0.4056,0.4554,234,0.146312,0.143174,0.019818,1,1,,,,0,0,-0.013251,-0.000777,0.000956,0.000397,-0.002592,-0.008904,-0.023284,-0.023826,234,1,31.5436,77.8519,0,3.747666,,,QUALIFIED,,,,,,TRUE,FALSE,CPR_ONLY,normal_low,0.149082128,,0.149082,CPR_ONLY,0,0,0,0,0.044725,0,LOW_CONVERGENCE,0,1057,1124
15233,1228,0.7675,0.4283,1.3,2118.692997,3463.943811,41123.09528,-7491.824919,41.8005,2092,3441,2153,3488,7.8517,4.3865,28.0221,6.8231,4.1736,-821.7553,1,0.0033,0.2253,0.3748,1228,0.18942,0.185234,0.038754,1,1,0.060324,0.056688,0.016939,1,1,-0.000287,-0.000721,-0.001578,0.000839,0.000821,-0.000177,-0.001105,-0.001417,1228,1,71.5812,82.9217,0,19.209519,,,QUALIFIED,,,,,,TRUE,TRUE,BOTH,normal_low,0.209114938,0.08828508,0.1487,BOTH,0,0,0,0,0.04461,0,LOW_CONVERGENCE,0,1058,1125
16444,131,0.081875,0.5198,1.75,2281.48855,3242.076336,35576.4084,-11561.71374,37.4086,2275,3233,2287,3254,6.2378,3.3408,19.9256,5.8484,2.4502,-212.1197,1,0,0.0113,0.0718,131,0.225348,0.225862,0.027136,1,1,0.02601,0.025092,0.004009,1,1,0.000261,-6.00E-06,-0.006349,0.0025,-0.00778,-0.011966,-0.019557,-0.015524,131,1,71.5812,82.9217,0,17.766893,,,QUALIFIED,,,,,,TRUE,TRUE,BOTH,normal_low,0.259148779,0.035481151,0.147315,BOTH,0,0,0,0,0.044194,0,LOW_CONVERGENCE,0,1063,1126
14783,464,0.29,0.4706,1.17,2062.849138,3236.982759,35449.06897,-6095.728448,35.9699,2045,3220,2079,3249,10.6881,3.3001,19.8964,9.049,1.8233,-642.3994,1,0,0.0228,0.1314,464,0.205097,0.205165,0.040946,1,1,0.043941,0.042697,0.006207,1,1,-0.000566,-0.003726,-0.002912,0.001042,-2.00E-06,-0.001265,-0.007981,-0.006859,464,1,71.5812,82.9217,0,14.766029,,,QUALIFIED,,,,,,TRUE,TRUE,BOTH,normal_low,0.23094695,0.063074182,0.147011,BOTH,0,0,0,0,0.044103,0,LOW_CONVERGENCE,0,1067,1127
7022,1061,0.663125,0.4611,1.51,1166.62017,2643.841659,20620.54147,16309.99576,26.2912,1134,2628,1193,2667,6.9827,2.465,23.0389,5.9369,1.6123,-2030.9287,1,0,1,0,1061,0.221401,0.212547,0.06119,1,1,0.029179,0.028878,0.006687,0.952875,0.952875,-0.000613,6.30E-05,-0.002121,-0.000424,-0.000417,-0.000479,-0.005688,-0.004568,1061,1,33.734,87.2227,0,6.668021,,,QUALIFIED,,,,,,TRUE,TRUE,BOTH,normal_low,0.253652131,0.040357751,0.147005,BOTH,0,0,0,0,0.044101,0,LOW_CONVERGENCE,0,1068,1128
6988,263,0.164375,0.5335,1.71,1175.258555,2745.129278,23152.73194,16094.03612,28.1971,1166,2731,1183,2760,3.538,2.7977,14.7645,3.1583,2.0921,-2076.8099,1,0,1,0,263,0.230425,0.224698,0.03918,1,1,0.02093,0.020296,0.002742,0.365019,0.365019,-0.005723,-0.004258,-0.006804,-0.003224,-0.00608,-0.005734,-0.010861,-0.011748,263,1,33.734,87.2227,0,8.303049,,,QUALIFIED,,,,,,TRUE,TRUE,BOTH,normal_low,0.26621908,0.027663818,0.146941,BOTH,0,0,0,0,0.044082,0,LOW_CONVERGENCE,0,1069,1129
18507,414,0.25875,0.46,1.44,2546.007246,2521.724638,17567.61594,-18174.68116,25.278,2528,2510,2564,2535,7.4792,4.554,22.0706,5.8518,2.5899,1749.4706,1,0,0.3307,0.4008,414,0.192519,0.18977,0.036187,1,1,0.053573,0.051991,0.006909,1,1,-0.001565,0.001159,-0.000923,7.70E-05,0.002758,0.005174,-0.007705,-5.00E-05,414,1,206.9462,82.5201,0,3.197069,,,QUALIFIED,,,,-0.875997,,TRUE,TRUE,BOTH,normal_low,0.213430649,0.077896337,0.145663,BOTH,0,0,0,0,0.043699,0,LOW_CONVERGENCE,1,1072,1130
10570,211,0.131875,0.5582,1.17,1522.137441,3459.341232,41008.03081,7422.063981,41.6747,1515,3448,1533,3469,2.4521,1.4011,6.9095,2.1842,0.9009,-1199.458,1,0,0.6216,0.4189,211,0.14382,0.144242,0.018621,1,1,,,,0,0,0.001325,0.003104,0.000202,0.00091,-0.000862,-0.007344,-0.007587,-0.013537,211,1,31.5436,77.8519,0,5.006558,,,QUALIFIED,,-1.342642,,,,TRUE,FALSE,CPR_ONLY,normal_low,0.145611734,,0.145612,CPR_ONLY,0,0,0,0,0.043684,0,LOW_CONVERGENCE,1,1073,1131
1252,1645,1.028125,0.4599,1.49,367.2668693,2268.800608,11244.5152,36293.82827,37.9955,345,2234,394,2307,11.3303,4.707,27.5789,9.6169,3.6739,-60.9915,1,0.0134,0.0405,0.1741,1645,,,,0,0,0.089947,0.081071,0.028332,1,1,0.025094,0.023576,0.032729,0.034727,0.044634,0.040761,0.039913,0.036808,1645,1,67.2511,77.9602,0,17.768652,,,QUALIFIED,,0.060493,-0.061047,0.086772,0.077794,FALSE,TRUE,S1_ONLY,no_data,,0.133870288,0.13387,S1_ONLY,0.003504,0.007365,0.004241,0,0.043109,0,LOW_CONVERGENCE,4,1076,1132
14848,353,0.220625,0.5176,1.41,2069.898017,3445.844193,40670.60482,-6271.950425,41.1519,2060,3433,2082,3464,6.5007,4.007,19.2677,5.6875,3.2281,-816.3207,1,0,0.0124,0.0865,353,0.163984,0.16397,0.024446,1,1,0.076488,0.069255,0.024948,1,1,-0.000563,0.000275,-0.001312,7.50E-05,0.000465,0.00219,-0.00381,-0.00188,353,1,71.5812,82.9217,0,18.403685,,,QUALIFIED,,,,,,TRUE,TRUE,BOTH,normal_low,0.173692405,0.113158972,0.143426,BOTH,0,0,0,0,0.043028,0,LOW_CONVERGENCE,0,1077,1133
21553,273,0.170625,0.5056,1.35,2873.054945,1822.919414,97.48534799,-26350.87363,26.3516,2861,1813,2888,1833,6.2241,2.6276,15.5643,5.7336,1.9554,-114.6841,1,0,0.0248,0.1101,273,0.174414,0.174789,0.026912,1,1,0.066777,0.066078,0.005217,1,1,-0.000186,-0.000675,-0.000224,0.000773,0.000394,-0.002334,-0.002428,-4.50E-05,81,0.2967,73.237,102.5391,0,2.561494,,,QUALIFIED,,,,,,TRUE,TRUE,BOTH,normal_low,0.18821737,0.098215247,0.143216,BOTH,0,0,0,0,0.042965,0,LOW_CONVERGENCE,0,1078,1134
7076,492,0.3075,0.5734,1.27,1187.737805,2738.739837,22992.99593,15782.05488,27.8883,1175,2724,1201,2757,5.868,3.0788,16.5424,4.9621,2.2748,-2085.4316,1,0,0.9976,0.0383,492,0.225878,0.2241,0.042032,1,1,0.018381,0.018924,0.002683,0.457317,0.457317,-0.009271,-0.005955,-0.005747,-0.00513,-0.005888,-0.007487,-0.014555,-0.012355,492,1,33.734,87.2227,0,7.860741,,,QUALIFIED,,,,,,TRUE,TRUE,BOTH,normal_low,0.259886864,0.023741302,0.141814,BOTH,0,0,0,0,0.042544,0,LOW_CONVERGENCE,0,1082,1135
15015,1001,0.625625,0.3944,1.15,2097.5005,3249.216783,35754.91958,-6962.012488,36.427,2075,3224,2122,3278,6.9807,2.8793,19.3633,6.1734,2.1725,-591.7701,1,0,0.0101,0.0793,1001,0.200401,0.19556,0.038738,1,1,0.041401,0.039856,0.008447,1,1,-0.003125,0.003226,-0.001044,-0.000342,-0.000452,0.002342,-0.002378,0.000891,1001,1,71.5812,82.9217,0,14.944439,,,QUALIFIED,,,,,,TRUE,TRUE,BOTH,normal_low,0.224407234,0.059165515,0.141786,BOTH,0,0,0,0,0.042536,0,LOW_CONVERGENCE,0,1083,1136
16370,622,0.38875,0.3362,1.35,2262.998392,3504.207395,42129.68489,-11099.45981,43.5679,2247,3483,2284,3533,5.3686,2.7216,16.5078,4.4329,1.5192,-912.0308,1,0,0.2584,0.4007,622,0.196041,0.189337,0.045312,1,1,0.043181,0.040976,0.011106,1,1,-0.000427,0.000996,-0.001021,0.000708,-0.00669,-0.012528,-0.022266,-0.040142,622,1,71.5812,82.9217,0,22.881393,,,QUALIFIED,,,,,,TRUE,TRUE,BOTH,normal_low,0.218335436,0.061904659,0.14012,BOTH,0,0,0,0,0.042036,0,LOW_CONVERGENCE,0,1085,1137
16224,502,0.31375,0.7151,1.04,2244.832669,3389.482072,39261.55179,-10645.31673,40.6798,2233,3377,2259,3404,7.0215,3.169,17.4794,5.6353,2.0516,-768.8563,1,0,0.0267,0.1346,502,0.200077,0.195383,0.029548,1,1,0.037956,0.038813,0.007065,1,1,0.000577,-0.001103,4.00E-06,-8.00E-06,-0.001298,0.003168,-0.008097,-0.001527,502,1,71.5812,82.9217,0,20.294473,,,QUALIFIED,,,,,,TRUE,TRUE,BOTH,normal_low,0.223956027,0.053864194,0.13891,BOTH,0,0,0,0,0.041673,0,LOW_CONVERGENCE,0,1089,1138
12920,204,0.1275,0.6071,1.71,1791.186275,3530.803922,42794.59804,695.8431373,42.8007,1781,3524,1805,3538,5.5705,3.1209,20.2037,5.1887,1.7364,-1123.3653,1,0,0.2257,0.3723,204,0.19798,0.188547,0.054164,1,1,0.039407,0.040809,0.008022,1,1,-0.018932,0.0007,0.001163,0.001536,4.00E-06,-0.004469,-0.015092,0.001244,204,1,63.3495,86.7715,0,11.901287,,,QUALIFIED,,,-0.320722,,,TRUE,TRUE,BOTH,normal_low,0.221035715,0.056097058,0.138566,BOTH,0,0,0,0,0.04157,0,LOW_CONVERGENCE,1,1090,1139
7116,1506,0.94125,0.4648,1.11,1183.570385,2670.552457,21288.31142,15886.24037,26.5626,1150,2642,1210,2696,5.4355,2.4788,14.4052,4.5164,1.6503,-2041.6064,1,0,0.8845,0.2858,1506,0.210416,0.201875,0.044938,1,1,0.027649,0.026019,0.007373,0.623506,0.623506,-0.00502,-0.003142,-0.002966,-0.00271,-0.004664,-0.003221,-0.009467,-0.012493,1506,1,33.734,87.2227,0,6.585685,,,QUALIFIED,,,,,,TRUE,TRUE,BOTH,normal_low,0.238354264,0.038003318,0.138179,BOTH,0,0,0,0,0.041454,0,LOW_CONVERGENCE,0,1091,1140
16385,135,0.084375,0.6888,1,2273.6,3367.703704,38717.09259,-11364.5,40.3511,2267,3361,2281,3375,5.1458,2.4023,13.4149,4.2969,1.1433,-712.3052,1,0,0.0098,0.0764,135,0.202339,0.198991,0.028808,1,1,0.03476,0.033158,0.007953,1,1,0.000353,-0.000243,-0.003321,0.000336,-0.007361,-0.008854,-0.023427,-0.016595,135,1,71.5812,82.9217,0,20.393933,,,QUALIFIED,,,,,,TRUE,TRUE,BOTH,normal_low,0.22710612,0.048946045,0.138026,BOTH,0,0,0,0,0.041408,0,LOW_CONVERGENCE,0,1092,1141
16145,471,0.294375,0.4906,1.07,2249.575372,3492.271762,41831.29406,-10763.88429,43.1946,2233,3480,2265,3510,6.1796,2.6008,15.1799,5.0399,1.5176,-912.3602,1,0,0.0742,0.2447,471,0.20002,0.202131,0.036589,1,1,0.035828,0.035067,0.00814,1,1,-0.002694,0.001821,-0.00286,2.60E-05,-0.0045,-0.006042,-0.019029,-0.025958,471,1,71.5812,82.9217,0,22.472205,,,QUALIFIED,,,,,,TRUE,TRUE,BOTH,normal_low,0.223876648,0.050589532,0.137233,BOTH,0,0,0,0,0.04117,0,LOW_CONVERGENCE,0,1093,1142
2595,182,0.11375,0.5688,1.25,621.5659341,2156.923077,8447.576923,29936.35165,31.1051,614,2147,630,2167,8.7427,4.4704,23.1336,6.8855,2.1924,-2101.6547,1,0,1,0,182,,,,0,0,0.092055,0.08455,0.013467,1,1,0.000955,0.000394,-0.000891,-0.000137,-0.001797,-0.010129,0.000638,-0.007727,182,1,40.2924,84.9679,0,17.891793,,,QUALIFIED,,,,,,FALSE,TRUE,S1_ONLY,no_data,,0.137114173,0.137114,S1_ONLY,0,0,0,0,0.041134,0,LOW_CONVERGENCE,0,1094,1143
24978,441,0.275625,0.5182,1.61,3310.807256,1791.705215,-682.8696145,-37294.68141,37.3014,3298,1775,3321,1812,5.5573,3.2468,20.7728,4.4166,1.809,-1857.2695,1,0,0.9861,0.0864,441,0.163663,0.159512,0.033756,1,1,0.060693,0.057632,0.015287,1,1,-0.000376,0.000946,0.000431,0.001018,0.002344,0.002096,-0.000315,0.000264,441,1,64.5725,120.1906,0.040816,0,0.003335,0.000348,QUALIFIED,,,,0.105802,,TRUE,TRUE,BOTH,normal_low,0.173245376,0.088852914,0.131049,BOTH,0,0.00898,0,0,0.041111,0,LOW_CONVERGENCE,1,1095,1144
5311,164,0.1025,0.5754,1.27,976.3963415,2715.408537,22409.71341,21065.59146,30.7564,970,2708,985,2727,4.4709,2.1851,11.1392,3.5596,1.0574,-1533.6663,1,0,0.2863,0.3653,164,0.198642,0.190902,0.035151,1,1,0.036706,0.034087,0.009949,1,1,0.000948,0.00025,-0.001617,0.000631,-0.000551,-0.000383,-0.004434,-0.014794,164,1,33.734,87.2227,0,9.194734,,,QUALIFIED,,,,,,TRUE,TRUE,BOTH,normal_low,0.221957626,0.051940638,0.136949,BOTH,0,0,0,0,0.041085,0,LOW_CONVERGENCE,0,1096,1145
5271,671,0.419375,0.5181,1.06,965.2697466,2703.266766,22106.16915,21343.75633,30.7285,948,2686,983,2723,5.1836,3.3748,18.3711,3.9189,2.0258,-1551.0961,1,0,0.2241,0.3452,671,0.201042,0.195357,0.037925,1,1,0.026732,0.025919,0.005466,1,1,0.003445,0.002564,-0.000663,-0.000651,0.002905,0.004995,-0.004096,-0.003632,671,1,33.734,87.2227,0,9.231062,,,QUALIFIED,,0.255733,,-0.719449,,TRUE,TRUE,BOTH,normal_low,0.225299899,0.036592197,0.130946,BOTH,0,0,0.017931,0,0.041077,0,LOW_CONVERGENCE,2,1097,1146
13934,1194,0.74625,0.5593,1.74,1934.488275,3475.107203,41402.18007,-2886.706868,41.5032,1918,3442,1953,3503,10.7777,4.1793,23.0542,9.103,3.1541,-767.3983,1,0,0.2775,0.4237,1194,0.160144,0.158826,0.030049,1,1,0.071383,0.0715,0.022081,1,1,0.000724,0.003124,0.000307,-0.001347,-0.002761,-0.007954,-0.000409,-0.017963,1194,1,63.3495,86.7715,0,14.866847,,,QUALIFIED,,,,,,TRUE,TRUE,BOTH,normal_low,0.168344767,0.105303168,0.136824,BOTH,0,0,0,0,0.041047,0,LOW_CONVERGENCE,0,1098,1147
4359,165,0.103125,0.55,1.33,861.1878788,2871.115152,26302.37879,23945.80303,35.5699,851,2865,871,2880,9.9957,4.7905,21.9615,9.9648,4.0052,-3312.617,1,0,0.0211,0.1194,165,0.202196,0.17939,0.070999,1,1,0.030395,0.030515,0.005426,1,1,0.028192,0.032129,0.02751,0.030081,0.034427,0.039018,0.035218,0.034315,165,1,-50.1159,79.0402,0,4.957381,,,QUALIFIED,,-0.13965,-0.093457,-0.133355,0.02564,TRUE,TRUE,BOTH,normal_low,0.226906976,0.042228986,0.134568,BOTH,0.001155,0,0,0,0.040717,0,LOW_CONVERGENCE,4,1100,1148
16026,1819,1.136875,0.4763,1.18,2215.051677,3479.789995,41519.24986,-9900.791919,42.684,2186,3444,2243,3511,5.2206,2.6543,15.4966,4.2639,1.7322,-884.5809,1,0,0.146,0.3059,1819,0.17899,0.176197,0.032129,1,1,0.052707,0.047964,0.01985,1,1,-0.000378,0.00167,-0.001898,-0.000908,-0.002859,-0.006146,-0.004348,-0.008397,1819,1,71.5812,82.9217,0,21.250559,,,QUALIFIED,,,,,,TRUE,TRUE,BOTH,normal_low,0.194589973,0.076563697,0.135577,BOTH,0,0,0,0,0.040673,0,LOW_CONVERGENCE,0,1101,1149
7881,259,0.161875,0.4905,1.09,1270.528958,1530.30888,-7217.777992,13712.27606,15.4952,1261,1519,1283,1543,6.8998,4.0302,20.6549,5.2622,2.5862,-2048.3183,1,0,0.2785,0.3933,259,,,,0,0,0.058761,0.060711,0.007362,0.146718,0.146718,0.009574,0.005418,0.005121,0.004767,0.005182,0.00208,0.003919,0.003707,259,1,0.5626,56.8385,0,13.760201,,,QUALIFIED,,0.434092,0.069127,0.598611,0.054095,FALSE,TRUE,S1_ONLY,no_data,,0.085879865,0.08588,S1_ONLY,0.002437,0.05081,0.030436,0.009711,0.040672,0,LOW_CONVERGENCE,4,1102,1150
6701,2219,1.386875,0.5779,1.67,1170.425417,2616.803966,19944.59914,16214.86458,25.7043,1128,2595,1208,2643,7.4113,4.3554,22.344,6.2494,3.4762,-2056.1412,1,0,0.7935,0.3892,2219,0.20845,0.203743,0.050036,1,1,0.025854,0.024495,0.006436,0.614691,0.614691,-0.00274,-0.004689,-0.00341,-0.001848,-0.000891,-0.004115,-0.008978,-0.006146,2219,1,33.734,87.2227,0,5.936855,,,QUALIFIED,,,,,,TRUE,TRUE,BOTH,normal_low,0.235616385,0.035241091,0.135429,BOTH,0,0,0,0,0.040629,0,LOW_CONVERGENCE,0,1104,1151
8193,839,0.524375,0.5205,1.68,1297.789035,1600.793802,-5455.654946,13030.77414,14.1261,1282,1573,1313,1625,5.814,3.0541,19.2447,5.0734,2.1429,-1912.1846,1,0,0.2487,0.3924,839,,,,0,0,0.056836,0.05453,0.012273,0.747318,0.747318,0.011964,0.005676,0.004157,0.005417,0.003544,0.001077,-0.005919,-0.005062,839,1,85.0522,75.7671,0,11.607756,,,QUALIFIED,,0.525577,-0.303103,0.696106,,FALSE,TRUE,S1_ONLY,no_data,,0.082917589,0.082918,S1_ONLY,0,0.059085,0.036851,0,0.040378,0,LOW_CONVERGENCE,3,1107,1152
24813,440,0.275,0.5034,1.65,3280.281818,2811.565909,24813.64773,-36531.54545,44.1626,3265,2800,3303,2823,4.8515,2.9588,15.5734,4.0341,1.8293,-906.4808,1,0,1,0,440,0.172684,0.170187,0.030955,1,1,0.056427,0.053956,0.010071,1,1,-8.90E-05,0.000371,-0.000987,-0.000445,-0.000774,-0.004592,-0.008089,-0.010279,440,1,128.0053,107.0997,0,10.908282,,,QUALIFIED,,,,,,TRUE,TRUE,BOTH,normal_low,0.185808148,0.082288201,0.134048,BOTH,0,0,0,0,0.040214,0,LOW_CONVERGENCE,0,1108,1153
4823,223,0.139375,0.606,1.44,908.9282511,1374.412556,-11115.1861,22752.29372,25.3215,899,1367,922,1383,9.2647,3.5746,17.8464,8.696,3.514,-3589.5742,1,0,1,0,223,0.195585,0.175996,0.064096,1,1,0.034571,0.034635,0.002282,1,1,0.0014,0.003675,0.000403,-0.000161,0.001327,0.001872,0.000264,-0.000863,223,1,-19.4926,68.1002,0,21.043883,,,QUALIFIED,,-1.625,,-0.410701,,TRUE,TRUE,BOTH,normal_low,0.217700404,0.048655203,0.133178,BOTH,0,0,0,0,0.039953,0,LOW_CONVERGENCE,2,1112,1154
1262,1446,0.90375,0.4159,1.07,390.3547718,2300.973029,12048.82573,35716.63071,37.6939,359,2276,420,2333,9.8409,4.3452,25.7732,8.449,3.3684,-8.6165,1,0.0007,0.0475,0.1788,1446,,,,0,0,0.08386,0.074312,0.027951,1,1,0.016205,0.016989,0.024793,0.025715,0.029286,0.025675,0.022586,0.021793,1446,1,67.2511,77.9602,0,17.018813,,,QUALIFIED,,-0.04838,-0.037188,0.123301,0.03511,FALSE,TRUE,S1_ONLY,no_data,,0.124503338,0.124503,S1_ONLY,0.001582,0.010466,0,0,0.039919,0,LOW_CONVERGENCE,4,1113,1155
13008,723,0.451875,0.5666,1.52,1799.412172,2949.031812,28250.2953,490.1957123,28.255,1784,2927,1813,2971,11.1047,3.2275,20.8244,9.5409,2.5144,-1343.1374,1,0,0.0044,0.054,723,0.173704,0.161061,0.063735,1,1,0.053922,0.052672,0.007512,1,1,-0.000402,-0.000929,-0.001553,-0.001462,-0.000816,0.001666,-0.006335,-0.006448,723,1,66.0189,90.6798,0,5.201562,,,QUALIFIED,,,,,,TRUE,TRUE,BOTH,normal_low,0.187228614,0.078433394,0.132831,BOTH,0,0,0,0,0.039849,0,LOW_CONVERGENCE,0,1114,1156
24164,575,0.359375,0.5977,1.42,3202.676522,1706.276522,-2818.586957,-34591.41304,34.7065,3185,1693,3222,1719,5.1005,3.2724,23.9728,3.9439,2.6103,-1836.6276,1,0,0.9016,0.2551,575,,,,0,0,0.048175,0.044944,0.016909,1,1,0.002724,0.001399,0.003518,0.003122,0.00515,0.001409,0.00346,0.003044,575,1,64.5725,120.1906,0,0.625,,,QUALIFIED,,0.486417,0.112564,0.726408,0.120231,FALSE,TRUE,S1_ONLY,no_data,,0.069589652,0.06959,S1_ONLY,0.005416,0.061657,0.034105,0.015813,0.039825,0,LOW_CONVERGENCE,4,1115,1157
5640,2185,1.365625,0.3276,1.98,1002.427002,1078.681465,-18508.46339,20414.82494,27.5552,941,1050,1056,1108,10.3658,4.4643,25.6876,8.9264,3.6341,-2821.5949,1,0.0005,1,0,2185,0.183879,0.180295,0.035876,0.835698,0.835698,0.03032,0.030196,0.002027,0.246224,0.246224,0.002875,0.001548,0.001192,0.001214,0.000709,0.001435,-0.00238,-0.001752,2185,1,-14.3965,65.3367,0,22.36898,,,QUALIFIED,,0.461565,-0.018456,,,TRUE,TRUE,BOTH,normal_low,0.201398463,0.042113573,0.121756,BOTH,0,0,0.032362,0,0.039763,0,LOW_CONVERGENCE,2,1117,1158
14873,420,0.2625,0.4575,1.26,2088.392857,3219.55,35013.25,-6734.321429,35.6556,2072,3207,2106,3234,7.8857,3.68,17.984,6.8688,2.6977,-557.5985,1,0,0.0551,0.203,420,0.183982,0.178267,0.048604,1,1,0.044202,0.041797,0.007789,1,1,0.000328,0.001029,-0.001233,0.000989,-0.000467,0.004285,-0.00432,-0.002,420,1,71.5812,82.9217,0,14.492498,,,QUALIFIED,,,,,,TRUE,TRUE,BOTH,normal_low,0.201541902,0.06347582,0.132509,BOTH,0,0,0,0,0.039753,0,LOW_CONVERGENCE,0,1118,1159
7231,463,0.289375,0.463,1.6,1194.904968,262.1857451,-38920.85637,15602.87581,41.9312,1183,241,1208,281,8.2904,4.036,20.3256,7.9016,3.64,3472.0008,1,0,0.0419,0.1576,463,0.18908,0.18855,0.052878,0.533477,0.533477,0.039441,0.038351,0.007545,1,1,0.088376,0.098358,0.137114,0.14,0.167906,0.172891,0.170507,0.176739,463,1,242.8669,107.6454,0,1.82363,,,QUALIFIED,,-0.112949,-0.021048,-0.029689,-0.03655,TRUE,TRUE,BOTH,normal_low,0.208641449,0.056149379,0.132395,BOTH,0,0,0,0,0.039719,0,LOW_CONVERGENCE,4,1119,1160
7023,657,0.410625,0.5549,1.16,1175.313546,2700.077626,22026.44064,16092.66134,27.279,1158,2683,1190,2720,4.6162,2.8952,12.5363,3.8456,2.1944,-2077.5067,1,0,0.9959,0.0542,657,0.206771,0.20533,0.031439,1,1,0.02293,0.022585,0.00351,1,1,-0.003963,-0.00381,-0.004123,-0.001941,-0.00507,-0.001996,-0.007771,-0.008688,657,1,33.734,87.2227,0,7.395015,,,QUALIFIED,,,,,,TRUE,TRUE,BOTH,normal_low,0.233278186,0.030741508,0.13201,BOTH,0,0,0,0,0.039603,0,LOW_CONVERGENCE,0,1120,1161
12790,204,0.1275,0.7083,1.12,1774.210784,3524.490196,42636.7549,1120.230392,42.652,1767,3516,1783,3534,5.8011,2.4975,13.2336,5.5485,2.2941,-1105.4363,1,0,0.1063,0.2555,204,0.188671,0.186238,0.063886,1,1,0.038452,0.037599,0.004606,1,1,0.000123,0.001892,-0.001142,0.001761,-0.001356,-0.005219,-0.012958,-0.012594,204,1,63.3495,86.7715,0,11.51347,,,QUALIFIED,,,,,,TRUE,TRUE,BOTH,normal_low,0.20807187,0.054627461,0.13135,BOTH,0,0,0,0,0.039405,0,LOW_CONVERGENCE,0,1121,1162
703,344,0.215,0.5309,1.12,258.4680233,2309.869186,12271.22965,39013.79942,40.8978,246,2296,270,2323,10.6016,3.6396,21.0857,9.5801,2.8124,-15.3451,1,0,0.0315,0.1534,344,0.134169,0.133679,0.037074,0.813953,0.813953,0.085663,0.081039,0.016101,1,1,0.09464,0.111185,0.154753,0.170518,0.200506,0.195797,0.211115,0.220336,344,1,67.2511,77.9602,0,17.892037,,,QUALIFIED,,-0.17482,-0.101872,0.023486,-0.043678,TRUE,TRUE,BOTH,normal_low,0.132171615,0.127277875,0.129725,BOTH,0,0.001993,0,0,0.039316,0,LOW_CONVERGENCE,4,1122,1163
13174,4021,2.513125,0.5142,1.69,1830.723701,3185.169361,34153.73402,-292.5925143,34.1555,1799,3130,1867,3245,10.1243,3.4232,25.5659,8.7533,2.5228,-1054.2533,1,0.0002,0.008,0.0829,4021,0.181662,0.175033,0.042744,0.924148,0.924148,0.044124,0.041437,0.010606,1,1,-0.011917,-0.000118,-0.001263,-0.000836,-0.001527,-0.001422,-0.005512,-0.000798,4021,1,66.0189,90.6798,0,10.29563,,,QUALIFIED,,,,,,TRUE,TRUE,BOTH,normal_low,0.198311038,0.06335579,0.130833,BOTH,0,0,0,0,0.03925,0,LOW_CONVERGENCE,0,1124,1164
12947,771,0.481875,0.3505,1.14,1783.352789,3576.411154,43934.77886,891.6802853,43.9443,1759,3554,1809,3598,6.3042,2.8212,18.4011,5.7182,2.2715,-1287.7354,1,0,0.0601,0.2202,771,0.174282,0.175041,0.043598,1,1,0.050565,0.039773,0.029937,1,1,-0.010667,-0.000339,-0.00081,-5.30E-05,-1.00E-05,-0.001129,-0.00776,0.001291,771,1,63.3495,86.7715,0,11.708357,,,QUALIFIED,,,,,,TRUE,TRUE,BOTH,normal_low,0.188033545,0.073267491,0.130651,BOTH,0,0,0,0,0.039195,0,LOW_CONVERGENCE,0,1125,1165
26164,248,0.155,0.5905,1.05,3587.96371,1567.895161,-6278.120968,-44223.59274,44.6674,3579,1558,3599,1579,10.9807,4.3377,25.0382,9.7512,2.2135,-2030.8655,1,0.004,1,0,248,0.191555,0.183564,0.043778,1,1,0.034838,0.032655,0.010653,1,1,-0.000853,0.000608,-0.001126,0.001602,-0.000686,0.001636,-0.001132,-3.10E-05,248,1,16.5674,112.9342,0,2.207374,,,QUALIFIED,,,,,,TRUE,TRUE,BOTH,normal_low,0.212088169,0.049066075,0.130577,BOTH,0,0,0,0,0.039173,0,LOW_CONVERGENCE,0,1126,1166
23721,748,0.4675,0.5844,1.25,3133.171123,1803.09893,-398.026738,-32853.77807,32.8567,3117,1784,3149,1824,5.062,2.8411,22.2311,3.8454,1.3152,-1804.8919,1,0,0.6006,0.4427,748,,,,0,0,0.079006,0.065526,0.038495,1,1,0.000637,0.001131,0.001242,0.000889,9.30E-05,-0.00127,-0.002077,0.001478,618,0.8262,73.237,102.5391,0.032086,0,0.003003,0.000692,QUALIFIED,,,0.284219,,,FALSE,TRUE,S1_ONLY,no_data,,0.117033784,0.117034,S1_ONLY,0,0,0,0.039927,0.039103,0,LOW_CONVERGENCE,1,1127,1167
7573,292,0.1825,0.553,1.09,1235.832192,1253.506849,-14137.82877,14579.69521,20.3081,1225,1244,1247,1268,5.0556,2.4214,12.1552,4.3466,1.6669,-1941.5988,1,0,0.2821,0.4196,292,,,,0,0,0.061295,0.06114,0.006715,1,1,-0.000268,0.000393,0.000134,0.002176,0.002796,0.000808,-0.008557,0.000797,292,1,0.5626,56.8385,0,20.554957,,,QUALIFIED,,,,0.711016,,FALSE,TRUE,S1_ONLY,no_data,,0.089779299,0.089779,S1_ONLY,0,0.060351,0,0,0.039004,0,LOW_CONVERGENCE,1,1128,1168
6876,326,0.20375,0.4324,1.12,1159.616564,2744.027607,23125.19018,16485.08589,28.3996,1150,2728,1176,2757,3.4591,1.5901,9.567,2.6096,0.8826,-2080.5618,1,0,1,0,326,0.205308,0.197915,0.032886,1,1,0.021464,0.021913,0.003787,0.555215,0.555215,0.000405,0.0009,-0.000858,0.001312,-0.002396,0.001009,-0.002909,-0.007118,326,1,33.734,87.2227,0,8.613398,,,QUALIFIED,,,,,,TRUE,TRUE,BOTH,normal_low,0.231240791,0.028485561,0.129863,BOTH,0,0,0,0,0.038959,0,LOW_CONVERGENCE,0,1129,1169
5328,770,0.48125,0.4923,1.35,980.0155844,2669.741558,21268.03896,20975.11039,29.8711,963,2648,997,2694,8.865,3.2337,21.86,7.4272,1.6722,-1537.2095,1,0,0.2936,0.4241,770,0.191444,0.18396,0.037548,0.77013,0.77013,0.033998,0.033262,0.006086,1,1,0.00018,-1.30E-05,-0.003181,0.000345,0.001716,0.00475,-0.004292,-0.009042,770,1,33.734,87.2227,0,10.03771,,,QUALIFIED,,,,-1.768065,,TRUE,TRUE,BOTH,normal_low,0.211933589,0.047773445,0.129854,BOTH,0,0,0,0,0.038956,0,LOW_CONVERGENCE,1,1130,1170
3229,325,0.203125,0.625,1.3,711.3753846,784.28,-25868.5,27691.11538,37.8936,698,776,724,796,5.742,2.6136,15.6051,4.9174,1.6116,-1124.6731,1,0,0.6956,0.4173,325,0.422688,0.425855,0.056452,0.08,0.08,0.08728,0.086355,0.009763,1,1,0.001704,0.001954,-0.001322,0.002157,-0.002213,-0.003007,-0.000322,-0.002138,325,1,80.591,99.4056,0,18.492313,,,QUALIFIED,,-0.146714,,,,FALSE,TRUE,S1_ONLY,normal_low,,0.129766188,0.129766,S1_ONLY,0,0,0,0,0.03893,0,LOW_CONVERGENCE,1,1131,1171
13470,1681,1.050625,0.4803,1.4,1883.283165,3150.05235,33275.80874,-1606.57912,33.3151,1860,3116,1910,3186,7.1077,3.4173,20.6961,6.0357,2.4526,-910.7107,1,0,0.1196,0.2918,1681,0.181059,0.178183,0.034716,1,1,0.042278,0.041432,0.009807,1,1,-0.001757,-0.000315,0.000836,0.001917,-0.001419,-0.001968,-0.002379,0.017442,1681,1,66.0189,90.6798,0,10.143625,,,QUALIFIED,,,,,,TRUE,TRUE,BOTH,normal_low,0.197471291,0.060515082,0.128993,BOTH,0,0,0,0,0.038698,0,LOW_CONVERGENCE,0,1134,1172
5401,608,0.38,0.4706,1.12,980.2878289,1050.684211,-19208.39474,20968.30428,28.4358,962,1035,1000,1069,7.2528,3.2309,16.8274,6.3589,2.317,-2885.9432,1,0,1,0,608,0.192386,0.191975,0.033186,0.439145,0.439145,0.031868,0.031762,0.001576,0.580592,0.580592,0.001318,0.002578,-0.000683,0.000928,0.00034,-0.003338,-0.005479,-0.004251,608,1,-14.3965,65.3367,0,21.862139,,,QUALIFIED,,-0.955994,,,,TRUE,TRUE,BOTH,normal_low,0.213245431,0.044495705,0.128871,BOTH,0,0,0,0,0.038661,0,LOW_CONVERGENCE,1,1135,1173
8305,300,0.1875,0.5848,1.42,1310.04,1423.886667,-9878.333333,12724.5,16.1081,1296,1415,1323,1434,3.864,1.8529,9.0012,2.8279,1.1555,-2059.4284,1,0,0.9743,0.1315,300,,,,0,0,0.086319,0.084841,0.012844,1,1,0.002527,0.003762,-0.001833,0.001599,-0.000315,-0.009259,-0.004926,-0.002025,300,1,0.5626,56.8385,0,15.976721,,,QUALIFIED,,-0.488722,,,,FALSE,TRUE,S1_ONLY,no_data,,0.128287358,0.128287,S1_ONLY,0,0,0,0,0.038486,0,LOW_CONVERGENCE,1,1137,1174
26152,379,0.236875,0.4785,1.38,3586.448549,1966.865435,3696.135884,-44185.71372,44.3406,3573,1955,3606,1979,8.1639,3.9991,20.4523,7.3397,3.5982,-810.5601,1,0,0.3827,0.4119,379,,,,0,0,0.082536,0.075013,0.024817,1,1,0.033276,0.040274,0.05556,0.059744,0.075071,0.072257,0.078744,0.073852,379,1,64.5725,120.1906,0.029024,0,0.003397,0.000214,QUALIFIED,,-0.210302,-0.075306,0.037485,0.062125,FALSE,TRUE,S1_ONLY,no_data,,0.122465907,0.122466,S1_ONLY,0.002799,0.003182,0,0,0.038216,0,LOW_CONVERGENCE,4,1140,1175
13632,266,0.16625,0.6115,1.93,1896.894737,3447.951128,40723.2782,-1946.868421,40.7703,1890,3434,1905,3463,5.4953,2.3386,11.882,4.9753,1.9196,-669.349,1,0,0.008,0.0628,266,0.13491,0.137968,0.049724,1,1,0.063323,0.056872,0.021421,1,1,0.001763,0.000719,-0.001467,-0.003045,-0.000901,0.000466,-0.00732,-0.000847,266,1,63.3495,86.7715,0,14.152076,,,QUALIFIED,,0.592172,,,,TRUE,TRUE,BOTH,normal_low,0.133203542,0.092900077,0.113052,BOTH,0,0,0.04152,0,0.038068,0,LOW_CONVERGENCE,1,1142,1176
17891,616,0.385,0.5404,1.27,2477.508117,2754.63961,23390.49026,-16462.20292,28.6035,2460,2739,2498,2769,4.1811,2.2348,12.2018,3.5851,1.7102,2218.0098,1,0,0.3965,0.4518,616,,,,0,0,0.085291,0.081837,0.017653,1,1,-0.002109,0.001794,-2.10E-05,0.000694,0.000708,-3.30E-05,-0.001282,0.002936,616,1,206.9462,82.5201,0,7.605919,,,QUALIFIED,,,,,,FALSE,TRUE,S1_ONLY,no_data,,0.126705425,0.126705,S1_ONLY,0,0,0,0,0.038012,0,LOW_CONVERGENCE,0,1143,1177
23911,306,0.19125,0.5204,1.33,3155.140523,1557.271242,-6543.718954,-33403.01307,34.0383,3145,1544,3166,1572,5.6667,3.4695,17.9783,4.2595,1.8648,-1807.9878,1,0,0.7834,0.3497,306,,,,0,0,0.08524,0.083911,0.018336,1,1,-0.000284,0.00028,0.000118,0.000572,-0.001178,-0.006411,-0.006075,-0.003213,306,1,62.9466,93.772,0,4.486925,,,QUALIFIED,,,,,,FALSE,TRUE,S1_ONLY,no_data,,0.126626944,0.126627,S1_ONLY,0,0,0,0,0.037988,0,LOW_CONVERGENCE,0,1144,1178
24330,190,0.11875,0.5322,1.24,3222.068421,2879.926316,26522.65789,-35076.21053,43.9756,3215,2870,3232,2891,6.5518,2.2268,14.3978,5.6688,0.9737,-695.7246,1,0,1,0,190,0.170866,0.169729,0.017069,1,1,0.048286,0.047604,0.00483,1,1,-0.008091,-0.005119,-0.005763,-0.005364,-0.004421,-0.009305,-0.008021,-0.009287,190,1,128.0053,107.0997,0,12.65,,,QUALIFIED,,,,,,TRUE,TRUE,BOTH,normal_low,0.183276375,0.069760463,0.126518,BOTH,0,0,0,0,0.037955,0,LOW_CONVERGENCE,0,1145,1179
13732,229,0.143125,0.5193,1,1919.174672,3487.017467,41699.93668,-2503.866812,41.7756,1908,3475,1929,3496,7.8114,2.446,14.0731,6.3531,1.4464,-720.6161,1,0,0.0225,0.1115,229,0.148909,0.146237,0.027765,1,1,0.067863,0.068599,0.010453,1,1,-0.000519,-0.000663,0.000177,0.000736,-0.001821,-0.001293,-0.001779,-0.010376,229,1,63.3495,86.7715,0,14.76476,,,QUALIFIED,,,,,,TRUE,TRUE,BOTH,normal_low,0.152698747,0.099886433,0.126293,BOTH,0,0,0,0,0.037888,0,LOW_CONVERGENCE,0,1146,1180
23777,180,0.1125,0.6618,1.06,3136.088889,1717.711111,-2532.722222,-32926.72222,33.0244,3128,1710,3144,1727,5.3133,3.5513,15.7468,3.7,1.2584,-1820.4229,1,0,0.5969,0.4318,180,,,,0,0,0.038423,0.030733,0.019857,1,1,0.002651,0.004855,0.004786,0.004581,0.010434,0.000518,0.004796,0.003102,180,1,73.237,102.5391,0,0.921954,,,QUALIFIED,,-0.831384,0.042833,0.950355,0.353211,FALSE,TRUE,S1_ONLY,no_data,,0.054582834,0.054583,S1_ONLY,0.015911,0.080666,0,0.006017,0.037883,0,LOW_CONVERGENCE,4,1147,1181
8350,310,0.19375,0.3846,1.19,1307.290323,1448.435484,-9264.612903,12793.24194,15.7949,1294,1433,1320,1464,3.8744,1.8865,10.083,2.7963,0.9046,-2055.5413,1,0,0.6466,0.414,310,,,,0,0,0.079498,0.080789,0.010291,1,1,0.003093,0.002006,0.000967,0.001728,0.000278,-0.008184,-0.003584,0.005612,310,1,0.5626,56.8385,0,15.25799,,,QUALIFIED,,0.351439,,,,FALSE,TRUE,S1_ONLY,no_data,,0.117790896,0.117791,S1_ONLY,0,0,0.024641,0,0.037801,0,LOW_CONVERGENCE,1,1148,1182
13611,272,0.17,0.5181,1.19,1902.283088,3337.1875,37954.1875,-2081.577206,38.0118,1892,3327,1917,3348,7.8362,4.3309,23.3164,7.1374,3.4323,-1175.3934,1,0,0.2026,0.367,272,0.160458,0.151359,0.052706,1,1,0.056546,0.05145,0.015736,1,1,-0.000406,0.001477,-0.002277,-0.001836,0.001823,0.005037,-0.001947,-0.000571,272,1,63.3495,86.7715,0,14.16973,,,QUALIFIED,,,,-1.763028,,TRUE,TRUE,BOTH,normal_low,0.168782048,0.082471324,0.125627,BOTH,0,0,0,0,0.037688,0,LOW_CONVERGENCE,1,1149,1183
16206,1436,0.8975,0.521,1.02,2240.208914,3439.112813,40502.32033,-10529.72284,41.8493,2215,3411,2267,3464,7.5138,4.7584,29.7742,6.3588,3.1943,-839.986,1,0.0132,0.0668,0.2293,1436,0.178065,0.172258,0.031035,1,1,0.039805,0.034981,0.0135,1,1,-0.000632,-3.10E-05,-0.001144,-0.000324,-0.002561,-0.000104,-0.011428,-0.014328,1436,1,71.5812,82.9217,0,20.86368,,,QUALIFIED,,,,,,TRUE,TRUE,BOTH,normal_low,0.193301805,0.056709518,0.125006,BOTH,0,0,0,0,0.037502,0,LOW_CONVERGENCE,0,1151,1184
23981,149,0.093125,0.5068,1.5,3166.14094,1747.248322,-1794.291946,-33678.02349,33.7263,3157,1742,3178,1756,3.3442,1.9149,9.2044,2.8004,0.93,-1821.3997,1,0,0.4486,0.4168,149,,,,0,0,0.053248,0.049542,0.014812,1,1,0.002176,0.003381,0.005418,0.003794,0.002861,0.001223,0.000127,-0.000749,149,1,73.237,102.5391,0.04698,0,0.002743,0.000635,QUALIFIED,,-0.553768,0.299742,0.572527,,FALSE,TRUE,S1_ONLY,no_data,,0.077396213,0.077396,S1_ONLY,0,0.048596,0,0.042108,0.037149,0,LOW_CONVERGENCE,3,1155,1185
16199,683,0.426875,0.4858,1.03,2241.090776,3466.366032,41183.65081,-10551.7694,42.5145,2222,3449,2260,3486,6.8137,2.9062,19.0253,5.6209,1.7028,-857.7589,1,0,0.0071,0.066,683,0.179352,0.175384,0.035002,1,1,0.036546,0.033734,0.010673,1,1,-0.000626,-0.000803,-0.001185,-0.000584,-0.00159,-2.00E-06,-0.010846,-0.014834,683,1,71.5812,82.9217,0,21.747471,,,QUALIFIED,,,,,,TRUE,TRUE,BOTH,normal_low,0.195094099,0.051694422,0.123394,BOTH,0,0,0,0,0.037018,0,LOW_CONVERGENCE,0,1157,1186
18169,957,0.598125,0.6135,1.03,2506.951933,2887.725183,26717.62957,-17198.29833,31.7751,2488,2867,2527,2907,6.4275,3.8762,19.6812,5.3282,2.8696,2480.1702,1,0,0.3046,0.4151,957,,,,0,0,0.082622,0.075976,0.02462,1,1,-0.000921,-0.00133,-0.001812,0.000421,-0.000199,0.000839,-0.010358,0.005534,957,1,224.1259,75.5495,0,10.865657,,,QUALIFIED,,,,,,FALSE,TRUE,S1_ONLY,no_data,,0.122598248,0.122598,S1_ONLY,0,0,0,0,0.036779,0,LOW_CONVERGENCE,0,1158,1187
4828,572,0.3575,0.4889,1.3,903.2097902,1132.765734,-17156.35664,22895.25524,28.6093,885,1120,924,1150,10.6087,4.4214,25.0501,8.898,3.3119,-2550.5048,1,0.0017,0.3799,0.441,572,0.17935,0.18512,0.040189,0.111888,0.111888,0.034586,0.033992,0.002388,1,1,0.000939,0.003379,0.000417,-0.001206,0.000362,-0.003357,-0.002955,0.002366,572,1,-14.3965,65.3367,0,24.344879,,,QUALIFIED,,,,,,TRUE,TRUE,BOTH,normal_low,0.195091314,0.048678286,0.121885,BOTH,0,0,0,0,0.036565,0,LOW_CONVERGENCE,0,1160,1188
13180,225,0.140625,0.4808,1.44,1831.791111,3216.222222,34930.05556,-319.2777778,34.932,1824,3203,1842,3229,3.5045,1.6003,9.5372,3.193,1.239,-1100.6263,1,0,0.0377,0.1599,225,0.165237,0.160446,0.025606,1,1,0.047241,0.044963,0.007485,1,1,-0.019843,-0.001051,-0.003428,0.000387,-0.003695,-0.00083,-0.007621,0.001409,225,1,63.3495,86.7715,0,11.718922,,,QUALIFIED,,,,,,TRUE,TRUE,BOTH,normal_low,0.17543735,0.06815237,0.121795,BOTH,0,0,0,0,0.036538,0,LOW_CONVERGENCE,0,1161,1189
23817,823,0.514375,0.5317,1.19,3156.301337,1786.410693,-815.2326853,-33432.03341,33.4425,3132,1768,3175,1804,6.7978,4.3643,24.5853,5.0554,2.2081,-1822.3633,1,0,0.5971,0.4405,823,,,,0,0,0.070139,0.06649,0.023471,1,1,0.000643,0.001873,0.002757,0.001696,0.0008,-0.003348,-0.003432,0.001129,823,1,73.237,102.5391,0.030377,0,0.003295,0.000637,QUALIFIED,,,0.384839,,,FALSE,TRUE,S1_ONLY,no_data,,0.103388845,0.103389,S1_ONLY,0,0,0,0.054062,0.036423,0,LOW_CONVERGENCE,1,1162,1190
24747,140,0.0875,0.6335,1.31,3278.385714,2870.971429,26298.78571,-36484.14286,44.9753,3271,2866,3288,2879,6.2949,2.6238,13.3949,5.6174,1.3655,-676.6734,1,0,1,0,140,0.153515,0.156697,0.021523,1,1,0.057165,0.055648,0.005467,1,1,-0.000326,0.000387,0.000105,-0.000441,-0.00134,-0.004368,-0.007851,-0.010187,140,1,128.0053,107.0997,0,12.566821,,,QUALIFIED,,,,,,TRUE,TRUE,BOTH,normal_low,0.159113128,0.083423869,0.121268,BOTH,0,0,0,0,0.03638,0,LOW_CONVERGENCE,0,1163,1191
1569,141,0.088125,0.8011,1.45,449.5106383,1180.042553,-15974.43617,34237.73404,37.7803,442,1175,458,1186,6.406,3.1069,17.455,5.6439,2.0251,-1034.7163,1,0,0.5262,0.4062,141,,,,0,0,0.074504,0.074943,0.010067,1,1,0.035879,0.030457,0.050158,0.049642,0.062399,0.072083,0.069626,0.059013,141,1,35.9271,86.4979,0,30.40849,,,QUALIFIED,,0.151119,0.010287,-0.155195,0.152429,FALSE,TRUE,S1_ONLY,no_data,,0.110105903,0.110106,S1_ONLY,0.006867,0,0.010596,0.001445,0.036296,0,LOW_CONVERGENCE,4,1164,1192
16090,136,0.085,0.4772,1.27,2220.492647,3504.625,42140.125,-10036.81618,43.3195,2211,3499,2230,3514,5.2257,1.7478,9.766,4.0951,0.5152,-882.1462,1,0,0.605,0.414,136,0.154029,0.14889,0.030101,1,1,0.054475,0.049219,0.023321,1,1,-0.001255,0.003893,-0.0007,-0.000638,-0.001155,-0.000611,-0.00137,-0.001226,136,1,71.5812,82.9217,0,22.299341,,,QUALIFIED,,,,,,TRUE,TRUE,BOTH,normal_low,0.159828931,0.079284375,0.119557,BOTH,0,0,0,0,0.035867,0,LOW_CONVERGENCE,0,1166,1193
18153,4109,2.568125,0.4211,1.45,2496.340959,2781.310294,24057.25736,-16933.02397,29.4197,2437,2744,2556,2826,9.3847,4.6595,29.661,7.9117,3.5226,2278.0206,1,0.0041,0.0693,0.2247,4109,,,,0,0,0.080136,0.073052,0.023119,1,1,-0.001323,0.000961,0.000717,0.001293,0.000585,0.001213,-0.00329,-0.00269,4109,1,206.9462,82.5201,0,8.038695,,,QUALIFIED,,,,,,FALSE,TRUE,S1_ONLY,no_data,,0.118772679,0.118773,S1_ONLY,0,0,0,0,0.035632,0,LOW_CONVERGENCE,0,1167,1194
12669,1052,0.6575,0.5479,1.2,1751.125475,3095.703422,31917.08555,1697.363118,31.9627,1730,3075,1770,3123,7.5143,3.2344,22.7703,6.6206,2.4351,-1445.0544,1,0,0.0185,0.1116,1052,0.153818,0.14478,0.040295,1,1,0.053047,0.050234,0.013838,0.958175,0.958175,0.00095,0.00041,-8.70E-05,-0.003913,-0.001694,0.000297,-0.002796,-0.003573,1052,1,66.0189,90.6798,0,8.10189,,,QUALIFIED,,,,,,TRUE,TRUE,BOTH,normal_low,0.15953509,0.077086905,0.118311,BOTH,0,0,0,0,0.035493,0,LOW_CONVERGENCE,0,1169,1195
24230,342,0.21375,0.4647,1.39,3202.201754,1731.22807,-2194.798246,-34579.54386,34.6496,3190,1716,3213,1748,5.6671,3.613,22.5473,4.6323,2.9901,-1828.8839,1,0,0.7709,0.3731,342,,,,0,0,0.045059,0.042932,0.006126,1,1,0.001111,0.002978,0.002331,0.002486,0.006002,0.000357,0.00435,0.013661,342,1,64.5725,120.1906,0.008772,0,0.002235,0.000729,QUALIFIED,,-1.680468,-0.066495,0.94052,-2.14046,FALSE,TRUE,S1_ONLY,no_data,,0.06479461,0.064795,S1_ONLY,0,0.079831,0,0,0.035405,0,LOW_CONVERGENCE,4,1170,1196
914,2896,1.81,0.4048,1.34,325.1495166,2281.319406,11557.48515,37346.76209,39.0939,288,2229,361,2327,10.6846,4.2472,27.3891,9.135,2.8847,-138.3762,1,0.0014,0.0044,0.0542,2896,,,,0,0,0.078806,0.069253,0.031387,1,1,0.055651,0.061215,0.094754,0.092187,0.117445,0.119515,0.1203,0.120925,2896,1,67.2511,77.9602,0,17.317116,,,QUALIFIED,,-0.09998,0.027091,-0.017625,-0.005195,FALSE,TRUE,S1_ONLY,no_data,,0.116726015,0.116726,S1_ONLY,0,0,0,0.003806,0.035398,0,LOW_CONVERGENCE,4,1171,1197
24503,1700,1.0625,0.483,1.16,3239.561176,1674.161765,-3621.455882,-35513.52941,35.6981,3213,1640,3268,1704,7.1496,4.8475,25.6545,5.8979,3.8377,-1817.017,1,0.0006,0.9933,0.0628,1700,,,,0,0,0.048022,0.045904,0.012607,1,1,0.00112,0.002226,-7.10E-05,0.001158,0.010122,0.001476,0.000668,-0.001512,1700,1,64.5725,120.1906,0,0.838153,,,QUALIFIED,,-0.9875,,0.854179,,FALSE,TRUE,S1_ONLY,no_data,,0.069354208,0.069354,S1_ONLY,0,0.072502,0,0,0.035307,0,LOW_CONVERGENCE,2,1172,1198
13098,141,0.088125,0.5508,1,1816.269504,3010.198582,29779.46454,68.76241135,29.78,1808,3003,1824,3019,8.4229,4.1614,18.6066,7.4262,2.5742,-1261.4911,1,0,0.0045,0.0338,141,0.153865,0.154545,0.035597,1,1,0.052086,0.050982,0.01067,1,1,0.000675,-0.000587,-0.000857,0.000582,-0.001606,-0.004279,-0.006944,-0.012472,141,1,66.0189,90.6798,0,6.999464,,,QUALIFIED,,,,,,TRUE,TRUE,BOTH,normal_low,0.159600543,0.075608075,0.117604,BOTH,0,0,0,0,0.035281,0,LOW_CONVERGENCE,0,1173,1199
18378,298,0.18625,0.5676,1.19,2531.785235,2710.979866,22298.99664,-17819.13087,28.5448,2518,2701,2543,2722,6.6944,3.7351,19.2108,5.675,2.3453,2286.0486,1,0,0.0481,0.1689,298,,,,0,0,0.079238,0.076098,0.013334,1,1,-0.000645,0.000894,-0.000324,0.00381,-0.000201,-0.00189,-0.010524,-0.001559,298,1,206.9462,82.5201,0,7.38093,,,QUALIFIED,,,,,,FALSE,TRUE,S1_ONLY,no_data,,0.117390796,0.117391,S1_ONLY,0,0,0,0,0.035217,0,LOW_CONVERGENCE,0,1175,1200
14895,496,0.31,0.5611,1.31,2077.947581,815.4395161,-25089.5121,-6473.189516,25.9108,2065,796,2091,830,8.2545,3.2952,26.6459,7.2943,1.8715,2202.676,1,0.004,0.0443,0.1631,496,,,,0,0,0.047352,0.045843,0.012027,1,1,0.005586,0.003833,0.002471,0.00272,0.003064,0.000822,0.001667,0.003175,496,1,202.389,88.4478,0,16.138037,,,QUALIFIED,,0.31382,-0.100769,0.731723,-0.904619,FALSE,TRUE,S1_ONLY,no_data,,0.068323182,0.068323,S1_ONLY,0,0.062108,0.022003,0,0.035119,0,LOW_CONVERGENCE,4,1176,1201
15250,1212,0.7575,0.5445,1.26,2103.856436,3394.15264,39378.31601,-7120.910891,40.0176,2076,3375,2129,3417,10.4829,3.5216,22.2017,8.9987,2.4146,-882.7463,1,0,0.526,0.4533,1212,0.127444,0.120652,0.041262,1,1,0.073441,0.071613,0.025695,1,1,-0.00214,0.003591,0.000313,-0.001917,-0.000402,0.001039,-0.002383,-0.002373,1212,1,71.5812,82.9217,0,18.3134,,,QUALIFIED,,,,,,TRUE,TRUE,BOTH,normal_low,0.122806285,0.108470111,0.115638,BOTH,0,0,0,0,0.034691,0,LOW_CONVERGENCE,0,1177,1202
1124,435,0.271875,0.6304,1.3,350.5632184,2264.88046,11146.51149,36711.41954,38.366,339,2250,362,2280,8.1227,3.7757,21.684,6.8475,2.4568,-128.5315,1,0,0.054,0.2033,435,,,,0,0,0.073227,0.067905,0.015084,1,1,0.011195,0.013047,0.018505,0.017174,0.024435,0.022824,0.021568,0.024342,435,1,67.2511,77.9602,0,18.450694,,,QUALIFIED,,-0.165431,0.071927,0.06593,-0.128616,FALSE,TRUE,S1_ONLY,no_data,,0.108140798,0.108141,S1_ONLY,0,0.005596,0,0.010104,0.034572,0,LOW_CONVERGENCE,4,1178,1203
13273,267,0.166875,0.489,1.24,1849.565543,3422,40074.5,-763.6385768,40.0823,1837,3411,1863,3432,8.8695,4.3867,22.9324,7.3767,2.9251,-755.8463,1,0,0.08,0.2312,267,0.10203,0.10115,0.025343,1,1,0.095073,0.085706,0.032664,1,1,-0.001109,0.001864,-0.000634,-0.000468,-0.00039,-0.001481,-0.006582,-0.005589,267,1,63.3495,86.7715,0,12.801758,,,QUALIFIED,,,,,,TRUE,TRUE,BOTH,normal_low,0.087414389,0.141758407,0.114586,BOTH,0,0,0,0,0.034376,0,LOW_CONVERGENCE,0,1179,1204
13043,2989,1.868125,0.5184,1.5,1813.654734,3137.742389,32968.05972,134.1316494,32.9688,1774,3111,1867,3173,10.7993,3.4586,27.4602,9.4097,2.6813,-1103.2738,1,0.001,0.0053,0.0599,2989,0.154717,0.146049,0.042114,1,1,0.046843,0.045706,0.008376,1,1,-0.005143,0.000756,-0.000452,-0.001258,-0.00205,-0.001889,-0.006638,-0.00799,2989,1,66.0189,90.6798,0,9.319402,,,QUALIFIED,,,,,,TRUE,TRUE,BOTH,normal_low,0.16078705,0.06753991,0.114163,BOTH,0,0,0,0,0.034249,0,LOW_CONVERGENCE,0,1180,1205
12422,256,0.16,0.5818,1.1,1726.996094,3128.644531,32740.61328,2300.597656,32.8218,1716,3119,1738,3139,6.1549,2.3691,13.4461,5.4898,1.6721,-1591.5623,1,0,0.0694,0.2287,256,0.121233,0.115102,0.029046,1,1,,,,0,0,0.000153,0.002404,-0.00153,0.000273,-0.003016,-0.002156,-0.008976,-0.003767,256,1,66.0189,90.6798,0,8.982553,,,QUALIFIED,,,,,,TRUE,FALSE,CPR_ONLY,normal_low,0.114156758,,0.114157,CPR_ONLY,0,0,0,0,0.034247,0,LOW_CONVERGENCE,0,1181,1206
13358,238,0.14875,0.5289,1.39,1858.504202,3440.361345,40533.53361,-987.105042,40.5461,1848,3430,1873,3448,9.0611,3.2311,22.4418,7.8863,1.496,-796.9067,1,0,0.0072,0.0677,238,0.109144,0.107278,0.01773,1,1,0.088035,0.090406,0.024514,1,1,-0.00124,0.000551,-0.000722,0.001036,-0.000125,-0.00544,-0.008136,-0.014949,238,1,63.3495,86.7715,0,13.094775,,,QUALIFIED,,,,,,TRUE,TRUE,BOTH,normal_low,0.097321446,0.130928016,0.114125,BOTH,0,0,0,0,0.034238,0,LOW_CONVERGENCE,0,1182,1207
1057,616,0.385,0.5789,1.36,339.6087662,1112.98539,-17650.86526,36985.28084,40.9806,324,1099,362,1127,7.3916,4.1723,21.4083,6.7486,3.95,-1505.4709,1,0,0.1048,0.2545,616,,,,0,0,0.076996,0.072798,0.018627,1,1,-0.002512,-0.000169,4.20E-05,3.60E-05,0.000796,-0.009904,-0.009925,-0.007872,616,1,46.1389,95.783,0,30.549601,,,QUALIFIED,,,,,,FALSE,TRUE,S1_ONLY,no_data,,0.113940705,0.113941,S1_ONLY,0,0,0,0,0.034182,0,LOW_CONVERGENCE,0,1183,1208
20907,354,0.22125,0.5673,1.08,2794.601695,2371.511299,13812.28249,-24389.54237,28.0298,2782,2361,2808,2385,9.966,4.7874,26.3172,8.3558,4.0438,-426.6537,1,0.0028,0.2688,0.4093,354,,,,0,0,0.076969,0.077404,0.02015,1,1,-0.000308,0.000153,0.000326,0.003134,0.004355,0.004388,-0.00104,-0.003786,354,1,150.2524,84.7415,0,0.090139,0.003192,0.001265,QUALIFIED,,,,-0.007577,,FALSE,TRUE,S1_ONLY,no_data,,0.113899156,0.113899,S1_ONLY,0,0,0,0,0.03417,0,LOW_CONVERGENCE,1,1184,1209
10065,205,0.128125,0.5632,1.86,1472.15122,595.2926829,-30593.18293,8671.719512,31.7978,1461,588,1487,602,9.491,4.0569,19.9721,8.5363,2.8038,1843.2804,1,0,0.0991,0.2314,205,,,,0,0,0.073429,0.073461,0.008533,1,1,0.039109,0.045789,0.063181,0.065329,0.079444,0.082873,0.085233,0.076182,205,1,162.995,83.983,0,6.911042,,,QUALIFIED,,-0.170805,-0.033998,-0.043162,0.106191,FALSE,TRUE,S1_ONLY,no_data,,0.108451645,0.108452,S1_ONLY,0.004784,0,0,0,0.033971,0,LOW_CONVERGENCE,4,1185,1210
6442,943,0.589375,0.5125,1.15,1102.194062,2728.126193,22727.65483,17920.64846,28.9431,1081,2708,1127,2748,7.609,3.5046,21.7415,6.5143,2.8874,-2013.2912,1,0,1,0,943,0.164114,0.154612,0.049971,1,1,0.020594,0.020031,0.003477,1,1,0.013979,0.009885,0.00913,0.00818,0.010535,0.010387,0.004047,0.004669,943,1,33.734,87.2227,0,9.327145,,,QUALIFIED,,0.292868,0.104053,0.014048,-0.153694,TRUE,TRUE,BOTH,normal_low,0.173873445,0.027146766,0.10051,BOTH,0,0.001192,0.020534,0.014617,0.033906,0,LOW_CONVERGENCE,4,1186,1211
1159,320,0.2,0.4923,1.04,348.671875,2333.259375,12855.98438,36758.70313,38.9417,334,2321,360,2346,7.9836,4.3258,27.5229,6.7757,2.4579,32.064,1,0.0031,0.0301,0.1361,320,,,,0,0,0.073645,0.071341,0.011607,1,1,0.016427,0.015803,0.019774,0.019064,0.027295,0.026589,0.021074,0.022079,320,1,67.2511,77.9602,0,16.836307,,,QUALIFIED,,0.037986,0.035906,0.025866,-0.047689,FALSE,TRUE,S1_ONLY,no_data,,0.108784035,0.108784,S1_ONLY,0,0.002195,0.002663,0.005044,0.033845,0,LOW_CONVERGENCE,4,1187,1212
8083,1193,0.745625,0.4453,1.21,1282.011735,1489.385583,-8240.860436,13425.20662,15.752,1255,1466,1312,1513,6.7933,3.6359,19.9967,5.488,2.6252,-2053.4988,1,0,0.4246,0.4574,1193,,,,0,0,0.064012,0.06251,0.0109,0.82062,0.82062,0.003706,0.002146,0.002609,0.002173,0.002491,0.003146,0.00183,0.002741,1193,1,0.5626,56.8385,0,14.415031,,,QUALIFIED,,0.420939,0.167114,-0.262947,-0.497814,FALSE,TRUE,S1_ONLY,no_data,,0.093960341,0.09396,S1_ONLY,0,0,0.029514,0.023476,0.033487,0,LOW_CONVERGENCE,4,1189,1213
18263,203,0.126875,0.6506,1.85,2512.714286,2821.906404,25072.1601,-17342.35714,30.4863,2507,2810,2520,2834,3.8884,1.9491,9.9573,3.7032,1.5538,2381.4217,1,0,0.0171,0.0928,203,,,,0,0,0.074656,0.070922,0.020166,1,1,-0.000856,-0.000528,-0.00116,0.000536,0.000949,0.004052,-0.007612,0.003173,203,1,224.1259,75.5495,0,9.605793,,,QUALIFIED,,,,,,FALSE,TRUE,S1_ONLY,no_data,,0.110339808,0.11034,S1_ONLY,0,0,0,0,0.033102,0,LOW_CONVERGENCE,0,1191,1214
24367,141,0.088125,0.5423,1.54,3227.042553,1665.085106,-3848.37234,-35200.56383,35.4107,3220,1654,3233,1674,9.0396,4.212,16.888,7.0257,2.1019,-1835.9313,1,0,1,0,141,,,,0,0,0.043657,0.04335,0.005479,1,1,0.001153,0.00129,0.000595,0.001003,0.007299,0.001251,0.00013,-0.003428,141,1,64.5725,120.1906,0,1.576587,,,QUALIFIED,,-0.11882,,0.828607,,FALSE,TRUE,S1_ONLY,no_data,,0.06263715,0.062637,S1_ONLY,0,0.070332,0,0,0.032858,0,LOW_CONVERGENCE,2,1192,1215
20893,712,0.445,0.5086,1.79,2790.002809,2409.047753,14750.69382,-24274.57022,28.4056,2774,2384,2802,2434,9.2017,4.807,22.3179,7.8087,3.6513,-454.238,1,0,0.2456,0.3983,712,,,,0,0,0.073321,0.072177,0.022113,1,1,-0.000431,-0.00042,0.000642,0.000944,0.002656,0.003135,-0.004418,-0.004709,712,1,206.9462,82.5201,0,0.45,0.003061,0.001416,QUALIFIED,,,,-0.180346,,FALSE,TRUE,S1_ONLY,no_data,,0.10828545,0.108285,S1_ONLY,0,0,0,0,0.032486,0,LOW_CONVERGENCE,1,1198,1216
18404,404,0.2525,0.5344,1.04,2524.282178,2743.25495,23105.87376,-17631.55446,29.0653,2511,2733,2539,2760,6.0676,3.6509,18.1832,4.9055,2.3254,2276.6786,1,0,0.0483,0.1764,404,,,,0,0,0.073083,0.070614,0.014781,1,1,-0.002617,0.001237,-0.000424,0.003152,4.80E-05,-0.000944,-0.016072,-0.001035,404,1,206.9462,82.5201,0,7.940757,,,QUALIFIED,,,,,,FALSE,TRUE,S1_ONLY,no_data,,0.107919204,0.107919,S1_ONLY,0,0,0,0,0.032376,0,LOW_CONVERGENCE,0,1199,1217
12935,232,0.145,0.4957,1.44,1801.271552,2814.215517,24879.88793,443.7112069,24.8843,1793,2800,1811,2826,10.8625,4.3102,21.0868,8.8917,2.937,-1147.5016,1,0,0.1022,0.2748,232,,,,0,0,0.072364,0.071335,0.017878,1,1,0.000538,-0.001948,-0.000601,-0.000931,0.000228,0.002356,-0.007136,-0.007013,232,1,66.0189,90.6798,0,2.213736,,,QUALIFIED,,,,,,FALSE,TRUE,S1_ONLY,no_data,,0.106812775,0.106813,S1_ONLY,0,0,0,0,0.032044,0,LOW_CONVERGENCE,0,1201,1218
18326,1345,0.840625,0.4186,1.24,2491.001487,2914.129368,27377.7342,-16799.53717,32.1218,2464,2889,2527,2940,9.2543,3.2905,26.2059,7.8542,2.1901,2520.5586,1,0.0007,0.2042,0.3846,1345,,,,0,0,0.072184,0.072353,0.011912,1,1,-0.000484,-0.000257,-0.001273,0.000271,-0.000614,-0.001163,-0.00534,-0.002449,1345,1,224.1259,75.5495,0,11.113983,,,QUALIFIED,,,,,,FALSE,TRUE,S1_ONLY,no_data,,0.106535783,0.106536,S1_ONLY,0,0,0,0,0.031961,0,LOW_CONVERGENCE,0,1202,1219
7561,202,0.12625,0.4951,1.41,1237.767327,1269.811881,-13730.20297,14531.31683,19.9912,1229,1258,1246,1282,3.7933,2.5008,22.2613,3.434,1.5662,-1918.0558,1,0,0.1297,0.2418,202,,,,0,0,0.068264,0.068284,0.01087,1,1,0.00174,0.001345,5.30E-05,0.000113,-2.00E-05,-0.000331,-0.007221,-0.004373,202,1,0.5626,56.8385,0,20.15952,,,QUALIFIED,,0.227011,,,,FALSE,TRUE,S1_ONLY,no_data,,0.10050351,0.100504,S1_ONLY,0,0,0.015917,0,0.031743,0,LOW_CONVERGENCE,1,1203,1220
2853,471,0.294375,0.5541,1.36,651.5541401,1838.679406,491.485138,29186.6465,29.1903,636,1826,670,1851,8.0215,3.6186,19.3238,6.947,2.5617,-576.6419,1,0,0.0327,0.1343,471,,,,0,0,0.067,0.064313,0.014103,1,1,0.029211,0.032966,0.042332,0.044432,0.056528,0.050685,0.054744,0.056621,471,1,49.6089,82.7432,0,18.112375,,,QUALIFIED,,-0.128547,-0.049608,0.103365,-0.034287,FALSE,TRUE,S1_ONLY,no_data,,0.09855841,0.098558,S1_ONLY,0,0.008774,0,0,0.031322,0,LOW_CONVERGENCE,4,1206,1221
22498,1098,0.68625,0.6867,1.05,2956.860656,2285.91439,11672.35974,-28446.01639,30.7483,2934,2266,2975,2305,7.5037,3.3789,17.7839,6.5682,2.6731,-80.1517,1,0,0.3693,0.4122,1098,,,,0,0,0.070696,0.067517,0.019905,1,1,0.00041,0.000145,-0.000202,0.000236,0.000964,0.000474,-0.003039,0.001106,1098,1,84.0064,107.1887,0.437158,0,0.001664,0.000585,QUALIFIED,,,,,,FALSE,TRUE,S1_ONLY,no_data,,0.104245981,0.104246,S1_ONLY,0,0,0,0,0.031274,0,LOW_CONVERGENCE,0,1207,1222
1191,210,0.13125,0.4565,1.15,366.147619,2320.742857,12543.07143,36321.80952,38.4263,357,2313,380,2333,4.4819,1.9974,9.3548,3.5978,1.173,52.9354,1,0,0.181,0.3362,210,,,,0,0,0.069827,0.067401,0.012265,1,1,0.018195,0.020067,0.026358,0.028611,0.034462,0.037309,0.026201,0.035004,210,1,67.2511,77.9602,0,17.117243,,,QUALIFIED,,-0.102885,-0.085477,-0.082613,-0.33598,FALSE,TRUE,S1_ONLY,no_data,,0.102908725,0.102909,S1_ONLY,0,0,0,0,0.030873,0,LOW_CONVERGENCE,4,1209,1223
3025,228,0.1425,0.38,1.5,664.7587719,1830.692982,291.8245614,28856.5307,28.8575,648,1824,678,1844,9.406,3.6931,18.6253,8.1962,2.5063,-586.686,1,0,0.1218,0.2851,228,,,,0,0,0.068083,0.070358,0.016346,1,1,0.023294,0.021924,0.028122,0.029813,0.03672,0.038681,0.03716,0.037783,228,1,49.6089,82.7432,0,18.026404,,,QUALIFIED,,0.058813,-0.060131,-0.053404,-0.016765,FALSE,TRUE,S1_ONLY,no_data,,0.100224979,0.100225,S1_ONLY,0,0,0.004124,0,0.03048,0,LOW_CONVERGENCE,4,1210,1224
7936,158,0.09875,0.462,1.06,1268.810127,1435.886076,-9578.348101,13755.24684,16.7609,1259,1428,1277,1447,3.6887,1.7079,9.5924,2.8266,0.8489,-2057.9494,1,0,0.7149,0.3799,158,,,,0,0,0.058843,0.060144,0.007114,1,1,-0.000898,0.002083,0.001328,0.004285,0.004688,0.00341,-0.000634,-0.004824,158,1,0.5626,56.8385,0,16.014934,,,QUALIFIED,,,-2.226657,0.272611,,FALSE,TRUE,S1_ONLY,no_data,,0.086006051,0.086006,S1_ONLY,0,0.023139,0,0,0.03043,0,LOW_CONVERGENCE,2,1211,1225
18154,518,0.32375,0.5059,1,2502.310811,2930.131274,27777.78185,-17082.27027,32.6106,2486,2914,2518,2946,10.1453,2.9875,18.3927,8.8787,2.1311,2557.8374,1,0,0.0717,0.2142,518,,,,0,0,0.068798,0.067294,0.009001,1,1,-0.001115,0.000369,-0.000812,-0.000315,0.000474,0.000593,-0.008267,0.006739,518,1,224.1259,75.5495,0,11.861729,,,QUALIFIED,,,,,,FALSE,TRUE,S1_ONLY,no_data,,0.101325253,0.101325,S1_ONLY,0,0,0,0,0.030397,0,LOW_CONVERGENCE,0,1212,1226
5853,532,0.3325,0.4124,1.43,1060.528195,2750.392857,23284.32143,18962.29511,30.0289,1039,2733,1082,2763,10.5409,4.005,23.0515,8.951,3.0817,-1873.4292,1,0,1,0,532,0.162081,0.153792,0.042833,1,1,0.021128,0.020502,0.003584,1,1,0.016308,0.022002,0.02599,0.029797,0.03117,0.032282,0.026833,0.025964,532,1,33.734,87.2227,0,8.736132,,,QUALIFIED,,-0.349154,-0.146479,-0.035675,0.032385,TRUE,TRUE,BOTH,normal_low,0.17104226,0.027968509,0.099505,BOTH,0.001459,0,0,0,0.030289,0,LOW_CONVERGENCE,4,1213,1227
6209,160,0.1,0.4444,1.11,1088.3875,2713.88125,22371.53125,18265.8125,28.8813,1080,2706,1098,2726,10.7157,3.3178,22.1781,9.4635,1.9978,-1986.0455,1,0,1,0,160,0.151044,0.153266,0.02212,0.9875,0.9875,0.0222,0.02204,0.003351,1,1,0.030692,0.019983,0.015127,0.015203,0.019049,0.019253,0.016778,0.016978,160,1,33.734,87.2227,0,9.599642,,,QUALIFIED,,0.348918,-0.005024,-0.010709,-0.01192,TRUE,TRUE,BOTH,normal_low,0.155671978,0.029618151,0.092645,BOTH,0,0,0.024464,0,0.03024,0,LOW_CONVERGENCE,4,1214,1228
11559,2862,1.78875,0.3545,1.7,1650.205451,2862.138365,26077.95912,4220.363732,26.4177,1602,2828,1719,2897,6.2162,3.3608,17.7723,5.2193,2.6371,-1836.5901,1,0,0.0304,0.144,2862,,,,0,0,0.055905,0.053481,0.012392,0.20615,0.20615,0.003339,0.001602,0.001479,0.001282,-0.000794,-0.003421,-0.005253,-0.007252,2753,0.9619,66.0189,90.6798,0,1.600781,,,QUALIFIED,,0.520216,0.133198,,,FALSE,TRUE,S1_ONLY,no_data,,0.081484924,0.081485,S1_ONLY,0,0,0.036475,0.018712,0.029964,0,LOW_CONVERGENCE,2,1218,1229
13290,264,0.165,0.4731,1.72,1856.125,2994.996212,29399.4053,-927.625,29.4146,1847,2982,1865,3013,11.0748,3.3651,21.0763,9.955,2.5426,-1139.9692,1,0,0.0018,0.0193,264,0.141417,0.132779,0.044084,1,1,0.040135,0.039612,0.005416,1,1,-0.015374,-0.006123,-0.008009,-0.008069,-0.004324,-0.009907,-0.015851,-0.012345,264,1,66.0189,90.6798,0,6.943432,,,QUALIFIED,,,,,,TRUE,TRUE,BOTH,normal_low,0.142265282,0.057217337,0.099741,BOTH,0,0,0,0,0.029922,0,LOW_CONVERGENCE,0,1219,1230
18317,794,0.49625,0.5401,1.2,2517.709068,2804.719144,24642.47859,-17467.2267,30.2059,2498,2788,2533,2830,8.7593,4.9745,23.7758,7.7864,4.4899,2346.4441,1,0,0.0156,0.0939,794,,,,0,0,0.066554,0.065408,0.011335,1,1,-0.000455,-0.000387,-0.001256,0.001169,1.60E-05,0.003432,-0.010645,-0.00105,794,1,224.1259,75.5495,0,9.056765,,,QUALIFIED,,,,,,FALSE,TRUE,S1_ONLY,no_data,,0.097872085,0.097872,S1_ONLY,0,0,0,0,0.029362,0,LOW_CONVERGENCE,0,1221,1231
1337,156,0.0975,0.5909,1.83,403.8653846,1176.820513,-16054.98718,35378.86538,38.8507,393,1171,415,1183,9.5628,4.9089,24.3157,8.6618,3.3396,-975.9956,1,0,0.1423,0.303,156,,,,0,0,0.066013,0.066274,0.004567,1,1,0.125024,0.137755,0.205621,0.205465,0.249495,0.248131,0.279029,0.287233,156,1,35.9271,86.4979,0,30.96605,,,QUALIFIED,,-0.101828,0.000759,0.005467,-0.029402,FALSE,TRUE,S1_ONLY,no_data,,0.09703957,0.09704,S1_ONLY,0,0.000464,0,0.000107,0.029216,0,LOW_CONVERGENCE,4,1222,1232
5077,715,0.446875,0.5675,1.4,937.4181818,940.5062937,-21962.84266,22040.04545,31.1141,923,918,953,960,6.9084,4.3411,25.6896,5.2207,2.1973,-2881.2349,1,0.0028,1,0,715,,,,0,0,0.030243,0.030296,0.001817,1,1,0.002198,0.002607,-0.000751,0.000971,0.001616,4.90E-05,-0.001513,-0.00037,715,1,-14.3965,65.3367,0,19.234247,,,QUALIFIED,,-0.186078,,0.969678,,FALSE,TRUE,S1_ONLY,no_data,,0.041995082,0.041995,S1_ONLY,0,0.082306,0,0,0.02906,0,LOW_CONVERGENCE,2,1223,1233
12520,140,0.0875,0.5469,1,1739.057143,623.4642857,-29888.89286,1999.071429,29.9551,1732,616,1748,632,7.413,3.2058,16.1678,7.4759,2.0843,2340.9151,1,0,0.1334,0.2773,140,,,,0,0,0.057215,0.054891,0.009066,1,1,0.012273,0.018778,0.0241,0.026309,0.032567,0.032146,0.034577,0.025616,140,1,197.9616,97.7418,0,8.615393,,,QUALIFIED,,-0.530025,-0.09166,0.012927,0.259161,FALSE,TRUE,S1_ONLY,no_data,,0.083500811,0.083501,S1_ONLY,0.011675,0.001097,0,0,0.028772,0,LOW_CONVERGENCE,4,1224,1234
10234,2474,1.54625,0.5687,1.29,1477.147534,1056.139854,-19072.00364,8546.811641,20.8988,1448,1021,1506,1096,10.5115,3.916,27.9511,9.2587,3.0758,-1060.7242,1,0.0024,0.0151,0.1038,2474,,,,0,0,0.038314,0.037699,0.005273,1,1,0.0049,0.003633,0.001822,0.002538,0.003018,0.001156,0.000183,-0.003407,2474,1,50.752,65.3557,0,17.491605,,,QUALIFIED,,0.258571,-0.392975,0.616965,,FALSE,TRUE,S1_ONLY,no_data,,0.0544151,0.054415,S1_ONLY,0,0.052368,0.01813,0,0.028611,0,LOW_CONVERGENCE,3,1225,1235
24030,338,0.21125,0.6389,1,3178.630178,1809.393491,-240.6627219,-33990.25444,33.9916,3168,1798,3191,1821,4.2572,2.6067,13.2095,3.0758,1.1125,-1798.747,1,0,0.6092,0.3883,338,,,,0,0,0.054793,0.058313,0.017216,1,1,-0.001827,-0.001275,0.004078,0.002818,0.000518,-0.002169,-0.003754,0.001182,248,0.7337,73.237,102.5391,0,0.025,0.003888,0.001062,QUALIFIED,,,0.308975,,,FALSE,TRUE,S1_ONLY,no_data,,0.079773728,0.079774,S1_ONLY,0,0,0,0.043405,0.028273,0,LOW_CONVERGENCE,1,1226,1236
5509,286,0.17875,0.4673,1.89,996.548951,2422.458042,15085.95105,20561.77622,25.5023,977,2414,1011,2432,5.904,3.5724,18.4141,4.9621,2.9038,-1877.1825,1,0,1,0,286,,,,0,0,0.058016,0.05755,0.015345,1,1,0.010966,0.006619,0.00621,0.007939,0.008671,0.008885,0.002819,0.002867,286,1,33.734,87.2227,0,9.078064,,,QUALIFIED,,0.396407,-0.278422,-0.02468,-0.017027,FALSE,TRUE,S1_ONLY,no_data,,0.084733426,0.084733,S1_ONLY,0,0,0.027794,0,0.028199,0,LOW_CONVERGENCE,4,1227,1237
23904,153,0.095625,0.6194,1.46,3148.248366,1809.888889,-228.2777778,-33230.70915,33.232,3142,1801,3155,1820,5.899,2.7354,13.7613,4.3743,1.2531,-1792.1522,1,0,0.8277,0.3331,153,,,,0,0,0.063241,0.061117,0.005421,1,1,-0.001026,0.002976,-0.000384,0.000765,-0.001457,-0.001535,-0.005521,0.001281,118,0.7712,73.237,102.5391,0.019608,0,0.003548,0.000693,QUALIFIED,,,,,,FALSE,TRUE,S1_ONLY,no_data,,0.092773891,0.092774,S1_ONLY,0,0,0,0,0.027832,0,LOW_CONVERGENCE,0,1228,1238
169,221,0.138125,0.5116,1.69,83.02262443,1591.004525,-5700.386878,43399.93439,43.7721,72,1583,99,1599,6.7318,4.1838,21.816,6.6845,3.8382,-3877.4711,1,0,1,0,221,,,,0,0,0.057102,0.05399,0.009385,1,1,0.003294,0.00211,-0.000996,0.00369,-0.006548,-0.005378,-0.006441,-0.018737,221,1,-34.341,89.0052,0,33.704636,,,QUALIFIED,,0.359441,,,,FALSE,TRUE,S1_ONLY,no_data,,0.083326921,0.083327,S1_ONLY,0,0,0.025202,0,0.027518,0,LOW_CONVERGENCE,1,1229,1239
21301,233,0.145625,0.4405,1,2831.703863,3014.27897,29881.47425,-25317.09657,39.1652,2821,3003,2844,3026,5.5743,3.0499,15.0895,4.7845,2.4142,2146.0146,1,0,0.1324,0.2792,233,,,,0,0,0.061726,0.061145,0.007735,1,1,0.000199,-0.000293,-1.60E-05,-0.013853,0.00645,0.007164,-0.005546,-0.007875,233,1,160.1585,85.0259,0,14.650085,,,QUALIFIED,,,,-0.110698,,FALSE,TRUE,S1_ONLY,no_data,,0.090442541,0.090443,S1_ONLY,0,0,0,0,0.027133,0,LOW_CONVERGENCE,1,1231,1240
5550,2388,1.4925,0.4901,1.55,995.368928,930.7416248,-22206.95938,20591.2768,30.2838,967,889,1023,976,8.8252,3.302,23.0978,7.6272,2.292,-2845.4797,1,0,1,0,2388,,,,0,0,0.026241,0.026359,0.002022,0.141122,0.141122,0.001002,0.003149,0.001839,0.002155,0.003325,0.000169,-0.000871,0.001437,2388,1,-14.3965,65.3367,0,18.335757,,,QUALIFIED,,-2.142715,-0.171833,0.949173,,FALSE,TRUE,S1_ONLY,no_data,,0.035836624,0.035837,S1_ONLY,0,0.080565,0,0,0.026864,0,LOW_CONVERGENCE,3,1232,1241
11955,206,0.12875,0.4661,1.53,1667.665049,1639.131068,-4497.223301,3783.873786,5.8766,1656,1630,1682,1647,9.2101,3.7117,23.5551,8.5943,2.7515,-579.067,1,0,0.121,0.295,206,,,,0,0,0.043232,0.040806,0.00876,1,1,0.009419,0.007322,0.00478,0.00711,0.009394,0.005706,0.007213,0.008664,206,1,87.7915,75.1252,0,8.007653,,,QUALIFIED,,0.222635,-0.487448,0.392591,-0.201165,FALSE,TRUE,S1_ONLY,no_data,,0.06198314,0.061983,S1_ONLY,0,0.033323,0.01561,0,0.02682,0,LOW_CONVERGENCE,4,1233,1242
23843,740,0.4625,0.5564,1.09,3143.728378,1831.891892,321.7972973,-33117.70946,33.1198,3123,1817,3161,1852,4.2322,2.9103,18.0152,3.5033,1.9016,-1770.6389,1,0,0.4445,0.4193,740,,,,0,0,0.060337,0.059746,0.009062,1,1,-0.000235,0.001788,0.000222,0.000658,-0.00108,-0.004042,-0.003685,0.000237,550,0.7432,73.237,102.5391,0.004054,0,0.003794,0.000774,QUALIFIED,,,,,,FALSE,TRUE,S1_ONLY,no_data,,0.088305085,0.088305,S1_ONLY,0,0,0,0,0.026491,0,LOW_CONVERGENCE,0,1234,1243
12130,404,0.2525,0.3741,1.2,1697.997525,2947.883663,28221.59158,3025.561881,28.3838,1685,2930,1715,2966,6.544,3.4715,19.1728,5.3699,2.4433,-1760.2858,1,0,0.1015,0.271,404,,,,0,0,0.047406,0.050079,0.008746,0.460396,0.460396,0.001473,0.0008,0.001433,0.001167,7.40E-05,-0.003679,-0.003487,-0.005173,404,1,66.0189,90.6798,0,4.301163,,,QUALIFIED,,0.456891,0.185625,,,FALSE,TRUE,S1_ONLY,no_data,,0.06840628,0.068406,S1_ONLY,0,0,0.032035,0.026077,0.026333,0,LOW_CONVERGENCE,2,1235,1244
23987,896,0.56,0.463,1.05,3160.625,1712.716518,-2657.587054,-33540.125,33.6457,3139,1689,3182,1734,3.9141,2.0731,16.5314,3.0507,1.2133,-1826.3365,1,0,0.652,0.4179,896,,,,0,0,0.036342,0.035525,0.00646,1,1,0.003143,0.003318,0.004339,0.004843,0.004348,0.001621,0.001569,0.002999,896,1,73.237,102.5391,0,0.4,,,QUALIFIED,,-0.055679,-0.116156,0.627185,-0.911409,FALSE,TRUE,S1_ONLY,no_data,,0.051380498,0.05138,S1_ONLY,0,0.053235,0,0,0.026061,0,LOW_CONVERGENCE,4,1236,1245
18700,1212,0.7575,0.4275,1.4,2558.433993,2706.640264,22190.5066,-18485.34983,28.882,2522,2687,2585,2732,8.5616,4.8958,28.3521,7.2822,3.716,2224.3529,1,0.0066,0.2695,0.4107,1212,,,,0,0,0.059403,0.056704,0.013924,1,1,0.000308,0.001406,0.001533,0.002501,0.001911,0.00392,-0.002781,-0.000437,1212,1,206.9462,82.5201,0,7.039398,,,QUALIFIED,,,-0.631442,-1.051282,,FALSE,TRUE,S1_ONLY,no_data,,0.086867804,0.086868,S1_ONLY,0,0,0,0,0.02606,0,LOW_CONVERGENCE,2,1237,1246
12252,387,0.241875,0.4607,1.46,1699.726098,1638.842377,-4504.440568,2982.347545,5.4016,1681,1627,1716,1651,4.0686,2.5121,15.2865,3.75,2.1217,-609.6948,1,0,0.1841,0.3364,387,,,,0,0,0.041843,0.039371,0.010648,1,1,0.009294,0.005684,0.004555,0.005052,0.005459,0.003845,-0.003619,-0.036576,387,1,87.7915,75.1252,0,7.900158,,,QUALIFIED,,0.388423,-0.109111,0.295659,,FALSE,TRUE,S1_ONLY,no_data,,0.059845685,0.059846,S1_ONLY,0,0.025095,0.027234,0,0.025696,0,LOW_CONVERGENCE,3,1239,1247
24445,588,0.3675,0.4667,1.03,3226.113946,1752.758503,-1656.537415,-35177.34864,35.2168,3209,1736,3244,1772,9.2306,4.3633,23.5551,6.979,2.0718,-1848.0477,1,0,0.7493,0.3891,588,0.143994,0.143828,0.025398,0.068027,0.068027,0.034702,0.034392,0.005352,1,1,0.002775,0.004267,0.002163,0.003701,0.012716,0.00446,0.002435,0.00832,588,1,64.5725,120.1906,0.246599,0,0.002062,0.000335,QUALIFIED,,-0.537658,-0.711049,0.649261,-2.416838,FALSE,TRUE,S1_ONLY,normal_low,,0.048856792,0.048857,S1_ONLY,0,0.055109,0,0,0.025679,0,LOW_CONVERGENCE,4,1240,1248
5205,1265,0.790625,0.3718,1.17,953.8766798,883.36917,-23391.27075,21628.583,31.8575,920,854,983,908,6.2674,3.2125,23.1607,5.1573,2.2093,-2795.9095,1,0,1,0,1265,,,,0,0,0.028854,0.02866,0.002331,0.968379,0.968379,0.000281,0.002832,0.000228,0.000707,0.001757,0.000387,0.000157,0.006351,1265,1,-14.3965,65.3367,0,17.613099,,,QUALIFIED,,,,0.779738,,FALSE,TRUE,S1_ONLY,no_data,,0.039857626,0.039858,S1_ONLY,0,0.066184,0,0,0.025194,0,LOW_CONVERGENCE,1,1242,1249
4227,194,0.12125,0.485,1,845.943299,2533.804124,17869.60309,24326.91753,30.1847,837,2524,857,2544,10.6555,3.0006,20.276,9.9704,2.4367,-1118.5295,1,0,1,0,194,,,,0,0,0.057173,0.054348,0.022168,1,1,0.025245,0.030354,0.039386,0.046871,0.053844,0.057437,0.057153,0.05681,194,1,33.734,87.2227,0,13.20949,,,QUALIFIED,,-0.202377,-0.190042,-0.06673,0.006001,FALSE,TRUE,S1_ONLY,no_data,,0.083436179,0.083436,S1_ONLY,0.00027,0,0,0,0.025112,0,LOW_CONVERGENCE,4,1243,1250
5320,3868,2.4175,0.4421,1.79,998.8495346,2590.585574,19289.13935,20504.26163,28.1513,966,2536,1036,2661,10.2292,4.1164,27.991,8.6824,3.0308,-1575.277,1,0.0008,0.9506,0.2004,3868,,,,0,0,0.046762,0.046013,0.01346,1,1,0.015439,0.013295,0.019634,0.021258,0.023865,0.02646,0.024713,0.018126,3868,1,33.734,87.2227,0,9.489633,,,QUALIFIED,,0.138869,-0.082714,-0.108737,0.26654,FALSE,TRUE,S1_ONLY,no_data,,0.067415263,0.067415,S1_ONLY,0.012007,0,0.009737,0,0.0248,0,LOW_CONVERGENCE,4,1246,1251
14734,537,0.335625,0.4972,1.2,2059.867784,770.8826816,-26203.43296,-6021.1946,26.886,2048,753,2078,789,5.1118,3.4125,20.8926,4.1381,1.9383,2053.2427,1,0,0.1206,0.2692,537,,,,0,0,0.035945,0.032653,0.010828,1,1,0.004691,0.00221,0.002476,0.001949,0.002263,0.001891,0.000415,-0.005303,537,1,117.2382,89.0249,0,15.325326,,,QUALIFIED,,0.528885,0.212843,0.164384,,FALSE,TRUE,S1_ONLY,no_data,,0.050769576,0.05077,S1_ONLY,0,0.013953,0.037083,0.0299,0.02472,0,LOW_CONVERGENCE,3,1247,1252
4909,295,0.184375,0.6556,1.39,920.2915254,2552,18324.5,22468.21186,28.9932,912,2540,930,2565,4.4009,2.4057,18.7238,3.5985,1.3527,-1428.744,1,0,1,0,295,,,,0,0,0.056334,0.051737,0.012463,1,1,-0.002783,0.000967,0.000331,0.000761,0.000498,-0.002427,0.000409,-0.000397,295,1,33.734,87.2227,0,11.877394,,,QUALIFIED,,,,,,FALSE,TRUE,S1_ONLY,no_data,,0.082145088,0.082145,S1_ONLY,0,0,0,0,0.024644,0,LOW_CONVERGENCE,0,1248,1253
5057,328,0.205,0.5485,1.13,943.0670732,965.1097561,-21347.7561,21898.82317,30.5817,931,955,954,981,5.825,4.378,29.4163,4.9822,3.4247,-2906.8707,1,0.0061,1,0,328,,,,0,0,0.03053,0.030468,0.001785,1,1,0.003232,0.002996,-0.000632,0.001123,0.003969,0.001342,-0.0003,0.000144,328,1,-14.3965,65.3367,0,20.088632,,,QUALIFIED,,0.07302,,0.66188,,FALSE,TRUE,S1_ONLY,no_data,,0.04243673,0.042437,S1_ONLY,0,0.05618,0.00512,0,0.024479,0,LOW_CONVERGENCE,2,1250,1254
23901,564,0.3525,0.5937,1.52,3156.609929,1732.322695,-2167.432624,-33439.74823,33.5104,3137,1719,3175,1744,4.4798,2.3296,12.3833,3.3718,1.1187,-1809.5923,1,0,0.406,0.4422,564,,,,0,0,0.03482,0.034508,0.004386,1,1,0.002252,0.004917,0.004257,0.004696,0.004149,0.001875,0.001584,0.003567,564,1,73.237,102.5391,0,0.176777,,,QUALIFIED,,-1.183393,-0.103124,0.548084,-1.251894,FALSE,TRUE,S1_ONLY,no_data,,0.049038376,0.049038,S1_ONLY,0,0.046521,0,0,0.024016,0,LOW_CONVERGENCE,4,1253,1255
135,360,0.225,0.4959,1.5,71.18611111,1576.302778,-6067.930556,43695.84722,44.1146,56,1566,89,1588,10.1411,3.435,19.2638,9.5475,2.7886,-3869.5239,1,0,1,0,360,,,,0,0,0.054699,0.051541,0.013576,1,1,0.001071,0.002631,-0.002012,0.001355,-0.000445,-0.00438,0.000324,-0.004696,360,1,-34.341,89.0052,0,34.088488,,,QUALIFIED,,-1.456583,,,,FALSE,TRUE,S1_ONLY,no_data,,0.079629077,0.079629,S1_ONLY,0,0,0,0,0.023889,0,LOW_CONVERGENCE,1,1254,1256
16316,303,0.189375,0.505,1.5,2261.957096,2907.168317,27203.70792,-11073.42739,29.3718,2253,2894,2273,2924,5.3231,2.7426,16.6057,4.831,1.907,751.2172,1,0,0.1218,0.2858,303,,,,0,0,0.054431,0.053594,0.006125,1,1,-0.001028,-0.001497,-0.000172,-0.00082,0.000802,0.000718,-0.005293,-0.009384,303,1,127.1508,86.7202,0,9.609696,,,QUALIFIED,,,,,,FALSE,TRUE,S1_ONLY,no_data,,0.079216666,0.079217,S1_ONLY,0,0,0,0,0.023765,0,LOW_CONVERGENCE,0,1255,1257
13631,285,0.178125,0.5938,1.88,1888.122807,3422.764912,40093.62281,-1727.570175,40.1313,1873,3415,1903,3431,10.1576,2.506,18.0792,8.8875,1.3118,-743.0592,1,0,0.0166,0.0794,285,0.078911,0.071166,0.03741,1,1,0.0699,0.061893,0.030191,1,1,-0.000244,-0.001656,-0.00107,-0.000605,0.001487,0.003827,-0.002933,0.000408,285,1,63.3495,86.7715,0,13.67644,,,QUALIFIED,,,,-1.573638,,TRUE,TRUE,BOTH,normal_low,0.055218543,0.103021061,0.07912,BOTH,0,0,0,0,0.023736,0,LOW_CONVERGENCE,1,1256,1258
5349,577,0.360625,0.4587,1.09,984.3760832,2596.60312,19439.57799,20866.09792,28.5182,962,2580,999,2614,4.4607,2.2474,13.5499,3.5774,0.9691,-1552.752,1,0,1,0,577,,,,0,0,0.05311,0.054482,0.014671,1,1,0.001264,0.001333,0.000452,0.000733,0.001711,0.006165,-0.002863,-0.007486,577,1,33.734,87.2227,0,10.574882,,,QUALIFIED,,-0.054589,,-2.603156,,FALSE,TRUE,S1_ONLY,no_data,,0.077183852,0.077184,S1_ONLY,0,0,0,0,0.023155,0,LOW_CONVERGENCE,2,1257,1259
9844,226,0.14125,0.5136,1.1,1450.787611,1457.362832,-9041.429204,9205.809735,12.9026,1442,1447,1462,1469,4.6505,2.295,11.4195,4.3698,1.8989,-1841.0912,1,0,0.6336,0.4561,226,,,,0,0,0.052791,0.051522,0.008262,1,1,-0.002081,0.001739,0.001282,0.001672,-0.000466,-0.002802,-0.008533,-0.0136,226,1,0.5626,56.8385,0,13.771188,,,QUALIFIED,,,-0.304212,,,FALSE,TRUE,S1_ONLY,no_data,,0.07669296,0.076693,S1_ONLY,0,0,0,0,0.023008,0,LOW_CONVERGENCE,1,1258,1260
16466,703,0.439375,0.4923,1.24,2284.176387,2940.307255,28032.18137,-11628.90967,30.3492,2266,2920,2300,2962,8.5592,2.8918,20.2887,7.4662,1.4991,789.9003,1,0,0.0094,0.068,703,,,,0,0,0.052755,0.052378,0.013814,1,1,0.000516,-0.00039,-0.000248,0.000702,-0.002652,-0.000679,-0.011191,-0.011559,703,1,127.1508,86.7202,0,10.385687,,,QUALIFIED,,,,,,FALSE,TRUE,S1_ONLY,no_data,,0.076637562,0.076638,S1_ONLY,0,0,0,0,0.022991,0,LOW_CONVERGENCE,0,1259,1261
11994,695,0.434375,0.4461,1.08,1673.574101,2888.945324,26748.13309,3636.147482,26.9946,1655,2873,1696,2911,7.1098,3.173,15.7939,5.7721,2.3376,-1825.7103,1,0,0.1016,0.2712,695,,,,0,0,0.048071,0.046152,0.006321,0.254676,0.254676,0.001744,0.003405,0.002583,0.003035,0.005156,0.004595,0.001114,0.002386,604,0.8691,66.0189,90.6798,0,2.729469,,,QUALIFIED,,-0.952408,-0.17499,0.108805,-1.141831,FALSE,TRUE,S1_ONLY,no_data,,0.069429612,0.06943,S1_ONLY,0,0.009235,0,0,0.022676,0,LOW_CONVERGENCE,4,1260,1262
123,2028,1.2675,0.466,1.06,72.02021696,1684.735207,-3357.119822,43674.99458,43.8033,36,1654,104,1718,10.5205,3.0869,25.419,9.2171,1.8901,-3575.3405,1,0.0005,1,0,2028,,,,0,0,0.049463,0.048784,0.004545,1,1,0.004773,0.00456,-0.000253,0.00465,-0.012915,-0.009099,-0.018093,-0.017699,2028,1,24.6404,85.2909,0,32.77027,,,QUALIFIED,,0.044626,,,,FALSE,TRUE,S1_ONLY,no_data,,0.071571684,0.071572,S1_ONLY,0,0,0.003129,0,0.021784,0,LOW_CONVERGENCE,1,1261,1263
3750,906,0.56625,0.5148,1.1,777.0165563,2265.657837,11165.94592,26050.08609,28.342,759,2245,799,2289,7.1973,4.0637,22.2212,5.8617,3.1693,-2122.8593,1,0,1,0,906,,,,0,0,0.033233,0.032842,0.003289,1,1,0.003738,0.001905,0.001783,0.001262,-0.001002,-0.001236,-0.004156,-0.000475,906,1,40.2924,84.9679,0,13.758566,,,QUALIFIED,,0.490369,0.292204,,,FALSE,TRUE,S1_ONLY,no_data,,0.046596229,0.046596,S1_ONLY,0,0,0.034382,0.041049,0.021522,0,LOW_CONVERGENCE,2,1262,1264
13883,215,0.134375,0.4977,1.33,1947.8,640.8604651,-29453.98837,-3219.5,29.629,1936,632,1960,650,10.6435,3.5313,22.3403,9.9536,2.2182,2998.0813,1,0,0.048,0.1662,215,,,,0,0,0.044981,0.044723,0.007926,1,1,0.041589,0.048634,0.06985,0.078545,0.090923,0.08647,0.080534,0.074624,215,1,197.9616,97.7418,0,11.444567,,,QUALIFIED,,-0.169396,-0.124481,0.048976,0.073385,FALSE,TRUE,S1_ONLY,no_data,,0.06467458,0.064675,S1_ONLY,0.003306,0.004157,0,0,0.021226,0,LOW_CONVERGENCE,4,1263,1265
23923,276,0.1725,0.5308,1.3,3155.119565,1686.467391,-3313.815217,-33402.48913,33.5669,3145,1673,3165,1699,5.3047,3.1245,16.6062,3.7271,1.2037,-1824.022,1,0,0.7662,0.3618,276,,,,0,0,0.047884,0.0388,0.014776,1,1,0.000289,0.00389,0.002767,0.004696,0.001851,0.002268,-0.002001,0.003412,276,1,73.237,102.5391,0,1.311726,,,QUALIFIED,,,-0.697145,-0.225284,,FALSE,TRUE,S1_ONLY,no_data,,0.069141848,0.069142,S1_ONLY,0,0,0,0,0.020743,0,LOW_CONVERGENCE,2,1264,1266
3291,203,0.126875,0.4903,1.28,718.3251232,2190.832512,9295.312808,27517.37192,29.0446,709,2179,727,2202,6.3664,4.1299,21.5543,4.7547,1.5282,-2109.7425,1,0,1,0,203,,,,0,0,0.047455,0.038331,0.019745,1,1,-0.000259,-0.000417,0.00119,0.001359,0.000982,-0.006423,-0.01056,-0.014228,203,1,40.2924,84.9679,0,15.450506,,,QUALIFIED,,,-0.142017,,,FALSE,TRUE,S1_ONLY,no_data,,0.068481683,0.068482,S1_ONLY,0,0,0,0,0.020545,0,LOW_CONVERGENCE,1,1265,1267
14234,961,0.600625,0.5448,1.36,1976.556712,626.3756504,-29816.10874,-3938.417794,30.0747,1951,608,2000,644,10.3888,4.3876,26.8636,8.8334,2.8039,3024.3521,1,0.0042,0.0389,0.1599,961,,,,0,0,0.042882,0.041983,0.008282,1,1,0.033197,0.047427,0.064559,0.066702,0.079567,0.075538,0.078642,0.074415,961,1,197.9616,97.7418,0,11.113618,,,QUALIFIED,,-0.428653,-0.033194,0.050637,0.05375,FALSE,TRUE,S1_ONLY,no_data,,0.061444545,0.061445,S1_ONLY,0.002421,0.004298,0,0,0.020019,0,LOW_CONVERGENCE,4,1266,1268
13517,372,0.2325,0.5299,2.17,1889.97043,623.5806452,-29885.98387,-1773.760753,29.9381,1870,614,1909,632,7.1528,3.4075,19.4868,6.5134,2.8292,3051.8301,1,0,0.0572,0.1888,372,,,,0,0,0.04572,0.041932,0.017854,1,1,0.139536,0.163649,0.237663,0.257684,0.309315,0.307583,0.31094,0.308727,372,1,197.9616,97.7418,0,10.320187,,,QUALIFIED,,-0.172808,-0.084241,0.005599,0.007117,FALSE,TRUE,S1_ONLY,no_data,,0.065811787,0.065812,S1_ONLY,0.000321,0.000475,0,0,0.019935,0,LOW_CONVERGENCE,4,1268,1269
10857,1233,0.770625,0.3943,1.11,1554.736415,1047.133009,-19297.17478,6607.089619,20.3963,1531,1014,1584,1073,7.5929,3.8162,28.1044,6.3794,2.4481,-959.2492,1,0.0016,0.1981,0.3554,1233,,,,0,0,0.039033,0.036347,0.013234,1,1,0.004705,0.00351,0.000438,0.000144,7.00E-05,-0.003,-0.007305,-0.010623,1233,1,50.752,65.3557,0,17.254076,,,QUALIFIED,,0.253985,,,,FALSE,TRUE,S1_ONLY,no_data,,0.05552153,0.055522,S1_ONLY,0,0,0.017808,0,0.018437,0,LOW_CONVERGENCE,1,1270,1270
24756,474,0.29625,0.6061,1.48,3271.537975,2551.07173,18301.29325,-36312.94937,40.6648,3255,2540,3289,2563,9.5713,3.8687,20.807,8.689,2.9988,-1495.0597,1,0,0.9914,0.0761,474,,,,0,0,0.042515,0.041713,0.006208,1,1,0.000837,-0.001578,-0.001524,0.000218,4.70E-05,-0.000641,-0.003191,-0.003693,474,1,130.151,122.7969,0,4.425,,,QUALIFIED,,,,,,FALSE,TRUE,S1_ONLY,no_data,,0.060879788,0.06088,S1_ONLY,0,0,0,0,0.018264,0,LOW_CONVERGENCE,0,1271,1271
3546,280,0.175,0.5458,1.42,752.0678571,2205.585714,9664.142857,26673.80357,28.3702,739,2196,766,2215,5.8736,3.0308,16.2071,4.7402,1.5824,-2118.8739,1,0,1,0,280,,,,0,0,0.033057,0.032465,0.002584,1,1,0.002536,0.005249,0.004519,0.0032,-0.000548,-0.001067,-0.004523,-0.00869,280,1,40.2924,84.9679,0,14.479231,,,QUALIFIED,,-1.069795,0.291879,,,FALSE,TRUE,S1_ONLY,no_data,,0.046325392,0.046325,S1_ONLY,0,0,0,0.041003,0.017998,0,LOW_CONVERGENCE,2,1272,1272
14524,226,0.14125,0.5664,1.11,2028.438053,3411.150442,39803.26106,-5235.451327,40.1467,2019,3402,2038,3423,5.2553,2.0361,12.302,5.0123,1.8191,-865.3428,1,0,0.0736,0.2059,226,0.086646,0.0857,0.029027,1,1,0.035839,0.036567,0.004338,1,1,-0.000938,-0.000398,0.000319,-0.001319,-0.001161,-0.004902,-0.006425,-0.001884,226,1,71.5812,82.9217,0,17.305852,,,QUALIFIED,,,,,,TRUE,TRUE,BOTH,normal_low,0.065990413,0.050606459,0.058298,BOTH,0,0,0,0,0.017489,0,LOW_CONVERGENCE,0,1273,1273
4751,926,0.57875,0.5238,1.53,902.7904968,1067.909287,-18777.76782,22905.73758,29.6182,880,1050,932,1084,9.8906,3.5397,26.2962,8.7487,2.585,-2595.3281,1,0.0054,1,0,926,,,,0,0,0.036759,0.036691,0.003604,1,1,0.00142,0.001054,-0.000243,-0.002671,-0.00319,-0.00542,-0.006812,-0.008479,926,1,-14.3965,65.3367,0,22.733194,,,QUALIFIED,,0.257746,,,,FALSE,TRUE,S1_ONLY,no_data,,0.052022196,0.052022,S1_ONLY,0,0,0.018072,0,0.017414,0,LOW_CONVERGENCE,1,1274,1274
5142,917,0.573125,0.5633,1.19,954.8800436,917.870229,-22528.74427,21603.49891,31.2124,938,896,975,940,6.1561,2.679,17.2566,5.0453,1.2263,-2857.9415,1,0,1,0,917,,,,0,0,0.028425,0.028294,0.002053,1,1,0.00153,0.002405,-0.001376,0.002074,0.003614,0.002593,0.000818,0.008492,917,1,-14.3965,65.3367,0,18.670917,,,QUALIFIED,,-0.571895,,0.282512,,FALSE,TRUE,S1_ONLY,no_data,,0.039197462,0.039197,S1_ONLY,0,0.023979,0,0,0.016555,0,LOW_CONVERGENCE,2,1275,1275
5478,131,0.081875,0.5746,1.58,1004.198473,2649.740458,20768.01145,20370.53817,29.0907,998,2640,1010,2659,6.2846,2.8526,16.1483,5.2667,1.4094,-1559.9963,1,0,0.5511,0.4412,131,,,,0,0,0.036232,0.03458,0.008956,1,1,0.076186,0.101917,0.132552,0.136455,0.163519,0.168168,0.173365,0.162465,131,1,33.734,87.2227,0,10.836541,,,QUALIFIED,,-0.337739,-0.029445,-0.028431,0.062873,FALSE,TRUE,S1_ONLY,no_data,,0.051211225,0.051211,S1_ONLY,0.002832,0,0,0,0.016213,0,LOW_CONVERGENCE,4,1276,1276
4807,251,0.156875,0.5363,1.44,906.1155378,1097.593625,-18035.65936,22822.61155,29.0881,898,1083,916,1109,6.4664,2.6829,16.0247,5.7232,1.6899,-2498.415,1,0,1,0,251,,,,0,0,0.037615,0.036274,0.00386,1,1,0.001993,0.002647,-0.00152,-0.002182,-0.00299,-0.008744,-0.006587,-0.002844,251,1,-14.3965,65.3367,0,23.483239,,,QUALIFIED,,-0.328149,,,,FALSE,TRUE,S1_ONLY,no_data,,0.053339448,0.053339,S1_ONLY,0,0,0,0,0.016002,0,LOW_CONVERGENCE,1,1277,1277
14454,344,0.215,0.6255,1.14,2011.892442,3211.209302,34804.73256,-4821.811047,35.1377,2000,3201,2025,3223,7.4625,3.1991,20.069,6.744,2.4309,-734.8964,1,0,0.0442,0.1679,344,0.03926,0.038218,0.008133,0.229651,0.229651,0.069313,0.073251,0.021614,1,1,-0.006621,-0.002956,-0.003993,-0.009872,-0.007656,-0.006105,-0.014788,-0.005637,344,1,71.5812,82.9217,0,13.586988,,,QUALIFIED,,,,,,TRUE,TRUE,BOTH,normal_low,0,0.102117759,0.051059,BOTH,0,0,0,0,0.015318,0,LOW_CONVERGENCE,0,1278,1278
4803,187,0.116875,0.6471,1,902.684492,1115.786096,-17580.84759,22908.3877,28.8763,895,1108,912,1125,8.0749,3.3142,15.2589,6.7531,2.1358,-2487.4535,1,0,0.6233,0.4469,187,,,,0,0,0.035261,0.034974,0.002048,1,1,0.000447,0.004347,-0.000299,-0.001843,-0.002328,-0.00764,-0.00516,-0.000877,187,1,-14.3965,65.3367,0,24.035924,,,QUALIFIED,,,,,,FALSE,TRUE,S1_ONLY,no_data,,0.049717006,0.049717,S1_ONLY,0,0,0,0,0.014915,0,LOW_CONVERGENCE,0,1279,1279
4798,1717,1.073125,0.4909,1.25,914.134537,1005.418171,-20340.04572,22622.13658,30.421,885,970,938,1036,9.8215,4.2963,24.2517,8.3822,3.1182,-2808.5065,1,0,1,0,1717,,,,0,0,0.033229,0.033467,0.003151,1,1,0.004213,0.004038,0.00018,0.001104,0.00011,-0.001969,-0.00124,-0.000314,1717,1,-14.3965,65.3367,0,20.628151,,,QUALIFIED,,0.041538,,,,FALSE,TRUE,S1_ONLY,no_data,,0.046590073,0.04659,S1_ONLY,0,0,0.002912,0,0.014268,0,LOW_CONVERGENCE,1,1280,1280
25118,373,0.233125,0.573,1.48,3333.158177,2359.839142,13520.47855,-37853.45442,40.1963,3319,2350,3350,2371,5.3386,2.7488,15.2843,4.534,1.7698,-2764.4915,1,0,1,0,373,,,,0,0,0.032912,0.032982,0.003832,1,1,0.000458,0.000347,-0.001735,-0.000669,-0.002388,-0.00796,-0.010295,-0.02194,373,1,66.8985,121.9192,0,0.025,,,QUALIFIED,,,,,,FALSE,TRUE,S1_ONLY,no_data,,0.046102259,0.046102,S1_ONLY,0,0,0,0,0.013831,0,LOW_CONVERGENCE,0,1281,1281
4989,233,0.145625,0.6813,1.06,938.416309,876.8497854,-23554.25536,22015.09227,32.2401,930,868,948,887,6.114,2.8534,18.3441,4.7774,1.3342,-2779.8688,1,0,1,0,233,,,,0,0,0.032074,0.03161,0.001945,1,1,0.004262,0.004112,0.000626,-0.001331,-0.000643,-0.001711,-0.001783,0.000184,233,1,-14.3965,65.3367,0,18.062426,,,QUALIFIED,,0.035195,,,,FALSE,TRUE,S1_ONLY,no_data,,0.044812707,0.044813,S1_ONLY,0,0,0.002468,0,0.013691,0,LOW_CONVERGENCE,1,1282,1282
5046,250,0.15625,0.4762,1.19,936.16,900.708,-22957.8,22071.5,31.846,924,891,949,912,4.4372,2.3767,12.3533,3.578,1.3328,-2813.9862,1,0,1,0,250,,,,0,0,0.031215,0.030923,0.002094,1,1,0.001872,0.004046,0.000548,-0.001022,0.000345,0.000414,-0.001698,-0.001322,250,1,-14.3965,65.3367,0,18.578078,,,QUALIFIED,,-1.161325,,,,FALSE,TRUE,S1_ONLY,no_data,,0.043490839,0.043491,S1_ONLY,0,0,0,0,0.013047,0,LOW_CONVERGENCE,1,1283,1283
15595,701,0.438125,0.5755,1.45,2170.453638,3011.323823,29807.59558,-8785.840942,31.0761,2156,2994,2185,3036,11.454,3.925,25.2872,9.9724,2.5257,60.422,1,0.0014,0.012,0.081,701,,,,0,0,0.028202,0.023486,0.011825,1,1,-0.001675,-0.001101,-0.001169,-0.000819,0.00028,-0.001526,-0.004452,-0.003298,701,1,127.1508,86.7202,0,11.180815,,,QUALIFIED,,,,,,FALSE,TRUE,S1_ONLY,no_data,,0.038854299,0.038854,S1_ONLY,0,0,0,0,0.011656,0,LOW_CONVERGENCE,0,1284,1284
15544,313,0.195625,0.5589,1.4,2152.268371,2994.396166,29384.40415,-8331.209265,30.5432,2139,2985,2167,3005,6.0203,2.7226,14.9123,5.1939,1.3823,72.2043,1,0,0.0778,0.2154,313,,,,0,0,0.025498,0.024919,0.004931,1,1,0.000535,-0.001908,-0.000308,-0.002024,0.000582,-0.003031,-0.000694,-0.001299,313,1,127.1508,86.7202,0,10.791113,,,QUALIFIED,,,,,,FALSE,TRUE,S1_ONLY,no_data,,0.034693262,0.034693,S1_ONLY,0,0,0,0,0.010408,0,LOW_CONVERGENCE,0,1285,1285
